0.21951,0.31707,0.63415,0.87805,0.95122,1,0.15145,0.31694,0.705,0.92011,0.97454,1
0,0.035714,0.19643,0.94643,1,1,0,0.032587,0.18532,0.96781,1,1
0,0.041667,0.16667,0.3125,0.75,0.875,0,0.041602,0.1623,0.27221,0.77093,0.87314
0.73737,1,1,0.9596,0.65657,0.65657,0.72841,1,1,0.97164,0.71514,0.71514
0.26923,0.40385,0.78846,1,1,0.96154,0.17842,0.26263,0.57294,1,1,0.96974
0,0.10811,0.21622,0.89189,0.97297,1,0,0.075608,0.13982,0.93889,0.97566,1
0.11429,0.28571,0.74286,0.94286,0.97143,0.94286,0.10374,0.33945,0.78687,0.95625,0.97177,0.95554
0.52055,0.68493,0.76712,0.94521,0.73973,0.71233,0.47811,0.61204,0.698,0.95621,0.75435,0.73117
0.10256,0.38462,0.58974,0.79487,0.84615,0.92308,0.09952,0.34472,0.6217,0.82434,0.86751,0.93106
0,0,0.23913,0.95652,1,1,0,0,0.20731,0.95412,1,1
0.21429,0.42857,0.83333,1,1,1,0.33569,0.50227,0.84503,1,1,1
0.04,0.1,0.3,0.64,0.9,0.98,0.071911,0.13389,0.31466,0.63449,0.87803,0.98808
0,0,0,0.38235,1,1,0,0,0,0.30805,1,1
0.020408,0.18367,0.77551,0.93878,0.93878,1,0.023659,0.21673,0.7575,0.93536,0.93536,1
0.037736,0.075472,0.20755,0.66038,0.86792,1,0.021114,0.038952,0.19621,0.56644,0.79978,1
0,0.020408,0.081633,0.55102,0.89796,1,0,0.072637,0.13234,0.61642,0.86816,1
0.1746,0.34921,0.71429,0.96825,1,0.98413,0.17831,0.31404,0.65968,0.9644,1,0.97705
0.044444,0.11111,0.4,0.95556,0.97778,0.97778,0.02809,0.10026,0.43042,0.95462,0.98142,0.98142
0.14516,0.25806,0.48387,0.87097,0.93548,0.96774,0.16458,0.26542,0.4975,0.895,0.94333,0.96625
0.022222,0.11111,0.35556,1,1,1,0.011893,0.10836,0.40866,1,1,1
0.018519,0.018519,0.055556,0.16667,0.59259,0.77778,0.070417,0.070417,0.10117,0.19992,0.67382,0.80939
0,0,0.020833,0.25,0.4375,1,0,0,0.014198,0.27654,0.43086,1
0.5122,0.53659,0.65854,0.70732,0.63415,0.60976,0.67971,0.6893,0.76997,0.6853,0.52676,0.45807
0.54795,0.67123,0.89041,1,0.93151,0.79452,0.66411,0.75206,0.91489,1,0.89248,0.72057
0.11538,0.21154,0.32692,0.42308,0.69231,0.82692,0.10961,0.19056,0.28035,0.38786,0.67707,0.79933
0.2381,0.42857,0.66667,1,0.92857,0.92857,0.35322,0.52965,0.77495,1,0.94954,0.94954
0,0.02,0.18,0.86,1,1,0,0.026549,0.17912,0.83434,1,1
0.60294,0.80882,0.91176,1,0.91176,0.83824,0.60954,0.8243,0.91432,1,0.91287,0.82936
0.17857,0.19643,0.25,0.98214,1,1,0.18228,0.19213,0.23492,0.98502,1,1
0.078947,0.42105,0.71053,0.92105,1,1,0.060579,0.36172,0.71203,0.92362,1,1
0,0,0.39394,0.90909,0.93939,1,0,0,0.22026,0.9356,0.9475,1
0.30769,0.46154,0.87179,1,0.87179,0.82051,0.41062,0.54016,0.88342,1,0.78821,0.74417
0.051282,0.10256,0.20513,0.79487,0.94872,0.94872,0.046653,0.089926,0.24273,0.76335,0.95335,0.95335
0.43333,0.51667,0.58333,0.76667,0.9,0.78333,0.47616,0.59207,0.6326,0.8084,0.88349,0.76222
0.03125,0.0625,0.1875,0.78125,1,1,0.026485,0.054575,0.17897,0.79213,1,1
0.098361,0.2459,0.44262,0.78689,0.91803,0.91803,0.18663,0.31267,0.58934,0.86011,0.90512,0.90512
0.46341,0.63415,0.65854,0.68293,0.56098,0.56098,0.44118,0.60956,0.65074,0.67721,0.58088,0.58088
0,0,0.075472,0.50943,0.86792,1,0,0,0.06453,0.44629,0.85387,1
0,0,0,0.66667,1,1,0,0,0,0.62721,1,1
0,0.11765,0.17647,0.52941,0.92157,1,0,0.094191,0.14274,0.54149,0.93278,1
0,0,0.13953,0.65116,0.90698,1,0,0,0.18913,0.69014,0.92354,1
0.09434,0.4717,0.90566,1,1,1,0.049788,0.40293,0.92011,1,1,1
0.032258,0.096774,0.19355,0.64516,0.91935,0.95161,0.031677,0.087113,0.21238,0.62419,0.91685,0.94276
0.30952,0.40476,0.52381,0.83333,0.97619,0.97619,0.39579,0.47056,0.53505,0.88037,0.98692,0.98692
0.018182,0.16364,0.34545,0.89091,0.92727,0.92727,0.017857,0.14742,0.31345,0.88716,0.92591,0.92591
0.47619,0.65079,0.93651,0.93651,0.90476,0.79365,0.50678,0.70644,0.94271,0.95966,0.87661,0.75898
0,0,0.125,0.525,0.85,0.9,0,0,0.12836,0.54917,0.91253,0.94203
0.30769,0.53846,0.78846,0.94231,1,0.94231,0.25851,0.5154,0.82415,0.94044,1,0.96475
0.47917,0.85417,0.95833,1,1,1,0.46082,0.83586,0.95485,1,1,1
0,0.083333,0.72917,0.97917,1,1,0,0.064758,0.73084,0.98678,1,1
0,0.0625,0.21875,0.96875,1,1,0,0.052632,0.17328,0.98219,1,1
0.025641,0.20513,0.38462,0.94872,1,1,0.029638,0.17069,0.43414,0.96323,1,1
0,0,0.2,0.6,0.95556,0.97778,0,0,0.15217,0.61755,0.95894,0.97182
0.42593,0.55556,0.7037,0.94444,0.81481,0.81481,0.38654,0.49209,0.62266,0.92292,0.84728,0.84728
0,0.068182,0.22727,0.75,0.90909,0.95455,0,0.050633,0.24473,0.79072,0.92616,0.9616
0,0,0,0.40909,0.88636,0.95455,0,0,0,0.4086,0.91443,0.96416
0,0,0.032258,0.25806,1,1,0,0,0.018239,0.23632,1,1
0.027027,0.081081,0.32432,1,1,1,0.023592,0.069705,0.36783,1,1,1
0,0,0.16667,0.59524,0.92857,1,0,0,0.14163,0.64163,0.91363,1
0,0.069767,0.37209,0.7907,1,1,0,0.054068,0.40105,0.8042,1,1
0,0.15,0.35,0.81667,1,1,0,0.22953,0.37033,0.84515,1,1
0,0,0.42857,1,1,1,0,0,0.38503,1,1,1
0,0,0.088889,0.66667,0.88889,0.95556,0,0,0.091033,0.65534,0.91486,0.97418
0,0,0.02,0.72,0.9,0.98,0,0,0.032306,0.76988,0.90855,0.98459
0,0,0.5,1,1,1,0,0,0.5887,1,1,1
0.775,0.95,1,1,0.9,0.7,0.79307,0.9548,1,1,0.92315,0.69161
0.095238,0.095238,0.47619,0.95238,0.97619,0.97619,0.096486,0.096486,0.47284,0.95144,0.97636,0.97636
0.74138,0.93103,0.94828,0.87931,0.62069,0.62069,0.71766,0.93087,0.95004,0.90143,0.63649,0.63649
0.26316,0.45614,0.64912,0.87719,0.84211,0.91228,0.24658,0.41781,0.58524,0.74505,0.72717,0.88318
0.019608,0.27451,0.76471,0.94118,1,1,0.013358,0.26624,0.76739,0.94334,1,1
0,0.019231,0.17308,0.80769,1,1,0,0.038625,0.20113,0.84315,1,1
0.44828,0.5,0.84483,1,0.96552,0.84483,0.35574,0.44182,0.86923,1,0.95752,0.86073
0,0.061224,0.26531,1,1,1,0,0.032719,0.28093,1,1,1
0,0.046512,0.60465,1,1,1,0,0.049311,0.64051,1,1,1
0.10204,0.16327,0.2449,0.87755,1,0.97959,0.069458,0.1313,0.18601,0.87441,1,0.98382
0,0,0,0.25,0.81818,0.86364,0,0,0,0.35172,0.81962,0.87477
0.24528,0.32075,0.69811,0.84906,1,1,0.19109,0.24918,0.55937,0.69748,1,1
0.04,0.04,0.28,0.46,0.58,1,0.034366,0.034366,0.25847,0.42498,0.53582,1
0.047619,0.047619,0.2381,0.90476,1,1,0.021668,0.021668,0.17661,0.89657,1,1
0.033333,0.1,0.16667,0.46667,0.8,0.96667,0.037599,0.10412,0.14389,0.51699,0.8149,0.98048
0,0.025641,0.33333,0.97436,1,1,0,0.021386,0.25235,0.98631,1,1
0,0.097561,0.2439,0.7561,1,1,0,0.083708,0.2118,0.74607,1,1
0,0.027027,0.054054,0.081081,0.10811,0.78378,0,0.023827,0.041698,0.059568,0.093075,0.79375
0.068966,0.17241,0.31034,0.96552,0.96552,1,0.054688,0.12326,0.27691,0.97656,0.97656,1
0,0.2807,0.61404,0.94737,0.96491,1,0,0.20463,0.55049,0.92559,0.959,1
0.40426,0.57447,0.89362,1,1,0.89362,0.39353,0.54663,0.90027,1,1,0.87763
0.047619,0.047619,0.11905,0.38095,0.83333,0.95238,0.035945,0.035945,0.10599,0.43134,0.86959,0.94194
0.046512,0.25581,0.90698,1,1,1,0.055255,0.28108,0.93453,1,1,1
0.064516,0.096774,0.41935,0.93548,1,1,0.061132,0.11547,0.42717,0.95094,1,1
0.56522,0.73913,0.84783,0.95652,0.93478,0.82609,0.54577,0.83799,0.92222,0.97679,0.9523,0.82596
0,0,0.35897,0.87179,1,1,0,0,0.45081,0.9173,1,1
0,0.14286,0.34286,1,1,1,0,0.1905,0.39625,1,1,1
0.5,0.5625,0.625,0.72917,0.66667,0.60417,0.48204,0.55529,0.67769,0.72732,0.64036,0.60586
0.056604,0.45283,0.49057,0.86792,1,1,0.040205,0.42178,0.44042,0.89072,1,1
0.021739,0.086957,0.41304,0.78261,0.97826,0.97826,0.013956,0.055824,0.3795,0.72571,0.98604,0.98604
0.025641,0.35897,0.61538,0.94872,0.94872,1,0.012488,0.41883,0.68156,0.94717,0.94717,1
0,0,0.11111,0.73333,0.93333,1,0,0,0.085714,0.75862,0.94483,1
0,0.018182,0.52727,0.92727,1,1,0,0.012532,0.58297,0.94425,1,1
0.052632,0.078947,0.76316,1,1,1,0.05225,0.082256,0.776,1,1,1
0.5,0.52778,0.72222,0.86111,0.83333,0.75,0.53444,0.54822,0.76234,0.88002,0.86625,0.71355
0.97561,1,1,0.85366,0.43902,0.2439,0.97387,1,1,0.76433,0.34892,0.21229
0.23077,0.25,0.25,0.42308,0.80769,0.84615,0.1793,0.202,0.202,0.40445,0.81616,0.85883
0,0.05,0.525,0.95,1,1,0,0.033067,0.4784,0.9424,1,1
0.21429,0.46429,0.71429,0.89286,0.96429,0.96429,0.18887,0.45726,0.67992,0.87773,0.95825,0.95825
0.9863,1,1,0.63014,0.30137,0.21918,0.99207,1,1,0.62414,0.28897,0.20655
0.12121,0.15152,0.39394,0.75758,0.87879,0.87879,0.20335,0.22008,0.53218,0.69176,0.77735,0.79665
0.022727,0.11364,0.38636,0.56818,0.75,0.97727,0.0081191,0.11028,0.36367,0.54702,0.7977,0.99019
0,0.025641,0.4359,0.79487,0.97436,1,0,0.019411,0.41453,0.78773,0.98435,1
0,0,0,0.96,1,1,0,0,0,0.95711,1,1
0.26923,0.38462,0.65385,0.96154,0.92308,0.92308,0.2666,0.38477,0.69727,0.9707,0.94531,0.94531
0.3,0.33333,0.56667,0.76667,0.93333,0.93333,0.31058,0.34038,0.57885,0.77692,0.92788,0.92788
0.045455,0.090909,0.59091,1,1,1,0.072826,0.10903,0.58302,1,1,1
0,0.019608,0.45098,0.96078,1,1,0,0.0088156,0.57877,0.95784,1,1
0.076923,0.17949,0.48718,1,0.97436,0.97436,0.10194,0.17796,0.50324,1,0.97466,0.97466
0.5102,0.71429,0.85714,1,0.79592,0.71429,0.59694,0.747,0.90575,1,0.6821,0.60976
0.025641,0.12821,0.20513,0.92308,1,1,0.023322,0.090433,0.24417,0.90957,1,1
0,0,0.020833,0.75,1,1,0,0,0.023335,0.73136,1,1
0.27083,0.6875,0.875,0.97917,0.97917,0.95833,0.27144,0.77125,0.9207,0.99009,0.99009,0.96836
0.34884,0.53488,0.74419,0.97674,0.95349,0.93023,0.31304,0.52645,0.74846,0.98401,0.96925,0.9551
0,0.13158,0.42105,0.94737,1,1,0,0.093858,0.37198,0.96894,1,1
0.018868,0.20755,0.56604,0.9434,1,1,0.0085238,0.13212,0.60325,0.94692,1,1
0,0.13208,0.41509,0.98113,1,1,0,0.12877,0.39756,0.98523,1,1
0,0,0.10417,0.77083,0.95833,1,0,0,0.073399,0.7669,0.97687,1
0,0,0.51724,1,1,1,0,0,0.46051,1,1,1
0,0,0.42308,0.46154,0.57692,0.84615,0,0,0.56496,0.5834,0.66052,0.86421
0,0,0.02381,0.11905,0.57143,0.90476,0,0,0.017694,0.093037,0.5839,0.92637
0.46552,0.65517,0.86207,0.89655,0.94828,0.89655,0.47327,0.66992,0.8782,0.90748,0.91818,0.8596
0.11628,0.2093,0.44186,0.60465,0.95349,0.90698,0.14051,0.21282,0.46056,0.57683,0.89647,0.87839
0.071429,0.10714,0.32143,0.67857,0.89286,0.92857,0.061931,0.095628,0.34882,0.71403,0.92077,0.95628
0,0,0.28571,0.77143,0.97143,1,0,0,0.19484,0.81235,0.98501,1
0.071429,0.30952,0.57143,0.95238,1,1,0.082234,0.25584,0.4802,0.9731,1,1
0,0,0.057143,0.34286,1,1,0,0,0.061151,0.26799,1,1
0.02381,0.071429,0.21429,0.47619,0.90476,0.97619,0.021825,0.069444,0.20767,0.47421,0.90807,0.9828
0,0,0.070175,0.92982,1,1,0,0,0.058373,0.92679,1,1
0.064516,0.19355,0.64516,1,1,1,0.034584,0.22601,0.77107,1,1,1
0.55556,0.68889,0.84444,0.97778,0.8,0.73333,0.55308,0.68427,0.82363,0.97115,0.80838,0.76647
0.15385,0.42308,0.46154,0.65385,0.65385,0.76923,0.14662,0.38722,0.44236,0.67043,0.67043,0.77569
0.16667,0.28571,0.57143,0.7619,0.97619,0.95238,0.16984,0.32357,0.55393,0.77404,0.97316,0.93997
0.06,0.24,0.4,1,1,1,0.031357,0.20662,0.34321,1,1,1
0,0,0.15789,0.57895,0.84211,0.97368,0,0,0.13205,0.58239,0.87246,0.9842
0.26786,0.42857,0.625,0.71429,0.75,0.76786,0.27353,0.43241,0.61217,0.68436,0.71656,0.76044
0.24444,0.28889,0.37778,0.88889,0.97778,0.91111,0.26375,0.34274,0.41843,0.91866,0.98166,0.92149
0.97222,0.97222,0.97222,0.83333,0.19444,0.19444,0.97895,0.97895,0.97895,0.83439,0.1529,0.1529
0.023256,0.046512,0.13953,0.7907,0.97674,0.97674,0.011699,0.030519,0.10427,0.80417,0.96948,0.96948
0,0,0,0.58696,0.95652,1,0,0,0,0.55375,0.97014,1
0.13462,0.19231,0.55769,0.75,0.88462,1,0.12025,0.22152,0.60316,0.77152,0.88386,1
0.31148,0.32787,0.34426,0.45902,0.78689,0.83607,0.39907,0.4064,0.41639,0.50033,0.76349,0.77482
0,0,0,0.36364,0.72727,0.93182,0,0,0,0.39004,0.70199,0.95378
0.32,0.38,0.64,0.88,0.9,0.88,0.35473,0.38639,0.61703,0.85837,0.86222,0.84339
0,0,0,0.80952,1,1,0,0,0,0.86214,1,1
0,0.10714,0.25,0.85714,1,1,0,0.079566,0.22875,0.87794,1,1
0,0,0,0.10256,0.87179,1,0,0,0,0.070349,0.88372,1
0.36364,0.36364,0.54545,0.5,0.5,0.5,0.22993,0.22993,0.61785,0.56005,0.56005,0.56005
0,0.026316,0.078947,0.86842,0.97368,0.97368,0,0.03351,0.071723,0.83186,0.96002,0.96002
0,0,0.16327,0.46939,0.87755,1,0,0,0.19055,0.48702,0.85981,1
0,0,0.086957,0.73913,1,1,0,0,0.15511,0.77806,1,1
0.25,0.47727,0.68182,0.84091,0.95455,0.95455,0.22611,0.37179,0.71579,0.88926,0.95032,0.952
0.090909,0.56818,0.68182,0.88636,1,1,0.096977,0.57844,0.69709,0.92242,1,1
0.020833,0.041667,0.22917,0.875,1,1,0.037267,0.049689,0.22408,0.88151,1,1
0,0,0,0.47727,0.95455,1,0,0,0,0.46404,0.96804,1
0.2,0.22222,0.44444,0.95556,1,0.97778,0.22839,0.24445,0.48317,0.97552,1,0.97628
0.02439,0.41463,0.78049,0.97561,1,1,0.022679,0.30404,0.77782,0.97342,1,1
0.15094,0.18868,0.32075,0.54717,0.67925,0.88679,0.14247,0.17387,0.29586,0.50888,0.67956,0.87938
0,0,0.028571,0.028571,0.91429,1,0,0,0.036476,0.036476,0.92361,1
0.14583,0.375,0.64583,0.9375,0.89583,0.89583,0.15167,0.40051,0.62442,0.91424,0.92311,0.92311
0.84615,0.88462,0.96154,0.69231,0.38462,0.34615,0.88066,0.89945,0.97017,0.77348,0.46851,0.39448
0.019231,0.019231,0.42308,0.61538,0.86538,0.88462,0.042772,0.042772,0.50962,0.67374,0.84649,0.86638
0,0.14286,0.19643,0.69643,0.96429,1,0,0.23461,0.29037,0.76851,0.97368,1
0,0,0,0.11111,0.55556,0.88889,0,0,0,0.13882,0.55283,0.914
0.09434,0.30189,0.67925,0.96226,1,1,0.11152,0.29342,0.6963,0.96461,1,1
0.20588,0.55882,0.94118,1,1,1,0.15276,0.46994,0.94724,1,1,1
0.44444,0.53333,0.53333,0.71111,0.88889,1,0.49515,0.56449,0.56449,0.69672,0.89043,1
0,0.081633,0.18367,0.95918,1,1,0,0.1055,0.20642,0.94699,1,1
0.072727,0.072727,0.63636,0.90909,1,1,0.04428,0.04428,0.64539,0.9203,1,1
0,0,0.11111,0.71111,0.97778,1,0,0,0.096607,0.66541,0.98633,1
0,0.023256,0.25581,0.32558,0.62791,0.83721,0,0.022857,0.54218,0.59765,0.79059,0.92571
0,0.022222,0.022222,0.28889,0.68889,0.88889,0,0.010466,0.010466,0.23977,0.64272,0.86156
0,0,0.041667,0.14583,0.9375,0.97917,0,0,0.022569,0.10981,0.93793,0.98958
0,0.06383,0.34043,0.51064,0.7234,0.93617,0,0.032007,0.36684,0.56422,0.79565,0.94953
0,0.15909,0.68182,1,1,1,0,0.14116,0.64694,1,1,1
0,0,0.071429,0.66667,0.88095,0.90476,0,0,0.077236,0.62398,0.89512,0.92439
0.022222,0.088889,0.42222,1,1,1,0.022529,0.10345,0.44414,1,1,1
0.03125,0.10938,0.34375,1,1,1,0.022727,0.12644,0.39277,1,1,1
0,0,0,0.6087,0.97826,0.97826,0,0,0,0.70968,0.98701,0.98701
0,0.098039,0.23529,0.68627,0.88235,1,0,0.0762,0.19311,0.75331,0.89144,1
0,0.21311,0.32787,0.7541,1,1,0,0.26051,0.38916,0.78505,1,1
0.044444,0.066667,0.22222,0.68889,0.71111,0.91111,0.046223,0.065389,0.21195,0.71815,0.73788,0.92221
0,0.032258,0.048387,0.1129,0.37097,0.80645,0,0.0324,0.042,0.1048,0.3632,0.8348
0.088889,0.088889,0.088889,0.75556,1,1,0.081839,0.081839,0.081839,0.74943,1,1
0.40541,0.45946,0.75676,0.94595,0.94595,0.91892,0.53494,0.58415,0.81348,0.97195,0.88337,0.87205
0.027778,0.027778,0.27778,0.94444,0.97222,0.97222,0.019394,0.019394,0.31758,0.94182,0.98061,0.98061
0,0,0.33333,0.97778,1,1,0,0,0.37565,0.9904,1,1
0,0,0.8,1,1,1,0,0,0.76871,1,1,1
0.54386,0.68421,0.91228,0.82456,0.66667,0.61404,0.63142,0.72823,0.92302,0.80288,0.58437,0.54316
0.25,0.33333,0.45833,0.91667,1,1,0.27306,0.33948,0.42312,0.90037,1,1
0.69565,0.78261,0.97826,0.95652,0.73913,0.56522,0.65514,0.79527,0.9768,0.95132,0.76433,0.56688
0,0.040816,0.38776,0.65306,0.97959,1,0,0.024914,0.54925,0.75278,0.97815,1
0.096154,0.19231,0.42308,0.73077,0.96154,1,0.1482,0.21521,0.52792,0.79983,0.97509,1
0.023256,0.23256,0.44186,0.97674,1,1,0.025347,0.3066,0.47431,0.98368,1,1
0.02,0.02,0.28,0.66,0.92,1,0.01697,0.01697,0.29091,0.62788,0.93778,1
0.025,0.15,0.85,0.975,1,1,0.028605,0.21074,0.88033,0.97898,1,1
0,0,0.14286,0.77143,1,1,0,0,0.12867,0.77601,1,1
0,0.025641,0.051282,0.69231,1,1,0,0.010597,0.031792,0.67486,1,1
0,0.18,0.24,0.46,0.9,0.98,0,0.17179,0.21156,0.44168,0.89024,0.97402
0.035714,0.071429,0.28571,0.82143,1,1,0.023449,0.046142,0.35552,0.88502,1,1
0,0,0,0.89189,0.97297,1,0,0,0,0.89533,0.96933,1
0.066667,0.13333,0.24444,0.75556,0.91111,0.95556,0.1045,0.17218,0.27408,0.80922,0.92562,0.97769
0.015152,0.12121,0.74242,1,1,1,0.0098135,0.10762,0.74223,1,1,1
0.027778,0.44444,0.69444,1,1,1,0.022676,0.51757,0.71825,1,1,1
0.8,0.85455,0.92727,0.85455,0.63636,0.52727,0.80951,0.84247,0.94481,0.79571,0.49713,0.42622
0,0.092593,0.12963,0.62963,0.94444,1,0,0.10389,0.12416,0.55405,0.95946,1
0,0.038462,0.076923,0.5,0.80769,1,0,0.071163,0.10409,0.48964,0.8444,1
0.023256,0.023256,0.46512,0.76744,1,1,0.020323,0.020323,0.47639,0.79976,1,1
0.32727,0.49091,0.50909,0.74545,0.81818,0.83636,0.25758,0.38959,0.39818,0.70593,0.8798,0.9026
0.22,0.48,0.96,1,1,1,0.20545,0.4667,0.94939,1,1,1
0.018868,0.20755,0.73585,0.90566,1,1,0.0098765,0.21276,0.74691,0.90206,1,1
0.051282,0.28205,0.58974,0.92308,1,1,0.043638,0.37529,0.65411,0.9458,1,1
0.27778,0.33333,0.55556,0.77778,0.92593,0.85185,0.22621,0.31109,0.57769,0.79192,0.91923,0.84497
0.30233,0.48837,0.5814,0.97674,0.97674,0.97674,0.30167,0.45078,0.54634,0.98733,0.98561,0.98561
0.27027,0.28378,0.48649,0.54054,0.83784,0.87838,0.22737,0.23433,0.41326,0.46927,0.81169,0.85649
0,0,0.034483,0.65517,0.93103,0.96552,0,0,0.022222,0.65556,0.92821,0.96496
0,0.02381,0.095238,0.35714,0.57143,0.7619,0,0.013897,0.085047,0.38521,0.57921,0.75042
0.04918,0.14754,0.39344,0.65574,0.7541,0.80328,0.046265,0.18265,0.41108,0.68337,0.78072,0.82169
0,0.14286,0.33333,0.97619,1,1,0,0.14109,0.29221,0.98583,1,1
0,0,0.18519,0.66667,0.7037,1,0,0,0.15561,0.71019,0.74125,1
0,0,0.71429,0.85714,1,1,0,0,0.61977,0.72243,1,1
0.375,0.4375,0.5,1,1,1,0.40074,0.44712,0.51948,1,1,1
0,0,0.65,0.95,0.95,1,0,0,0.51189,0.97703,0.97703,1
0,0,0.17647,0.76471,1,1,0,0,0.17061,0.76858,1,1
0.2,0.2,0.6,1,1,1,0.1658,0.1658,0.69948,1,1,1
0,0,0.15556,0.86667,0.95556,0.97778,0,0,0.11787,0.88268,0.9523,0.98629
0.11538,0.11538,0.30769,0.96154,0.88462,0.88462,0.07128,0.07128,0.2346,0.98062,0.92872,0.92872
0.083333,0.33333,0.75,1,1,1,0.074866,0.20856,0.67914,1,1,1
0,0,0.23077,0.96154,1,1,0,0,0.26292,0.96736,1,1
0.1,0.4,0.6,0.7,0.9,1,0.08169,0.51268,0.66479,0.73239,0.91549,1
0.14815,0.40741,0.88889,1,0.96296,0.96296,0.16855,0.39748,0.89308,1,0.92956,0.92956
0.069767,0.30233,0.55814,0.90698,1,1,0.04918,0.22778,0.52847,0.93399,1,1
0,0.042553,0.19149,0.42553,0.91489,0.95745,0,0.057016,0.18067,0.46353,0.93817,0.96964
0,0,0,0.82143,1,1,0,0,0,0.81126,1,1
0.026316,0.052632,0.052632,0.52632,0.89474,1,0.011847,0.021501,0.021501,0.45941,0.80649,1
0.2,0.2,0.6,1,1,1,0.18033,0.18033,0.59016,1,1,1
0.019231,0.019231,0.38462,0.98077,1,1,0.0094659,0.0094659,0.31237,0.98715,1,1
0.16667,0.75,0.91667,1,1,1,0.064858,0.86439,0.96344,1,1,1
0,0.052632,0.94737,1,1,1,0,0.059794,0.95258,1,1,1
1,1,1,1,1,1,1,1,1,1,1,1
0,0.17647,0.91176,1,1,1,0,0.14674,0.91149,1,1,1
0.16,0.44,0.8,0.8,0.84,0.84,0.30534,0.54943,0.85564,0.69904,0.72441,0.72441
0.1875,0.5,0.8125,1,1,1,0.18075,0.4833,0.8055,1,1,1
0,0.125,1,1,1,1,0,0.12205,1,1,1,1
0.41176,0.47059,0.52941,0.76471,1,1,0.375,0.41935,0.56317,0.73253,1,1
0,0.2,0.26667,0.46667,0.86667,1,0,0.15658,0.20285,0.47331,0.85409,1
0.5,0.5,0.5,1,1,1,0.44,0.44,0.44,1,1,1
0,0,0.66667,1,1,1,0,0,0.62642,1,1,1
0.28571,0.58929,0.82143,0.91071,0.96429,0.96429,0.25957,0.54426,0.76794,0.85447,0.9693,0.9693
0,0,0.24444,0.4,0.6,1,0,0,0.33207,0.51026,0.65065,1
0,0,0.10526,0.96491,0.96491,0.96491,0,0,0.095317,0.94488,0.94488,0.94488
0.33333,0.33333,0.66667,1,1,1,0.30263,0.30263,0.68421,1,1,1
0.076923,0.076923,0.58974,1,0.97436,0.97436,0.10748,0.10748,0.61828,1,0.9446,0.9446
0.14286,0.38095,0.52381,0.61905,0.61905,0.71429,0.1396,0.37749,0.49003,0.58832,0.58832,0.68946
0.33333,0.33333,1,1,1,1,0.51282,0.51282,1,1,1,1
0.2,0.5,0.5,0.7,1,1,0.31014,0.6,0.6,0.76232,1,1
0,0.027778,0.27778,0.88889,1,1,0,0.016667,0.20147,0.79608,1,1
0.32,0.44,0.68,1,1,1,0.35432,0.44938,0.6358,1,1,1
0,0,0.2381,0.80952,0.95238,1,0,0,0.39083,0.75835,0.84305,1
0.23404,0.44681,0.59574,0.80851,0.97872,0.95745,0.32673,0.50045,0.63411,0.70792,0.88299,0.87219
0,0,0.16667,0.83333,1,1,0,0,0.10417,0.80833,1,1
0.045455,0.22727,0.40909,0.95455,1,1,0.054233,0.21032,0.37037,0.9537,1,1
0.42308,1,1,1,1,1,0.45518,1,1,1,1,1
0,0.125,0.53125,1,1,1,0,0.086641,0.45892,1,1,1
0,0.15,0.45,0.95,0.95,1,0,0.15575,0.39884,0.95924,0.95924,1
0,0,0.18519,1,1,1,0,0,0.22787,1,1,1
0.81667,0.81667,0.88333,1,0.88333,0.86667,0.85263,0.85263,0.92135,1,0.91069,0.89379
0,0,0.12821,0.92308,0.97436,0.97436,0,0,0.15158,0.92494,0.97572,0.97572
0.5,1,1,1,1,1,0.37288,1,1,1,1,1
0.21622,0.40541,0.62162,0.91892,0.97297,0.97297,0.26799,0.45647,0.56763,0.96367,0.89532,0.89532
0,0,0.11538,0.65385,0.84615,0.92308,0,0,0.12813,0.82,0.91188,0.96188
0.53333,0.66667,0.9,1,1,0.96667,0.62055,0.72245,0.90224,1,1,0.96106
0,0,0,0.5,0.96429,1,0,0,0,0.48713,0.97528,1
0,0,0.027778,0.27778,0.94444,1,0,0,0.017216,0.28593,0.93413,1
0.27273,0.27273,0.27273,0.45455,0.68182,0.68182,0.37274,0.37274,0.37274,0.2835,0.6187,0.6187
0.14286,0.57143,0.85714,1,1,1,0.35111,0.67111,0.89778,1,1,1
0.03125,0.09375,0.71875,1,1,1,0.018077,0.065799,0.79103,1,1,1
0.15,0.15,0.45,0.55,0.75,0.9,0.14043,0.14043,0.40426,0.53475,0.75035,0.92624
0,0.028571,0.057143,0.48571,0.91429,0.94286,0,0.027795,0.04509,0.52007,0.89129,0.90982
0,0.33333,1,1,1,1,0,0.28148,1,1,1,1
0.11765,0.17647,0.94118,0.94118,0.94118,0.94118,0.15889,0.18043,0.95691,0.86086,0.86086,0.86086
0.083333,0.25,0.58333,1,1,1,0.072546,0.24467,0.47368,1,1,1
0.46667,0.73333,0.8,0.96667,0.96667,0.9,0.5047,0.76222,0.82989,0.97368,0.96053,0.90789
0,0,0.047619,0.28571,0.52381,1,0,0,0.03125,0.28403,0.57708,1
0,0,0,0.78947,0.84211,0.89474,0,0,0,0.82454,0.88017,0.9301
0.037037,0.14815,0.18519,0.7037,0.96296,0.96296,0.030723,0.15956,0.2329,0.73241,0.97621,0.97621
0.70588,0.88235,1,1,1,1,0.703,0.89731,1,1,1,1
0,0.020408,0.10204,0.81633,1,1,0,0.031368,0.13088,0.81287,1,1
0.25,0.25,0.75,0.75,1,0.75,0.29508,0.29508,0.87432,0.87432,1,0.70492
0.42308,0.84615,1,1,0.96154,0.96154,0.27974,0.86174,1,1,0.9799,0.9799
0,0,0,0.66667,0.95556,1,0,0,0,0.65348,0.95766,1
0,0,0.28571,0.71429,1,1,0,0,0.34673,0.75377,1,1
0,0.02439,0.04878,0.80488,1,1,0,0.018856,0.043187,0.80231,1,1
0,0,0.5,0.85,1,1,0,0,0.41818,0.87403,1,1
0,0,0,0.11111,1,1,0,0,0,0.11607,1,1
0,0,0.43478,0.6087,0.86957,1,0,0,0.44157,0.58876,0.85618,1
0.1,0.1,0.45,0.85,0.9,0.95,0.10364,0.10364,0.42889,0.87321,0.90518,0.96141
0.058824,0.44118,0.88235,0.97059,1,1,0.034223,0.49897,0.90828,0.9781,1,1
0,0,1,1,1,1,0,0,1,1,1,1
0,0,0.36111,0.72222,1,1,0,0,0.42248,0.65012,1,1
0.2,0.4,0.7,1,1,1,0.22024,0.43452,0.78869,1,1,1
0,0,0,0.76471,0.97059,1,0,0,0,0.78389,0.97927,1
0.032258,0.032258,0.064516,0.3871,0.74194,0.93548,0.068432,0.068432,0.083503,0.27576,0.70143,0.92179
0.058824,0.058824,0.17647,0.58824,1,1,0.034606,0.034606,0.1247,0.59368,1,1
0.73077,0.80769,0.80769,0.46154,0.42308,0.42308,0.83513,0.88649,0.94432,0.35345,0.30172,0.30172
0,0.25,0.25,1,1,1,0,0.2,0.2,1,1,1
0.2069,0.58621,0.96552,1,1,1,0.20701,0.66824,0.97505,1,1,1
0,0.018868,0.037736,0.79245,0.9434,0.98113,0,0.0098002,0.020354,0.88767,0.96758,0.98718
0,0,0.5,1,1,1,0,0,0.44,1,1,1
0,0,0.21951,0.60976,1,1,0,0,0.17838,0.56506,1,1
0.31429,0.45714,0.62857,0.94286,0.94286,0.88571,0.38001,0.54366,0.67381,0.96321,0.95222,0.91708
0.03125,0.03125,0.4375,1,1,1,0.020721,0.020721,0.36486,1,1,1
0.20588,0.38235,0.5,0.88235,0.91176,0.91176,0.2706,0.40991,0.57133,0.87274,0.89149,0.88948
0,0.23077,0.61538,0.69231,1,1,0,0.26637,0.69752,0.75395,1,1
0.045455,0.045455,0.13636,0.90909,1,1,0.034437,0.034437,0.092715,0.93113,1,1
0,0.38462,0.84615,1,1,1,0,0.35264,0.83375,1,1,1
0.090909,0.27273,0.72727,1,1,1,0.072289,0.25904,0.6747,1,1,1
0,0,0.037037,0.96296,1,1,0,0,0.014568,0.97294,1,1
0.066667,0.33333,0.86667,1,1,1,0.052104,0.33868,0.8497,1,1,1
0.12121,0.21212,0.30303,0.9697,0.9697,1,0.12486,0.28251,0.34868,0.96951,0.96951,1
0.028571,0.11429,0.77143,1,1,1,0.038462,0.11074,0.7752,1,1,1
0.32258,0.3871,0.83871,0.96774,0.83871,0.74194,0.28412,0.34163,0.83605,0.97854,0.85494,0.77082
0,0.068966,0.68966,1,1,1,0,0.083112,0.7321,1,1,1
0.043478,0.13043,0.47826,0.95652,1,1,0.034869,0.097136,0.40598,0.96887,1,1
0.081081,0.24324,0.32432,1,1,1,0.05304,0.16473,0.31134,1,1,1
0.5,0.66667,0.91667,1,1,1,0.35161,0.53497,0.8242,1,1,1
0.66667,0.77778,1,1,1,0.66667,0.68508,0.76519,1,1,1,0.66851
0.18182,0.54545,0.81818,1,1,1,0.13689,0.66589,0.87471,1,1,1
0.038462,0.076923,0.84615,1,1,1,0.03555,0.065367,0.83716,1,1,1
0.21429,0.21429,0.42857,0.57143,0.64286,0.78571,0.40435,0.40435,0.62319,0.64638,0.50435,0.59565
0.5,0.63889,0.86111,0.91667,0.86111,0.77778,0.53842,0.63316,0.80105,0.84474,0.90895,0.71579
0.060606,0.15152,0.51515,1,0.9697,0.9697,0.048321,0.12121,0.49795,1,0.98116,0.98116
0.071429,0.16667,0.47619,0.95238,0.97619,0.97619,0.089744,0.2134,0.57982,0.96112,0.93838,0.93838
0,0,0.11905,0.71429,0.97619,1,0,0,0.20266,0.72148,0.97951,1
0.44828,0.48276,0.93103,1,0.62069,0.62069,0.32419,0.33772,0.97439,1,0.70618,0.70618
0.35417,0.35417,0.47917,0.5,0.5,0.54167,0.32318,0.32318,0.4485,0.46309,0.46309,0.49785
0.14286,0.28571,0.71429,1,1,1,0.1682,0.30876,0.73502,1,1,1
0.078947,0.15789,0.5,0.92105,0.94737,0.94737,0.059649,0.10226,0.63459,0.95138,0.96341,0.96341
0.11111,0.22222,0.33333,0.88889,1,1,0.12774,0.22263,0.46715,0.90876,1,1
0.02381,0.02381,0.11905,0.16667,0.47619,0.66667,0.015982,0.015982,0.15811,0.19635,0.45833,0.62557
0.1,0.28,0.42,0.78,1,0.98,0.11872,0.32887,0.48157,0.81953,1,0.98947
0.17241,0.2069,0.44828,0.89655,0.93103,0.93103,0.19234,0.23516,0.5432,0.92562,0.86702,0.86702
0.51852,0.55556,0.59259,0.62963,0.7037,0.7037,0.68148,0.70148,0.73185,0.76444,0.54741,0.54741
0.38095,0.71429,0.85714,0.95238,1,1,0.41774,0.74936,0.85476,0.96144,1,1
0.10811,0.75676,1,1,1,1,0.047884,0.69673,1,1,1,1
0.060606,0.21212,0.24242,0.54545,0.9697,0.9697,0.059965,0.18989,0.20341,0.47795,0.97648,0.97648
0,0.11111,0.16667,0.16667,0.58333,0.72222,0,0.14573,0.19086,0.19086,0.52909,0.70582
0.2,0.5,0.7,1,1,1,0.58532,0.72222,0.84524,1,1,1
0.030303,0.030303,0.030303,0.060606,0.33333,0.78788,0.026856,0.026856,0.026856,0.044234,0.28041,0.82543
0,0.052632,0.52632,1,1,1,0,0.03944,0.43639,1,1,1
0.11111,0.22222,0.66667,0.88889,0.77778,0.88889,0.18429,0.26586,0.60121,0.83384,0.64955,0.81571
0,0.17021,0.3617,0.65957,0.93617,1,0,0.18202,0.3209,0.62607,0.91775,1
0,0,0,0.051282,0.35897,0.71795,0,0,0,0.051196,0.36029,0.65072
0,0.033333,0.26667,0.86667,0.93333,0.93333,0,0.014115,0.23181,0.92671,0.95711,0.95711
0.029412,0.11765,0.23529,0.73529,0.85294,0.94118,0.028381,0.10184,0.18865,0.64942,0.77629,0.9399
0,0.21053,0.31579,0.68421,0.73684,0.89474,0,0.17698,0.27663,0.60137,0.65636,0.83162
0.043478,0.17391,0.34783,0.73913,0.95652,1,0.07971,0.19928,0.33454,0.71256,0.94686,1
0.042553,0.085106,0.10638,0.34043,0.78723,0.87234,0.029594,0.05537,0.072554,0.34224,0.72983,0.87494
0,0,0.28571,1,1,1,0,0,0.34,1,1,1
0.57143,0.62857,0.85714,0.91429,0.62857,0.6,0.58685,0.62644,0.83333,0.92018,0.68135,0.63091
0.72727,0.81818,1,1,1,1,0.71465,0.79798,1,1,1,1
0.11765,0.35294,0.64706,0.94118,1,1,0.15529,0.36348,0.62628,0.96075,1,1
0,0,0.71429,1,1,1,0,0,0.67372,1,1,1
0,0.076923,0.10256,0.51282,1,1,0,0.18291,0.20949,0.64051,1,1
0,0,0.04878,0.5122,0.97561,1,0,0,0.064252,0.51743,0.97881,1
0,0,0,0.95,1,1,0,0,0,0.95492,1,1
0.22222,0.22222,1,1,1,1,0.29825,0.29825,1,1,1,1
0.044444,0.13333,0.17778,0.71111,0.77778,0.88889,0.045616,0.097314,0.13279,0.6148,0.69589,0.89407
0,0,0,0.78261,1,1,0,0,0,0.82652,1,1
0.057143,0.22857,0.54286,0.82857,1,1,0.086051,0.28448,0.6723,0.89745,1,1
0,0.16667,0.75,1,1,1,0,0.09009,0.74174,1,1,1
0,0.4,0.56,0.96,1,1,0,0.35334,0.52095,0.96602,1,1
0.033333,0.33333,0.63333,0.96667,1,1,0.016858,0.27586,0.50575,0.95632,1,1
0,0,0.19048,0.97619,1,1,0,0,0.24744,0.98275,1,1
0.31429,0.42857,0.74286,0.71429,0.65714,0.65714,0.35352,0.5269,0.76729,0.71104,0.62435,0.62435
0.2,0.2,0.8,1,1,0.8,0.20946,0.20946,0.75,1,1,0.79054
0.16667,0.33333,0.5,0.66667,1,1,0.15333,0.32,0.51333,0.66,1,1
0,0.2,0.8,1,1,1,0,0.16613,0.78914,1,1,1
0.21622,0.59459,0.67568,0.89189,0.83784,0.83784,0.19464,0.57179,0.7086,0.89986,0.8677,0.8677
0.3125,0.375,0.375,0.5625,0.625,0.75,0.31893,0.37654,0.37654,0.56379,0.61111,0.73045
0,0,0,0.34286,1,1,0,0,0,0.32451,1,1
0.13333,0.26667,0.5,0.9,0.93333,0.93333,0.11733,0.25511,0.41737,0.95206,0.95709,0.95709
0.045455,0.5,1,1,1,1,0.025852,0.48531,1,1,1,1
0,0.041667,0.0625,0.41667,0.6875,0.9375,0,0.028597,0.0463,0.41262,0.72583,0.9537
0.05,0.15,0.35,0.4,1,1,0.033679,0.12047,0.3057,0.34067,1,1
0.13793,0.24138,0.31034,0.96552,1,1,0.20047,0.30267,0.37972,0.97877,1,1
0,0.23077,0.38462,0.61538,0.92308,1,0,0.45685,0.51371,0.60812,0.92284,1
0,0.10714,0.42857,0.96429,1,1,0,0.13181,0.47755,0.97135,1,1
0,0.4,0.66667,0.93333,1,1,0,0.38571,0.67755,0.94694,1,1
0.38889,0.66667,0.61111,0.66667,0.66667,0.66667,0.34531,0.65469,0.61094,0.64531,0.64531,0.64531
0,0.02439,0.02439,0.56098,0.95122,1,0,0.012448,0.012448,0.62656,0.94969,1
0,0.045455,0.13636,0.27273,0.63636,0.95455,0,0.035616,0.10685,0.21507,0.5726,0.95342
0,0.025,0.4,0.825,0.975,1,0,0.021729,0.39928,0.81621,0.94206,1
0.0625,0.1875,0.53125,0.53125,0.90625,1,0.045752,0.14134,0.56781,0.56781,0.89216,1
0.23077,0.46154,0.79487,0.87179,0.84615,0.89744,0.33388,0.49098,0.74487,0.87162,0.74405,0.78015
0,0,0.13889,0.86111,1,1,0,0,0.12066,0.84288,1,1
0,0.075472,0.5283,0.64151,0.83019,1,0,0.085531,0.6283,0.7164,0.86752,1
0,0,0.055556,0.44444,0.88889,1,0,0,0.042672,0.43228,0.9128,1
0,0.4,0.4,0.63333,0.93333,1,0,0.42717,0.42717,0.67937,0.9521,1
0,0,0.029412,0.35294,0.79412,1,0,0,0.022095,0.41489,0.82406,1
0.33333,0.66667,1,1,1,1,0.22449,0.47959,1,1,1,1
0,0.076923,0.15385,0.23077,0.38462,0.53846,0,0.063872,0.1517,0.23752,0.43114,0.53293
0,0.020833,0.54167,0.9375,0.97917,0.97917,0,0.026231,0.60118,0.96039,0.98608,0.98608
0,0.020408,0.14286,0.91837,1,1,0,0.022631,0.20981,0.94908,1,1
0,0,0,0.95238,1,1,0,0,0,0.96095,1,1
0,0,0.078431,0.98039,1,1,0,0,0.060687,0.98443,1,1
0,0.022727,0.15909,0.79545,0.97727,1,0,0.10534,0.23535,0.82888,0.97533,1
0.027027,0.027027,0.081081,0.67568,1,1,0.025397,0.025397,0.080159,0.67778,1,1
0,0.1,0.46667,0.86667,1,1,0,0.09318,0.44902,0.83862,1,1
0.034483,0.068966,0.31034,0.68966,0.86207,0.96552,0.12557,0.15739,0.39773,0.75398,0.85909,0.98636
0.029412,0.029412,0.11765,0.61765,0.94118,0.97059,0.01719,0.01719,0.097907,0.63602,0.95815,0.97459
0.055556,0.33333,0.77778,1,1,1,0.020183,0.44587,0.88624,1,1,1
0,0.093023,0.27907,0.95349,1,1,0,0.12898,0.35032,0.93471,1,1
0.32,0.42,0.74,0.96,1,0.96,0.37895,0.45994,0.72066,0.95929,1,0.97921
0,0.64286,1,1,1,1,0,0.71695,1,1,1,1
0,0.22222,1,1,1,1,0,0.27711,1,1,1,1
0,0,0.037037,0.48148,0.92593,0.96296,0,0,0.035159,0.40147,0.94685,0.97792
0.28571,0.5,1,1,1,1,0.37556,0.51009,1,1,1,1
0.27778,0.33333,0.61111,1,1,0.97222,0.21237,0.2536,0.48226,1,1,0.98897
0,0.18182,0.54545,0.90909,1,1,0,0.17949,0.54416,0.8604,1,1
0,0,0.4,1,1,1,0,0,0.45562,1,1,1
0.032258,0.29032,0.83871,1,1,1,0.017814,0.34008,0.86154,1,1,1
0,0,0,0,0,0,0,0,0,0,0,0
0,0,0,0.95652,1,1,0,0,0,0.97508,1,1
0.14634,0.31707,0.87805,0.90244,0.90244,0.90244,0.19443,0.33313,0.90975,0.83283,0.83283,0.83283
0,0,0.043478,0.80435,0.97826,1,0,0,0.031608,0.80327,0.98638,1
0.04,0.2,0.48,1,1,1,0.030011,0.14898,0.43837,1,1,1
0,0.052632,0.63158,0.94737,1,1,0,0.030726,0.67039,0.9595,1,1
0.32143,0.42857,0.64286,0.92857,1,1,0.41273,0.50308,0.73203,0.94764,1,1
0,0.33333,0.33333,0.83333,1,1,0,0.33937,0.33937,0.90045,1,1
0.028571,0.14286,0.17143,0.8,1,1,0.020301,0.14812,0.16917,0.81805,1,1
0.78,0.86,0.96,0.94,0.46,0.46,0.83147,0.89311,0.97958,0.95116,0.36509,0.36509
0.25,0.75,0.95833,1,1,1,0.16388,0.78855,0.97797,1,1,1
0,0,0.083333,0.625,0.95833,1,0,0,0.1071,0.57625,0.9709,1
0,0.14286,0.21429,1,1,1,0,0.16592,0.2287,1,1,1
0.25,0.75,0.75,1,1,1,0.15484,0.83871,0.83871,1,1,1
0.18182,0.54545,0.86364,1,1,1,0.22771,0.52202,0.88185,1,1,1
0,0.022727,0.090909,0.81818,1,1,0,0.021383,0.085531,0.85246,1,1
0,0,0.043478,0.95652,0.95652,0.95652,0,0,0.031401,0.95894,0.95894,0.95894
0,0.076923,0.38462,1,1,1,0,0.068105,0.34322,1,1,1
0,0,0.4,0.94286,1,1,0,0,0.31343,0.92213,1,1
0.16667,0.16667,0.55556,0.77778,0.94444,0.94444,0.1504,0.1504,0.64644,0.80871,0.9591,0.95515
0.24,0.32,0.64,1,1,1,0.28202,0.35222,0.64409,1,1,1
0.043478,0.043478,0.043478,0.69565,0.82609,0.95652,0.037756,0.037756,0.037756,0.68285,0.88889,0.97627
0,0,0.14286,0.90476,0.95238,1,0,0,0.090308,0.91189,0.94604,1
0,0,0.026316,0.55263,0.94737,1,0,0,0.028976,0.50612,0.89247,1
0,0,0.21875,0.90625,0.96875,1,0,0,0.2387,0.93279,0.96176,1
0.028571,0.057143,0.4,0.85714,0.94286,1,0.013642,0.043891,0.37485,0.87841,0.95255,1
0,0.033333,0.033333,0.73333,1,1,0,0.02089,0.02089,0.70663,1,1
0,0,0.02381,0.69048,0.97619,1,0,0,0.010795,0.66643,0.98309,1
0,0.28261,0.67391,1,1,1,0,0.17694,0.62964,1,1,1
0.055556,0.27778,0.68519,0.75926,0.88889,0.98148,0.062484,0.31115,0.82169,0.85852,0.91466,0.9873
0,0,0,0.24444,0.82222,0.93333,0,0,0,0.25276,0.82973,0.94354
0,0,0.064516,0.6129,0.96774,1,0,0,0.12738,0.68612,0.98322,1
0,0,0.15217,0.6087,0.91304,0.93478,0,0,0.12069,0.56114,0.95267,0.95977
0.021739,0.086957,0.45652,0.93478,1,1,0.010323,0.11939,0.44749,0.93851,1,1
0.18182,0.24242,0.54545,0.9697,1,1,0.10229,0.14688,0.70839,0.98069,1,1
0.027027,0.054054,0.081081,0.32432,0.67568,0.81081,0.013176,0.039527,0.066788,0.41935,0.78101,0.87233
0.14583,0.27083,0.64583,0.9375,1,1,0.17009,0.26259,0.60724,0.9254,1,1
0,0.021739,0.23913,0.76087,0.91304,0.97826,0,0.012098,0.24749,0.67784,0.92153,0.98306
0.17647,0.52941,0.78431,0.92157,0.98039,0.98039,0.13903,0.5113,0.8123,0.93535,0.98679,0.98853
0.13043,0.17391,0.19565,0.65217,0.93478,0.97826,0.12821,0.19973,0.23212,0.67701,0.94242,0.98561
0.15152,0.24242,0.54545,0.9697,1,1,0.091785,0.1325,0.70007,0.97543,1,1
0.14815,0.14815,0.2963,0.96296,0.96296,0.96296,0.23791,0.23791,0.30815,0.96682,0.96682,0.96682
0,0,0.27273,0.63636,0.87879,0.9697,0,0,0.31232,0.63819,0.94304,0.98553
0,0.025641,0.12821,0.46154,1,1,0,0.014157,0.17184,0.54031,1,1
0.042553,0.085106,0.48936,0.91489,0.97872,0.97872,0.051479,0.13669,0.54763,0.89231,0.98491,0.98491
0.11111,0.2,0.22222,0.66667,0.91111,0.95556,0.20244,0.24695,0.27064,0.66475,0.94867,0.97308
0.4,0.48571,0.82857,0.94286,1,1,0.62561,0.67609,0.92092,0.97841,1,1
0.058824,0.14706,0.29412,0.97059,1,1,0.032747,0.096285,0.28397,0.92962,1,1
0.034483,0.034483,0.10345,0.86207,0.96552,1,0.028977,0.028977,0.088114,0.75577,0.9521,1
0.25,0.45833,0.5,1,1,1,0.33758,0.5783,0.72396,1,1,1
0.027027,0.054054,0.054054,0.72973,0.97297,1,0.05529,0.062076,0.062076,0.64212,0.99221,1
0,0,0.24242,0.63636,0.87879,0.90909,0,0,0.41248,0.78539,0.89764,0.93417
0,0,0.02381,0.7619,1,1,0,0,0.013575,0.83135,1,1
0,0.097561,0.14634,0.68293,0.92683,0.92683,0,0.029252,0.097429,0.79429,0.98113,0.98113
0,0.027778,0.25,0.36111,0.47222,1,0,0.052669,0.30527,0.35435,0.5034,1
0,0,0.53659,1,1,1,0,0,0.63186,1,1,1
0,0,0.027778,0.083333,0.33333,0.83333,0,0,0.014699,0.047526,0.40274,0.82558
0,0,0,0,0.056604,0.66038,0,0,0,0,0.12001,0.70844
0.2439,0.5122,0.58537,0.85366,0.95122,0.95122,0.24474,0.55948,0.61924,0.86056,0.95788,0.95788
0.023256,0.16279,0.2093,0.88372,1,1,0.019729,0.12947,0.14858,0.87885,1,1
0,0.068182,0.34091,0.81818,1,1,0,0.045549,0.31643,0.82678,1,1
0,0,0.18519,0.48148,0.88889,1,0,0,0.13264,0.43478,0.95982,1
0,0,0,0.36735,0.87755,0.95918,0,0,0,0.40284,0.85312,0.9614
0,0.045455,0.045455,0.84091,0.95455,0.97727,0,0.031042,0.031042,0.90272,0.977,0.98503
0.17544,0.26316,0.49123,0.80702,0.87719,0.94737,0.096206,0.28862,0.51545,0.76341,0.80081,0.9748
0.10256,0.17949,0.20513,0.89744,0.92308,0.97436,0.12649,0.16584,0.21912,0.93277,0.94871,0.98556
0.30233,0.34884,0.46512,0.5814,0.88372,0.90698,0.28645,0.30595,0.38683,0.55307,0.86061,0.91976
0,0.027027,0.32432,0.51351,0.86486,1,0,0.13238,0.44909,0.63224,0.89374,1
0.043478,0.086957,0.26087,0.52174,0.65217,0.78261,0.032168,0.065734,0.20559,0.47133,0.57203,0.76224
0.052632,0.13158,0.15789,0.44737,0.60526,0.92105,0.035608,0.093175,0.12226,0.40475,0.56202,0.89674
0,0,0.058824,0.41176,0.41176,0.58824,0,0,0.01915,0.51022,0.51022,0.64849
0.025641,0.025641,0.23077,0.74359,0.94872,0.97436,0.0082428,0.0082428,0.12964,0.70738,0.94342,0.98464
0.13158,0.13158,0.18421,0.42105,0.89474,0.89474,0.11449,0.11449,0.15627,0.54856,0.91915,0.90233
0.018519,0.018519,0.074074,0.72222,0.98148,0.98148,0.10466,0.10466,0.14629,0.79332,0.89534,0.89534
0.22414,0.44828,0.7069,0.96552,0.94828,0.96552,0.19826,0.35064,0.6008,0.94541,0.92967,0.95479
0,0.14286,0.46939,0.97959,1,1,0,0.26221,0.56965,0.98755,1,1
0,0,0.20755,0.4717,0.88679,0.92453,0,0,0.18791,0.45878,0.91907,0.94613
0,0,0,0.2093,0.65116,1,0,0,0,0.24275,0.6171,1
0,0.090909,0.29545,0.75,0.90909,0.95455,0,0.12998,0.34129,0.72904,0.85683,0.9394
0,0,0.13636,0.63636,0.72727,0.81818,0,0,0.10959,0.77093,0.81659,0.87976
0,0,0.054545,0.2,0.43636,0.67273,0,0,0.055864,0.23751,0.4347,0.68738
0.15625,0.15625,0.25,0.5625,0.84375,0.84375,0.093531,0.093531,0.14991,0.4965,0.78147,0.78147
0.175,0.225,0.425,0.425,0.675,0.775,0.15296,0.20365,0.42152,0.43575,0.7141,0.80347
0,0,0,0.17949,0.53846,0.60256,0,0,0,0.19667,0.60226,0.64178
0.020408,0.020408,0.061224,0.26531,0.36735,0.53061,0.0084934,0.0084934,0.04579,0.31647,0.40436,0.5288
0,0,0,0,0.33333,1,0,0,0,0,0.16321,1
0.02381,0.047619,0.33333,0.78571,0.95238,1,0.015527,0.058749,0.40621,0.78682,0.96559,1
0.2,0.2,0.37143,0.71429,0.91429,0.85714,0.17411,0.17411,0.30476,0.60597,0.89979,0.8655
0.038462,0.038462,0.23077,0.76923,1,1,0.04334,0.04334,0.25946,0.75874,1,1
0,0,0.125,0.28571,0.85714,0.96429,0,0,0.12718,0.33215,0.90713,0.97308
0.051282,0.10256,0.20513,0.92308,1,1,0.064249,0.1057,0.2228,0.92073,1,1
0.025641,0.076923,0.23077,0.79487,0.97436,1,0.021635,0.059615,0.19615,0.80673,0.98317,1
0.26087,0.52174,0.82609,0.95652,1,1,0.27007,0.66837,0.91314,0.99197,1,1
0,0.020833,0.10417,0.64583,0.8125,0.95833,0,0.015647,0.079624,0.64325,0.79868,0.96384
0,0.044444,0.088889,0.17778,0.68889,0.91111,0,0.026123,0.055474,0.2034,0.67743,0.95304
0.20833,0.25,0.375,0.54167,0.70833,0.79167,0.61797,0.62741,0.67214,0.22774,0.34058,0.38203
0,0,0.076923,0.76923,1,1,0,0,0.021771,0.70864,1,1
0.017857,0.10714,0.5,0.80357,0.96429,0.98214,0.011635,0.098898,0.41794,0.75475,0.96142,0.98224
0.022727,0.13636,0.38636,0.72727,0.95455,1,0.010742,0.12404,0.38338,0.78849,0.96522,1
0.24138,0.48276,0.55172,0.58621,0.65517,0.65517,0.13746,0.50206,0.56696,0.65192,0.74041,0.75398
0,0.041667,0.36111,0.75,0.88889,0.94444,0,0.034017,0.28395,0.71605,0.8465,0.96064
0.18519,0.18519,0.51852,0.66667,0.77778,0.85185,0.24556,0.24556,0.57722,0.72667,0.80722,0.86167
0.02381,0.2381,0.33333,0.52381,0.78571,0.83333,0.021093,0.18479,0.31105,0.41622,0.78847,0.84433
0.025,0.05,0.125,0.6,0.9,1,0.014381,0.030236,0.11763,0.5531,0.88274,1
0,0.089286,0.26786,0.82143,0.96429,1,0,0.074703,0.27958,0.71722,0.94197,1
0,0,0.41463,0.87805,0.87805,1,0,0,0.27866,0.89029,0.89029,1
0.21429,0.21429,0.35714,0.7381,0.90476,0.92857,0.20485,0.20485,0.32653,0.73354,0.86985,0.95341
0,0,0,0.1,0.43333,0.7,0,0,0,0.15683,0.5388,0.83428
0.21429,0.5,0.78571,1,1,1,0.25375,0.58379,0.67609,1,1,1
0.019231,0.096154,0.19231,0.63462,0.90385,0.98077,0.041627,0.10599,0.16427,0.60871,0.89465,0.98911
0,0,0,0.17949,0.69231,0.94872,0,0,0,0.15566,0.78764,0.97902
0,0,0,0.41463,0.78049,0.97561,0,0,0,0.4309,0.73029,0.95269
0,0,0,0.37931,0.89655,0.96552,0,0,0,0.41723,0.90816,0.96315
0.04918,0.22951,0.60656,0.93443,0.98361,0.98361,0.047827,0.24695,0.56799,0.91685,0.99125,0.99125
0.081633,0.10204,0.30612,0.79592,0.97959,1,0.08057,0.088196,0.3498,0.84416,0.98707,1
0,0,0,0.22222,0.46296,0.62963,0,0,0,0.18287,0.47327,0.58425
0,0,0,0.5,0.94737,1,0,0,0,0.47845,0.97024,1
0,0.20833,0.79167,1,1,1,0,0.27469,0.73986,1,1,1
0.043478,0.043478,0.19565,0.5,0.71739,0.91304,0.12599,0.12599,0.26842,0.48816,0.81151,0.93914
0,0,0.02381,0.21429,0.88095,0.97619,0,0,0.02546,0.30495,0.92107,0.98812
0,0.028571,0.57143,1,1,1,0,0.042553,0.52264,1,1,1
0,0.055556,0.11111,0.36111,0.75,0.91667,0,0.065177,0.15047,0.34227,0.83091,0.95903
0.14286,0.42857,0.51429,0.68571,0.82857,0.91429,0.17625,0.33412,0.418,0.63619,0.83082,0.89067
0,0.058824,0.078431,0.37255,0.60784,0.7451,0,0.05629,0.070532,0.48423,0.6531,0.77111
0.039216,0.098039,0.11765,0.52941,0.82353,0.98039,0.047619,0.086852,0.096137,0.66487,0.86583,0.97904
0.28571,0.28571,0.42857,0.35714,0.46429,0.53571,0.43809,0.43809,0.51358,0.39608,0.47378,0.48958
0.017544,0.15789,0.24561,0.63158,0.84211,1,0.013622,0.17464,0.26266,0.60042,0.87356,1
0,0,0,0,0.24138,0.68966,0,0,0,0,0.33907,0.65728
0,0,0.06383,0.74468,0.91489,0.95745,0,0,0.038766,0.793,0.94505,0.97403
0.020408,0.12245,0.38776,0.93878,1,1,0.026442,0.11298,0.36819,0.91186,1,1
0,0.030303,0.060606,0.51515,1,1,0,0.011102,0.032514,0.50991,1,1
0,0,0.0625,0.15625,0.4375,0.5,0,0,0.041893,0.15032,0.49138,0.54165
0,0,0.089286,0.53571,0.91071,0.98214,0,0,0.18641,0.66342,0.94852,0.98873
0,0,0.055556,0.30556,0.88889,1,0,0,0.032787,0.2307,0.91088,1
0.045455,0.20455,0.52273,0.86364,0.90909,0.97727,0.019365,0.15534,0.4862,0.88752,0.9246,0.98311
0,0.017857,0.33929,0.96429,1,1,0,0.0108,0.29451,0.95768,1,1
0,0.041667,0.3125,0.95833,0.97917,1,0,0.033275,0.30323,0.9347,0.9387,1
0,0,0,0,0.51429,0.85714,0,0,0,0,0.54766,0.84472
0,0,0,0.34615,0.65385,0.80769,0,0,0,0.37174,0.72959,0.8923
0,0,0.041667,0.39583,0.97917,1,0,0,0.017357,0.36175,0.98143,1
0,0,0.038462,0.76923,1,1,0,0,0.063807,0.77185,1,1
0.098039,0.15686,0.31373,0.84314,0.92157,1,0.091697,0.20722,0.32202,0.87545,0.91877,1
0.36585,0.36585,0.4878,0.80488,0.63415,0.65854,0.5121,0.5121,0.60148,0.76999,0.47642,0.50472
0,0,0,0.25641,0.66667,0.89744,0,0,0,0.19916,0.68739,0.94706
0.125,0.15625,0.3125,0.90625,0.90625,0.9375,0.087688,0.10571,0.25586,0.93874,0.91832,0.94535
0,0.038462,0.53846,0.82692,0.94231,1,0,0.070743,0.55356,0.81575,0.89568,1
0,0,0.04,0.36,0.96,1,0,0,0.023029,0.30071,0.94021,1
0.21739,0.30435,0.58696,0.84783,0.8913,0.86957,0.18017,0.26218,0.5395,0.79697,0.91765,0.89479
0,0,0,0.41379,0.82759,0.96552,0,0,0,0.47869,0.87449,0.9819
0.019231,0.057692,0.13462,0.38462,0.80769,1,0.020882,0.068611,0.13888,0.41962,0.823,1
0,0,0,0.35849,0.81132,0.90566,0,0,0,0.28534,0.82676,0.90894
0.16327,0.26531,0.36735,0.7551,0.79592,0.83673,0.15558,0.25178,0.41123,0.73241,0.8073,0.84442
0,0,0.055556,0.66667,0.94444,0.97222,0,0,0.028601,0.66037,0.95301,0.98468
0.061224,0.28571,0.59184,0.93878,1,1,0.048317,0.24261,0.60524,0.9689,1,1
0,0,0,0.58824,0.98039,0.98039,0,0,0,0.43634,0.9809,0.9809
0.11429,0.17143,0.31429,0.71429,0.97143,0.97143,0.095852,0.15471,0.31895,0.72814,0.98711,0.98711
0.029412,0.11765,0.35294,0.67647,0.91176,0.97059,0.050179,0.11111,0.31959,0.62784,0.8859,0.96535
0.086957,0.32609,0.6087,0.84783,1,1,0.048797,0.36029,0.61163,0.84537,1,1
0.15789,0.15789,0.15789,0.60526,0.78947,0.86842,0.37465,0.37465,0.37465,0.67693,0.58657,0.67933
0,0,0.025,0.825,1,1,0,0,0.029922,0.85343,1,1
0,0.046512,0.093023,0.23256,0.4186,0.67442,0,0.094239,0.11415,0.20484,0.42034,0.68421
0.042553,0.042553,0.10638,0.29787,0.80851,0.95745,0.025415,0.025415,0.061584,0.25464,0.79814,0.96285
0,0,0,0.34884,0.7907,0.90698,0,0,0,0.34919,0.8061,0.91532
0.021739,0.021739,0.021739,0.26087,0.71739,0.91304,0.037355,0.037355,0.037355,0.2921,0.79149,0.88671
0.030303,0.030303,0.090909,0.84848,0.90909,0.90909,0.035014,0.035014,0.09057,0.86275,0.89823,0.89823
0.022222,0.088889,0.11111,0.57778,0.88889,1,0.028181,0.14003,0.15412,0.57288,0.89256,1
0,0,0.054054,0.40541,0.86486,0.86486,0,0,0.044896,0.44735,0.76323,0.76323
0.10526,0.28947,0.31579,0.47368,0.55263,0.63158,0.1698,0.36218,0.38006,0.53575,0.62982,0.67968
0.40741,0.44444,0.44444,0.40741,0.59259,0.77778,0.42408,0.4411,0.4411,0.38613,0.64725,0.75785
0.73529,0.94118,0.97059,0.97059,0.82353,0.73529,0.7588,0.95166,0.98082,0.969,0.65633,0.60142
0,0.035714,0.21429,0.85714,1,1,0,0.12105,0.30177,0.90921,1,1
0,0,0.081081,0.51351,0.94595,1,0,0,0.083032,0.52996,0.9444,1
0,0,0.13514,0.67568,1,1,0,0,0.26488,0.74192,1,1
0,0.066667,0.066667,0.13333,0.9,0.96667,0,0.040575,0.040575,0.08284,0.87912,0.96027
0,0,0.14815,0.2963,0.44444,0.62963,0,0,0.10584,0.51575,0.66748,0.80147
0,0.12245,0.40816,0.91837,1,1,0,0.15026,0.4317,0.94991,1,1
0,0.055556,0.083333,0.36111,0.72222,0.77778,0,0.077419,0.09727,0.40149,0.7732,0.83375
0.047619,0.2381,0.33333,0.7619,1,1,0.01625,0.50733,0.5331,0.83115,1,1
0.083333,0.16667,0.1875,0.54167,0.875,1,0.063582,0.12363,0.13953,0.66584,0.90498,1
0.125,0.125,0.1875,0.6875,0.75,0.75,0.14823,0.14823,0.22077,0.72077,0.87787,0.87787
0,0,0.061224,0.59184,0.73469,0.95918,0,0,0.048234,0.5488,0.67148,0.96582
0.33333,0.47059,0.76471,0.92157,0.90196,0.84314,0.50277,0.624,0.83477,0.95077,0.87077,0.66308
0,0,0.025641,0.51282,0.94872,0.94872,0,0,0.014831,0.62228,0.9776,0.9776
0,0,0.17857,0.60714,0.92857,0.96429,0,0,0.20641,0.59051,0.87108,0.9813
0.074074,0.11111,0.14815,0.40741,0.62963,0.74074,0.057312,0.068379,0.096047,0.33281,0.62016,0.69802
0,0.022222,0.13333,0.6,0.86667,0.91111,0,0.0079268,0.1122,0.66159,0.88628,0.92805
0.021277,0.10638,0.44681,0.89362,1,1,0.014289,0.12733,0.48584,0.86782,1,1
0,0,0,0,0.074074,0.48148,0,0,0,0,0.12071,0.55707
0,0.022727,0.13636,0.52273,0.77273,0.93182,0,0.025217,0.096522,0.60348,0.81739,0.94739
0,0.30435,0.82609,0.91304,1,1,0,0.41352,0.95105,0.97203,1,1
0.02381,0.02381,0.21429,0.38095,0.64286,0.97619,0.024729,0.024729,0.24312,0.36593,0.5721,0.98889
0,0.023256,0.11628,0.23256,0.86047,0.95349,0,0.041879,0.13279,0.25945,0.84423,0.95761
0,0.02381,0.095238,0.47619,0.88095,0.92857,0,0.011494,0.056194,0.52192,0.90592,0.95147
0.75,0.875,0.97917,0.91667,0.52083,0.4375,0.7081,0.84092,0.99075,0.95873,0.60555,0.55628
0,0.12821,0.15385,0.76923,0.92308,1,0,0.26112,0.27345,0.72523,0.92911,1
0,0,0,0.093023,0.27907,0.46512,0,0,0,0.045934,0.16002,0.65512
0,0.026316,0.13158,0.31579,0.47368,0.81579,0,0.015139,0.091253,0.21447,0.34104,0.72372
0.85714,0.85714,0.85714,0.5,0.35714,0.35714,0.94988,0.94988,0.94988,0.6267,0.47995,0.48557
0,0.18919,0.75676,1,1,1,0,0.096416,0.74147,1,1,1
0,0.021739,0.021739,0.3913,0.73913,0.93478,0,0.0084795,0.0084795,0.48275,0.72778,0.92807
0,0.020408,0.12245,0.85714,0.91837,0.97959,0,0.010149,0.15332,0.88945,0.93403,0.98623
0.35185,0.46296,0.57407,0.88889,0.81481,0.83333,0.24236,0.45357,0.60368,0.91753,0.88371,0.89321
0,0.085106,0.57447,0.82979,0.97872,1,0,0.061502,0.59021,0.82161,0.98845,1
0.30435,0.5,0.58696,0.91304,0.91304,0.95652,0.20836,0.31857,0.3905,0.83451,0.88271,0.90893
0.026316,0.026316,0.13158,0.86842,1,1,0.037154,0.037154,0.16166,0.89249,1,1
0,0,0,0.25,0.75,0.94231,0,0,0,0.24269,0.77522,0.94846
0.045455,0.090909,0.27273,0.59091,0.68182,0.95455,0.127,0.16702,0.46905,0.73266,0.78655,0.97332
0,0,0.019231,0.32692,0.86538,1,0,0,0.0074094,0.32903,0.91603,1
0.13333,0.22222,0.46667,0.91111,1,1,0.12403,0.19032,0.38837,0.92965,1,1
0,0,0.026316,0.65789,0.73684,0.92105,0,0,0.0071353,0.50687,0.58827,0.96353
0.023256,0.046512,0.2093,0.48837,0.7907,0.90698,0.016599,0.031853,0.13952,0.41857,0.81651,0.91611
0.02439,0.02439,0.04878,0.39024,0.39024,0.5122,0.02139,0.02139,0.045989,0.44118,0.44118,0.54492
0,0.032258,0.032258,0.096774,0.48387,0.93548,0,0.0488,0.0488,0.1024,0.4368,0.9192
0.14706,0.14706,0.32353,0.67647,0.82353,0.79412,0.10219,0.10219,0.23077,0.59798,0.76642,0.73161
0.34375,0.34375,0.625,0.90625,0.96875,0.96875,0.39644,0.39644,0.74306,0.9452,0.97865,0.97865
0,0,0.23256,0.7907,0.95349,0.97674,0,0,0.19817,0.80421,0.97101,0.98332
0.04,0.04,0.04,0.12,0.96,0.96,0.028698,0.028698,0.028698,0.12031,0.94702,0.9713
0,0,0,0,0.7,0.975,0,0,0,0,0.73626,0.97589
0,0,0,0.38,0.94,1,0,0,0,0.39492,0.94607,1
0,0,0,0.125,0.66667,0.95833,0,0,0,0.16206,0.76991,0.99
0,0.046512,0.34884,0.86047,0.90698,0.95349,0,0.026978,0.25738,0.82173,0.90995,0.96427
0,0.027778,0.16667,0.83333,0.91667,0.91667,0,0.0086207,0.081034,0.77034,0.83103,0.83103
0,0.016949,0.10169,0.50847,0.89831,0.9661,0,0.0689,0.13947,0.54163,0.93325,0.97368
0.066667,0.13333,0.48333,0.93333,0.96667,0.96667,0.056891,0.11818,0.47566,0.95484,0.97654,0.97654
0,0.11628,0.27907,0.53488,0.76744,0.88372,0,0.13032,0.36823,0.61986,0.81264,0.9231
0.25806,0.25806,0.54839,0.87097,0.83871,0.83871,0.18153,0.18153,0.51194,0.89849,0.87938,0.87938
0.021277,0.021277,0.06383,0.55319,0.82979,0.93617,0.016839,0.016839,0.070614,0.56926,0.84628,0.94948
0,0,0,0.15556,0.64444,0.77778,0,0,0,0.14443,0.67432,0.78623
0.093023,0.093023,0.093023,0.46512,0.81395,1,0.13568,0.13568,0.13568,0.54623,0.82915,1
0,0.043478,0.19565,0.52174,0.67391,0.73913,0,0.08547,0.24514,0.5272,0.69542,0.82051
0.22222,0.22222,0.34921,0.61905,0.73016,0.87302,0.16536,0.16536,0.30391,0.6108,0.74227,0.88417
0.18182,0.4,0.63636,0.89091,0.96364,0.96364,0.16092,0.33142,0.60568,0.85728,0.97158,0.97158
0.72549,0.80392,0.92157,0.92157,0.62745,0.5098,0.75114,0.85674,0.94263,0.92538,0.57621,0.46111
0.073171,0.17073,0.2439,0.58537,0.85366,0.97561,0.049408,0.1333,0.21256,0.66032,0.87751,0.97941
0.41818,0.41818,0.81818,0.83636,0.90909,0.90909,0.40852,0.40852,0.81703,0.8278,0.91343,0.90501
0,0,0.030303,0.45455,0.93939,1,0,0,0.015024,0.39937,0.97554,1
0,0.032258,0.25806,0.70968,0.74194,0.83871,0,0.014991,0.33417,0.75953,0.78076,0.85072
0,0,0,0.060606,0.45455,0.93939,0,0,0,0.033677,0.53286,0.93319
0,0.022727,0.022727,0.40909,0.93182,1,0,0.036574,0.036574,0.47824,0.92778,1
0.046512,0.046512,0.23256,0.76744,0.90698,0.93023,0.040293,0.040293,0.15263,0.79243,0.88807,0.94831
0,0,0,0.48148,0.81481,1,0,0,0,0.60379,0.87588,1
0.068182,0.20455,0.56818,0.90909,1,1,0.060386,0.1806,0.64412,0.89432,1,1
0.12727,0.23636,0.36364,0.89091,0.98182,0.96364,0.14809,0.28204,0.38195,0.8593,0.98779,0.9727
0,0,0.022727,0.47727,0.70455,0.97727,0,0,0.013269,0.47678,0.66737,0.97226
0.026316,0.026316,0.026316,0.44737,0.89474,0.92105,0.015812,0.015812,0.015812,0.47219,0.91603,0.93948
0,0,0.096774,0.35484,0.74194,0.87097,0,0,0.064272,0.42958,0.80482,0.87524
0.068966,0.24138,0.27586,0.37931,0.51724,0.65517,0.044296,0.25789,0.27913,0.33192,0.67415,0.7676
0.02439,0.04878,0.21951,0.39024,0.39024,0.73171,0.015454,0.050869,0.2273,0.3915,0.3915,0.78042
0.84483,0.91379,0.93103,0.67241,0.36207,0.31034,0.83166,0.91558,0.93467,0.67437,0.37889,0.32211
0,0.11111,0.24444,0.91111,0.97778,1,0,0.15464,0.2582,0.92971,0.98875,1
0,0.023256,0.069767,0.72093,1,1,0,0.040498,0.075389,0.74455,1,1
0.040816,0.10204,0.20408,0.83673,0.97959,1,0.026593,0.075559,0.23301,0.90502,0.99071,1
0,0.02,0.06,0.5,0.92,0.96,0,0.014951,0.038056,0.45022,0.92559,0.95107
0.11364,0.29545,0.79545,0.93182,1,1,0.089279,0.29249,0.78894,0.95704,1,1
0,0,0,0.26667,0.7,0.76667,0,0,0,0.40769,0.75528,0.85111
0,0,0,0,0.33333,0.60606,0,0,0,0,0.34132,0.62089
0,0.025641,0.48718,0.97436,1,1,0,0.010722,0.6385,0.98264,1,1
0.018868,0.20755,0.4717,0.92453,1,1,0.030295,0.26508,0.5894,0.93779,1,1
0.081633,0.12245,0.44898,0.85714,0.97959,1,0.063002,0.096406,0.35307,0.84313,0.98647,1
0,0,0,0.24,0.76,1,0,0,0,0.1792,0.7635,1
0.053571,0.19643,0.5,0.80357,0.875,0.94643,0.051975,0.25329,0.55925,0.86798,0.91719,0.965
0,0,0.14286,0.57143,0.8,0.97143,0,0,0.1558,0.59111,0.7496,0.97763
0.10769,0.26154,0.43077,0.87692,0.95385,0.98462,0.10712,0.30154,0.43989,0.87105,0.95668,0.97918
0,0,0.1087,0.47826,0.8913,1,0,0,0.11438,0.47301,0.89996,1
0.23913,0.26087,0.30435,0.80435,0.78261,0.78261,0.12966,0.13613,0.15114,0.90424,0.88949,0.88949
0.40816,0.5102,0.77551,0.97959,0.93878,0.87755,0.358,0.46373,0.72785,0.97632,0.9133,0.8598
0.29268,0.58537,0.73171,1,1,1,0.32034,0.6361,0.76963,1,1,1
0.057143,0.17143,0.4,0.82857,0.91429,0.91429,0.11977,0.18815,0.41594,0.84364,0.9203,0.87195
0.030303,0.33333,0.57576,0.75758,0.78788,0.78788,0.050182,0.47418,0.68,0.82764,0.84945,0.84945
0.26667,0.56667,0.7,0.83333,1,1,0.21299,0.61235,0.75258,0.93505,1,1
0.23188,0.7971,0.94203,1,0.97101,0.95652,0.25771,0.79725,0.93019,1,0.96955,0.95321
0,0.033333,0.1,0.76667,0.86667,0.96667,0,0.18891,0.24307,0.75629,0.90135,0.96454
0,0.071429,0.11905,0.7381,1,1,0,0.053699,0.095764,0.7864,1,1
0,0,0,0.175,0.525,0.775,0,0,0,0.16886,0.53291,0.77464
0.41176,0.52941,0.86275,0.96078,0.94118,0.94118,0.3912,0.5065,0.85472,0.96901,0.93602,0.93602
0.29787,0.53191,0.74468,0.97872,0.97872,0.97872,0.2682,0.54286,0.69862,0.97911,0.99201,0.99201
0,0,0.057692,0.38462,0.80769,0.92308,0,0,0.079129,0.44471,0.83932,0.92985
0,0,0,0,0.14286,0.52381,0,0,0,0,0.13256,0.57274
0,0.071429,0.2619,0.57143,0.95238,0.95238,0,0.073808,0.19796,0.5106,0.96404,0.96404
0,0,0.042553,0.61702,0.87234,1,0,0,0.088331,0.68416,0.85658,1
0.1,0.16667,0.23333,0.8,0.9,0.9,0.1481,0.1632,0.2962,0.90424,0.8519,0.8519
0.11765,0.11765,0.35294,0.70588,0.94118,0.92157,0.10542,0.10542,0.36319,0.73248,0.9418,0.90098
0,0,0.225,0.925,1,1,0,0,0.17362,0.95973,1,1
0.084337,0.20482,0.46988,0.77108,0.89157,0.93976,0.10445,0.22441,0.49537,0.76843,0.88123,0.92271
0,0,0.19355,0.93548,1,1,0,0,0.27145,0.94396,1,1
0.038462,0.17308,0.36538,0.82692,0.88462,0.98077,0.068403,0.20866,0.40665,0.85253,0.88328,0.98776
0.076923,0.076923,0.26923,0.94231,1,0.98077,0.082617,0.082617,0.30734,0.96431,1,0.97786
0.042553,0.21277,0.59574,0.91489,0.97872,1,0.038418,0.33096,0.62208,0.9317,0.99175,1
0.018868,0.018868,0.018868,0.20755,0.28302,0.28302,0.01706,0.01706,0.01706,0.21125,0.249,0.249
0.0625,0.3125,0.58333,1,1,1,0.025391,0.35324,0.61886,1,1,1
0.62712,0.94915,0.98305,0.83051,0.64407,0.57627,0.53872,0.87818,0.99204,0.8846,0.79308,0.76094
0.039216,0.23529,0.35294,0.76471,1,1,0.055055,0.26697,0.39751,0.72749,1,1
0,0,0,0.065217,0.41304,0.56522,0,0,0,0.045267,0.35309,0.48066
0.30435,0.45652,0.58696,0.84783,0.95652,0.97826,0.27212,0.50141,0.59066,0.79431,0.96743,0.99282
0,0.020408,0.22449,0.77551,1,1,0,0.012644,0.27778,0.8387,1,1
0.09434,0.32075,0.45283,0.88679,0.98113,1,0.086939,0.28521,0.3871,0.87766,0.96105,1
0.11111,0.22222,0.61111,0.86111,0.88889,0.88889,0.17681,0.29598,0.60726,0.85735,0.82319,0.82319
0,0,0,0.7619,1,1,0,0,0,0.74261,1,1
0,0.18605,0.5814,1,1,1,0,0.16798,0.59075,1,1,1
0,0,0.022222,0.35556,0.82222,0.86667,0,0,0.012625,0.33606,0.85295,0.87969
0,0,0.27586,0.72414,0.86207,0.86207,0,0,0.31407,0.83422,0.88061,0.88061
0.15625,0.375,0.8125,0.9375,1,1,0.16877,0.38108,0.81,0.96909,1,1
0.11765,0.23529,0.31373,0.88235,1,1,0.099099,0.2319,0.30664,0.92593,1,1
0,0.08,0.2,0.72,0.98,1,0,0.039168,0.13518,0.76603,0.98856,1
0.21951,0.39024,0.68293,0.90244,0.95122,0.92683,0.15389,0.30667,0.66961,0.87148,0.94319,0.94208
0,0,0.45714,0.91429,1,1,0,0,0.43159,0.94406,1,1
0.17073,0.17073,0.39024,0.78049,0.85366,0.90244,0.18607,0.18607,0.47877,0.83104,0.80049,0.88879
0.70732,0.90244,0.97561,0.7561,0.53659,0.4878,0.7063,0.88245,0.98645,0.75881,0.58706,0.53083
0.069767,0.069767,0.069767,0.39535,0.81395,0.95349,0.080981,0.080981,0.080981,0.37436,0.86719,0.96761
0.33333,0.5,0.91667,0.91667,1,0.88889,0.25457,0.50543,0.90914,0.90914,1,0.93629
0,0,0,0,0.76667,0.93333,0,0,0,0,0.79602,0.95731
0,0,0.069767,0.30233,0.34884,0.65116,0,0,0.036653,0.23997,0.39142,0.66943
0.10909,0.30909,0.54545,0.87273,1,1,0.10276,0.29479,0.61414,0.8601,1,1
0.22059,0.38235,0.63235,0.91176,0.97059,0.94118,0.17384,0.30802,0.57018,0.90774,0.98003,0.9564
0.125,0.5,0.78125,0.9375,1,1,0.094496,0.60444,0.80736,0.96883,1,1
0.26667,0.33333,0.44444,0.55556,0.82222,0.77778,0.25645,0.3078,0.4094,0.50394,0.82206,0.78457
0,0.023256,0.18605,0.37209,0.88372,0.95349,0,0.020075,0.11836,0.32999,0.89126,0.96236
0.13636,0.13636,0.18182,0.56818,0.75,0.86364,0.16591,0.16591,0.19827,0.63993,0.76892,0.83227
0.16327,0.5102,0.7551,0.97959,1,1,0.17844,0.51062,0.80594,0.98656,1,1
0.11111,0.13889,0.5,1,1,1,0.15251,0.17246,0.52638,1,1,1
0,0,0.15686,0.88235,0.94118,1,0,0,0.14138,0.89096,0.93823,1
0,0.21951,0.60976,1,1,1,0,0.27396,0.65868,1,1,1
0,0,0.083333,0.55556,0.88889,0.94444,0,0,0.082326,0.63721,0.92279,0.95581
0.044444,0.066667,0.22222,0.62222,0.82222,0.82222,0.017941,0.078783,0.32995,0.60218,0.89548,0.89548
0.52778,0.58333,0.61111,0.52778,0.41667,0.47222,0.61218,0.63319,0.64895,0.58807,0.4314,0.41842
0,0,0.4375,0.95833,0.95833,0.97917,0,0,0.4401,0.97967,0.97967,0.98676
0.5,0.625,0.95,0.9,0.825,0.775,0.523,0.68653,0.89917,0.85364,0.80524,0.7683
0,0.075,0.55,0.85,1,1,0,0.068266,0.51845,0.86962,1,1
0.027027,0.054054,0.18919,0.59459,1,1,0.08867,0.099391,0.14749,0.50797,1,1
0.071429,0.35714,0.54762,0.97619,1,1,0.055149,0.39207,0.55278,0.95648,1,1
0,0.041667,0.083333,0.20833,0.375,0.5,0,0.033288,0.10666,0.17255,0.34511,0.57812
0,0,0.18033,0.68852,0.98361,1,0,0,0.1325,0.69132,0.97601,1
0.69697,0.72727,0.83333,0.77273,0.57576,0.54545,0.64949,0.67961,0.81386,0.82257,0.59833,0.57874
0.13846,0.38462,0.67692,0.81538,1,0.96923,0.18719,0.38226,0.74173,0.86137,1,0.96446
0.34615,0.5,0.67308,0.96154,0.84615,0.84615,0.35712,0.46222,0.72568,0.98076,0.80067,0.80067
0.52941,0.58824,0.73529,0.82353,0.58824,0.47059,0.38842,0.42204,0.57796,0.82773,0.69188,0.61158
0,0,0.078947,0.47368,0.94737,0.94737,0,0,0.08303,0.54485,0.95879,0.95879
0,0,0,0.11765,0.52941,0.88235,0,0,0,0.047023,0.26184,0.69655
0.017241,0.24138,0.74138,0.98276,0.98276,1,0.019434,0.30788,0.77293,0.98295,0.98295,1
0.022222,0.066667,0.11111,0.2,0.22222,0.44444,0.011712,0.04009,0.10495,0.19955,0.21486,0.4545
0.4,0.55556,0.73333,0.86667,0.93333,0.97778,0.41471,0.5058,0.69029,0.86817,0.92547,0.99205
0.18605,0.2093,0.2093,0.25581,0.60465,0.74419,0.16146,0.17259,0.17259,0.203,0.62912,0.76274
0.073171,0.26829,0.60976,0.97561,1,1,0.052825,0.27048,0.59144,0.94015,1,1
0.075,0.375,0.7,0.975,1,1,0.16384,0.40892,0.70396,0.98235,1,1
0.18605,0.30233,0.4186,0.65116,0.86047,0.86047,0.10515,0.16328,0.25191,0.64422,0.93647,0.93647
0,0.13043,0.34783,0.65217,0.82609,0.93478,0,0.097318,0.30493,0.63408,0.84343,0.96021
0,0,0.037037,0.40741,0.74074,0.83333,0,0,0.02805,0.35924,0.75836,0.84353
0,0.21053,0.26316,0.73684,1,1,0,0.19723,0.34429,0.87163,1,1
0,0,0.086207,0.39655,0.84483,0.96552,0,0,0.068789,0.37729,0.86603,0.96726
0.24,0.32,0.36,0.88,0.96,0.88,0.22957,0.30043,0.32971,0.96646,0.98914,0.8394
0,0,0.038462,0.13462,0.38462,0.84615,0,0,0.028605,0.16967,0.40517,0.86364
0.035088,0.087719,0.35088,0.82456,0.98246,1,0.022603,0.08385,0.35108,0.8447,0.98906,1
0.27273,0.36364,0.87879,1,1,1,0.45266,0.49198,0.91916,1,1,1
0.43478,0.65217,0.8913,0.97826,0.93478,0.8913,0.44269,0.6767,0.88825,0.94842,0.93696,0.85482
0.074074,0.092593,0.2963,0.96296,1,1,0.067141,0.084037,0.28857,0.97466,1,1
0.19149,0.25532,0.31915,0.87234,0.89362,0.93617,0.18998,0.25486,0.29643,0.87607,0.90793,0.95144
0.32,0.52,0.8,1,1,1,0.17192,0.35813,0.74527,1,1,1
0.13208,0.5283,0.73585,0.9434,0.9434,0.96226,0.17831,0.59924,0.73575,0.94768,0.88103,0.88775
0.86,0.9,0.98,0.82,0.38,0.26,0.86787,0.92466,0.98573,0.85588,0.29795,0.21347
0.2963,0.48148,0.85185,0.88889,0.98148,1,0.3813,0.62598,0.91593,0.93964,0.99138,1
0,0.21053,0.52632,0.73684,0.94737,1,0,0.15769,0.58694,0.79877,0.96679,1
0,0.021277,0.042553,0.42553,0.48936,0.48936,0,0.02341,0.09247,0.44167,0.47757,0.47757
0,0.020408,0.040816,0.59184,0.87755,0.95918,0,0.060051,0.07067,0.57305,0.89894,0.96045
0,0.051282,0.076923,0.5641,0.94872,1,0,0.036774,0.069677,0.59677,0.96323,1
0.081081,0.13514,0.24324,0.64865,0.97297,1,0.15081,0.20835,0.29002,0.68445,0.96102,1
0.18,0.44,0.72,0.92,0.82,0.84,0.16319,0.38077,0.71659,0.92747,0.81446,0.84426
0.21951,0.31707,0.53659,0.73171,0.92683,0.95122,0.2933,0.43482,0.63222,0.83054,0.92691,0.94786
0.02439,0.04878,0.17073,0.68293,0.85366,0.92683,0.012562,0.029161,0.11978,0.65276,0.86137,0.91207
0.38298,0.51064,0.82979,1,0.97872,0.95745,0.37538,0.47267,0.80367,1,0.99104,0.96677
0,0.30303,0.54545,1,1,1,0,0.35564,0.56412,1,1,1
0.57778,0.64444,0.86667,1,0.91111,0.91111,0.46359,0.49786,0.87362,1,0.91524,0.91524
0,0.041667,0.15278,0.61111,0.88889,1,0,0.030993,0.1771,0.60278,0.87192,1
0.02381,0.28571,0.52381,0.83333,0.92857,1,0.020063,0.36925,0.69883,0.87466,0.93102,1
0.34783,0.56522,0.71739,0.91304,0.97826,0.91304,0.41594,0.62961,0.75108,0.92028,0.95553,0.88395
0.96,0.96,1,0.88,0.34,0.3,0.96893,0.96893,1,0.88584,0.37937,0.30427
0.2,0.23333,0.53333,0.9,1,1,0.23439,0.27622,0.55462,0.88265,1,1
0.23333,0.43333,0.56667,0.96667,0.96667,1,0.22038,0.36288,0.43123,0.96686,0.96686,1
0,0.17143,0.25714,0.62857,0.94286,1,0,0.10016,0.12896,0.81984,0.96096,1
0,0,0.23077,0.94231,1,1,0,0,0.29135,0.93964,1,1
0.023256,0.11628,0.37209,0.90698,0.97674,1,0.020021,0.11088,0.29466,0.89322,0.97331,1
0.18182,0.20455,0.29545,0.59091,0.97727,0.97727,0.22992,0.24218,0.31248,0.49162,0.97673,0.97673
0.35484,0.58065,0.72581,0.82258,0.91935,0.8871,0.37165,0.57778,0.71303,0.8387,0.93678,0.91379
0.43902,0.65854,0.90244,0.95122,0.92683,0.85366,0.35233,0.5781,0.90162,0.97397,0.92744,0.86321
0,0,0,0.61538,0.97436,1,0,0,0,0.64056,0.97094,1
0.36364,0.36364,0.90909,0.90909,0.79545,0.75,0.3559,0.3559,0.71516,0.79902,0.82861,0.78347
0.52941,0.56863,0.66667,0.88235,0.82353,0.58824,0.44527,0.48205,0.57627,0.86785,0.85234,0.6389
0,0,0.039216,0.58824,0.84314,0.96078,0,0,0.061892,0.62216,0.8814,0.97667
0,0.052632,0.44737,0.94737,1,1,0,0.11115,0.42985,0.91411,1,1
0.23077,0.33333,0.58974,0.92308,0.97436,1,0.20613,0.33203,0.61383,0.95271,0.98826,1
0.017857,0.125,0.32143,0.64286,0.69643,0.80357,0.023964,0.089011,0.27662,0.58473,0.61999,0.72852
0.13559,0.25424,0.72881,1,1,0.9661,0.10894,0.2269,0.78062,1,1,0.97107
0.073171,0.2439,0.70732,0.95122,1,1,0.055462,0.34741,0.76914,0.95749,1,1
0.12698,0.65079,0.96825,1,1,1,0.10948,0.6129,0.97605,1,1,1
0.13514,0.16216,0.51351,0.83784,0.97297,0.97297,0.07768,0.17607,0.60849,0.87053,0.98861,0.98861
0.43243,0.7027,0.75676,0.83784,0.81081,0.78378,0.27107,0.53347,0.64466,0.89139,0.86493,0.85838
0.14583,0.27083,0.29167,0.54167,0.70833,0.9375,0.13312,0.21386,0.22529,0.39346,0.58881,0.86254
0.04,0.2,0.38,0.7,0.8,0.92,0.059726,0.25457,0.4517,0.73597,0.81136,0.91449
0.4386,0.68421,0.96491,1,0.98246,0.70175,0.48675,0.72018,0.97681,1,0.99439,0.61774
0,0.027778,0.16667,0.38889,0.75,0.88889,0,0.0086689,0.15856,0.39234,0.73154,0.88507
0.10909,0.14545,0.2,0.49091,0.94545,0.94545,0.097187,0.13088,0.17739,0.41131,0.93818,0.93818
0,0,0.043478,0.67391,0.8913,0.91304,0,0,0.054671,0.75017,0.91246,0.93391
0,0.13514,0.18919,0.27027,0.59459,0.83784,0,0.076601,0.099085,0.16997,0.50229,0.84261
0.02439,0.2439,0.60976,0.92683,0.97561,1,0.035261,0.31559,0.69464,0.92489,0.96544,1
0,0,0,0.23529,0.88235,0.97059,0,0,0,0.27696,0.9185,0.98346
0.037037,0.037037,0.22222,0.7037,0.88889,0.88889,0.018669,0.018669,0.46104,0.82305,0.91234,0.91234
0,0.019608,0.17647,0.4902,0.72549,0.96078,0,0.014585,0.21194,0.55287,0.76208,0.97721
0,0,0.18421,0.63158,0.92105,1,0,0,0.1399,0.65874,0.92937,1
0.06,0.24,0.26,0.5,0.7,0.86,0.054096,0.24109,0.2561,0.47092,0.64947,0.81895
0.13462,0.30769,0.53846,0.88462,0.92308,0.94231,0.13002,0.28116,0.53416,0.88861,0.9147,0.93126
0.1,0.2,0.46667,0.73333,0.86667,0.86667,0.10166,0.16114,0.53464,0.78991,0.86898,0.86898
0.029412,0.029412,0.088235,0.17647,0.41176,0.85294,0.016667,0.016667,0.049123,0.088158,0.31228,0.91184
0.71739,0.73913,0.80435,0.54348,0.34783,0.32609,0.85752,0.8692,0.91825,0.61226,0.17343,0.16672
0,0.037736,0.20755,0.81132,1,1,0,0.069086,0.22496,0.85515,1,1
0,0,0.02381,0.095238,0.19048,0.30952,0,0,0.024752,0.11746,0.19757,0.32088
0.027027,0.18919,0.78378,0.97297,1,1,0.056342,0.24877,0.80419,0.96275,1,1
0.89286,0.96429,0.96429,0.60714,0.25,0.25,0.72335,0.80025,0.80025,0.89402,0.35209,0.35209
0.98182,0.98182,1,0.87273,0.65455,0.47273,0.98397,0.98397,1,0.92536,0.58182,0.39593
0,0,0,0.2,0.38,0.52,0,0,0,0.20773,0.34532,0.44155
0,0,0.23333,0.63333,0.83333,0.93333,0,0,0.32355,0.75854,0.87957,0.94667
0,0,0.25,0.64286,0.96429,0.96429,0,0,0.30922,0.70647,0.97744,0.97744
0.026316,0.026316,0.052632,0.23684,0.84211,0.89474,0.013715,0.013715,0.020083,0.23096,0.8266,0.84301
0.035088,0.10526,0.57895,0.87719,0.96491,1,0.032888,0.11918,0.67502,0.91403,0.96939,1
0.025641,0.30769,0.64103,0.82051,0.87179,0.94872,0.027371,0.30681,0.60535,0.8205,0.87651,0.94208
0.036364,0.10909,0.21818,0.30909,0.72727,0.90909,0.021898,0.069708,0.17117,0.22409,0.73686,0.90328
0,0,0.071429,0.59524,0.92857,1,0,0,0.11309,0.64991,0.95149,1
0.021739,0.021739,0.021739,0.34783,0.95652,1,0.047981,0.047981,0.047981,0.33517,0.97825,1
0,0,0,0.097561,0.4878,0.7561,0,0,0,0.1565,0.55671,0.8112
0.91667,1,1,0.79167,0.66667,0.66667,0.95957,1,1,0.57373,0.48469,0.48469
0,0,0.15385,0.61538,1,1,0,0,0.22185,0.62613,1,1
0.018868,0.018868,0.09434,0.81132,1,0.98113,0.0091006,0.0091006,0.046842,0.87099,1,0.9909
0.72,0.76,0.78,0.68,0.36,0.38,0.62821,0.68923,0.69923,0.64355,0.33745,0.36112
0,0,0,0.80435,1,1,0,0,0,0.82948,1,1
0.05,0.075,0.275,0.85,0.975,1,0.022871,0.057421,0.24623,0.81898,0.95426,1
0.035714,0.14286,0.60714,0.98214,0.98214,1,0.08172,0.17097,0.6509,0.98423,0.98423,1
0.33333,0.60784,0.94118,0.98039,0.96078,0.96078,0.40675,0.64857,0.94883,0.99429,0.97403,0.97403
0.83333,0.94444,0.94444,0.83333,0.75,0.58333,0.87654,0.98349,0.98349,0.82152,0.74406,0.62566
0.017857,0.053571,0.19643,0.69643,0.94643,1,0.009326,0.055956,0.16956,0.71259,0.94659,1
0.11321,0.16981,0.43396,0.88679,0.9434,0.90566,0.20166,0.27037,0.53883,0.85331,0.95014,0.81655
0.018519,0.055556,0.12963,0.53704,0.77778,0.88889,0.013764,0.061224,0.15757,0.57712,0.73897,0.83626
0,0.033898,0.067797,0.40678,0.84746,0.9322,0,0.042661,0.084237,0.4483,0.85213,0.91323
0.038462,0.038462,0.076923,0.15385,0.19231,0.65385,0.044864,0.044864,0.069067,0.1098,0.13105,0.64817
0,0.02439,0.02439,0.17073,0.70732,0.97561,0,0.026578,0.026578,0.15033,0.73505,0.97924
0,0,0,0,0.31579,0.78947,0,0,0,0,0.29059,0.79018
0,0.17857,0.28571,0.57143,0.89286,0.96429,0,0.19131,0.28821,0.54222,0.88956,0.9601
0.26923,0.44231,0.55769,0.69231,0.76923,0.88462,0.29077,0.58271,0.65069,0.75521,0.78271,0.88134
0,0,0.31111,0.97778,1,1,0,0,0.33825,0.98814,1,1
0.020833,0.041667,0.0625,0.10417,0.47917,0.64583,0.0675,0.08225,0.088,0.05625,0.526,0.631
0.066667,0.33333,0.73333,0.97778,1,1,0.068096,0.31999,0.70712,0.96658,1,1
0,0,0.44118,0.64706,0.64706,0.94118,0,0,0.26595,0.46442,0.46442,0.97914
0.32353,0.67647,0.91176,0.97059,0.97059,0.97059,0.30381,0.86398,0.97309,0.98617,0.98617,0.98617
0,0.025641,0.58974,0.89744,0.94872,0.97436,0,0.0069894,0.68392,0.96428,0.97877,0.98757
0.38,0.38,0.7,0.92,0.94,0.96,0.34284,0.34284,0.61092,0.94819,0.96697,0.97983
0.093023,0.23256,0.32558,0.81395,0.97674,0.97674,0.11169,0.2246,0.37782,0.86935,0.95766,0.95766
0,0.04,0.12,0.52,0.64,0.74,0,0.019583,0.088283,0.48411,0.69823,0.77432
0.23077,0.65385,0.84615,1,1,1,0.19594,0.46348,0.76164,1,1,1
0.7561,0.7561,0.7561,1,0.56098,0.56098,0.84505,0.84505,0.84505,1,0.52865,0.52865
0.027778,0.11111,0.30556,0.5,0.61111,0.75,0.013263,0.072755,0.23721,0.44032,0.68549,0.77567
0.55263,0.75,0.94737,0.93421,0.98684,0.93421,0.46874,0.66951,0.86533,0.85679,0.99146,0.95235
0.30667,0.50667,0.74667,1,0.97333,0.89333,0.36524,0.51093,0.75598,1,0.97008,0.87331
0.38889,0.72222,0.80556,0.91667,0.88889,0.88889,0.34822,0.68169,0.72121,0.93356,0.92416,0.92416
0.13462,0.13462,0.30769,0.59615,0.69231,0.76923,0.15015,0.15015,0.3329,0.61737,0.67614,0.78786
0.64286,0.75,0.78571,0.75,0.71429,0.64286,0.54602,0.60091,0.61106,0.62597,0.61517,0.59226
0.17778,0.2,0.22222,0.42222,0.53333,0.71111,0.20522,0.22122,0.23774,0.43817,0.57196,0.73188
0.13514,0.21622,0.51351,0.75676,1,1,0.22032,0.32246,0.6754,0.87059,1,1
0,0,0.054545,0.70909,1,1,0,0,0.050869,0.74823,1,1
0,0.019608,0.078431,0.90196,1,1,0,0.010934,0.069807,0.91926,1,1
0.021739,0.1087,0.56522,0.97826,1,1,0.042477,0.12794,0.59672,0.98311,1,1
0.025641,0.076923,0.20513,0.84615,0.97436,1,0.01862,0.050383,0.18127,0.86637,0.96276,1
0.03125,0.078125,0.125,0.54688,0.8125,0.96875,0.020601,0.057413,0.11989,0.47653,0.75988,0.97467
0.34091,0.61364,0.75,0.95455,0.88636,0.90909,0.30813,0.50237,0.72598,0.92438,0.82503,0.8879
0.7381,0.7619,1,0.80952,0.7381,0.57143,0.69906,0.72761,1,0.7648,0.64746,0.5296
0.019608,0.058824,0.17647,0.56863,0.94118,0.96078,0.0088121,0.032076,0.15897,0.62143,0.97215,0.98308
0.48148,0.59259,0.81481,0.81481,0.88889,0.88889,0.45866,0.60383,0.91605,0.91605,0.92994,0.92994
