-2.7968e-07,2.1125e-05,-0.00054721,0.0053694,-0.012431,-0.037519,0.28677,67.479
-2.5228e-08,2.5822e-06,-0.00011305,0.002869,-0.046083,0.4305,-1.6295,61.68
-1.3592e-06,0.00013951,-0.0056686,0.1157,-1.2466,6.9151,-18.352,75.09
1.1656e-07,-1.4197e-05,0.0007077,-0.018021,0.23699,-1.4302,3.0091,72.202
-1.746e-07,2.2937e-05,-0.0011224,0.025995,-0.29758,1.6664,-4.9247,72.428
-1.2588e-06,0.0001192,-0.0043814,0.077999,-0.67609,2.4161,-1.6988,61.086
2.52e-07,-1.2849e-06,-0.00083034,0.033003,-0.51034,3.5166,-9.2439,67.455
1.2871e-06,-0.00013541,0.0056762,-0.12025,1.3393,-7.3503,16.792,58.946
-3.7933e-07,3.1038e-05,-0.0010069,0.018426,-0.23896,2.1056,-8.2364,67.396
3.1058e-07,-3.2592e-05,0.0013524,-0.028195,0.31047,-1.7361,4.1366,61.418
-8.0799e-07,8.2599e-05,-0.003272,0.062895,-0.59817,2.5234,-3.2321,66.8
5.896e-07,-6.5516e-05,0.0029046,-0.065762,0.80553,-5.1214,14.241,47.318
1.5427e-07,-1.5706e-05,0.00061822,-0.01181,0.11247,-0.49467,0.91486,57.478
-5.7996e-07,6.5477e-05,-0.0029745,0.069269,-0.86527,5.418,-12.898,65.227
2.7504e-07,-2.9434e-05,0.0012122,-0.023663,0.20746,-0.40157,-3.6712,72.106
-5.4957e-07,6.1735e-05,-0.0027626,0.062351,-0.73559,4.1665,-8.2836,59.236
-9.5806e-07,0.00010706,-0.0047101,0.1028,-1.1485,6.037,-11.174,67.973
2.5254e-07,-3.9335e-05,0.002247,-0.061912,0.87818,-6.2105,19.472,42.094
-6.2178e-07,6.2079e-05,-0.0024174,0.046031,-0.4357,1.7862,-1.2213,56.563
-4.6264e-08,6.9461e-06,-0.00040549,0.011758,-0.17745,1.3255,-4.0872,66.026
-8.2173e-08,2.4154e-07,0.00039163,-0.017804,0.31581,-2.4881,8.0688,47.435
-7.8156e-07,8.5302e-05,-0.0037544,0.085579,-1.0791,7.4222,-25.148,85.146
-4.152e-06,0.00041253,-0.01664,0.34768,-3.9685,23.999,-69.953,152.85
2.1765e-07,-2.8184e-05,0.0014015,-0.034947,0.47102,-3.3557,10.593,64.762
-1.4281e-06,0.00016166,-0.0073229,0.16853,-2.0612,12.736,-34.954,100.9
6.5765e-07,-7.1135e-05,0.0030447,-0.065425,0.7361,-4.1062,10.271,56.685
8.8077e-08,-5.6718e-06,0.00016226,-0.0050314,0.14397,-2.1082,12.744,37.523
4.0212e-07,-3.9665e-05,0.0015441,-0.030223,0.31376,-1.7008,4.7333,67.606
1.5026e-07,-2.3869e-05,0.0013454,-0.035184,0.44482,-2.4994,5.195,59.72
3.8006e-07,-3.8614e-05,0.0015821,-0.034058,0.41599,-2.7269,6.8839,63.157
-2.5992e-07,2.3244e-05,-0.00074624,0.0092895,-0.0033097,-0.7767,4.5965,56.105
-5.8213e-07,6.9267e-05,-0.0031814,0.071291,-0.81145,4.446,-9.6048,70.921
1.0331e-08,-1.338e-06,3.1493e-06,0.0035088,-0.12361,1.466,-5.1271,65.916
8.2175e-07,-9.7359e-05,0.0044832,-0.10193,1.1911,-6.6915,15.582,49.071
-7.9753e-07,0.00011749,-0.0071573,0.23209,-4.2941,44.957,-244.73,595.52
-2.586e-07,2.793e-05,-0.0012337,0.028258,-0.34456,2.0093,-4.6078,73.894
2.6393e-06,-0.0002897,0.012758,-0.28494,3.3554,-19.669,49.163,30.22
-1.7117e-07,1.2153e-05,-0.00026091,0.00063737,0.035246,-0.29232,0.56879,54.382
-2.694e-07,2.51e-05,-0.00088945,0.014751,-0.11167,0.29256,0.19948,57.364
-6.3267e-07,5.8726e-05,-0.0021126,0.036981,-0.32358,1.3267,-2.35,60.371
4.3549e-07,-4.1989e-05,0.0015678,-0.028339,0.25068,-0.91558,0.010947,66.32
-2.0146e-07,2.188e-05,-0.00094031,0.020126,-0.22038,1.1248,-1.9476,67.306
4.2317e-07,-4.1685e-05,0.0016485,-0.033194,0.34818,-1.6663,2.699,54.116
8.3782e-07,-9.5494e-05,0.0043152,-0.0984,1.1921,-7.3645,20.073,46.135
6.459e-07,-6.6583e-05,0.0027108,-0.054946,0.57095,-2.7592,4.5561,58.94
-5.1413e-07,3.983e-05,-0.00097621,0.0041886,0.14978,-1.9029,6.5289,66.126
1.1656e-06,-0.00011754,0.0046387,-0.090644,0.91444,-4.5349,9.8633,51.762
4.3713e-07,-4.9007e-05,0.0021873,-0.048746,0.55707,-3.0339,6.8434,62.249
-2.6934e-07,3.0685e-05,-0.0013541,0.028891,-0.30238,1.4072,-2.7448,75.013
-2.4841e-07,2.5408e-05,-0.0010247,0.020375,-0.20002,0.76932,0.53577,59.189
-1e-06,0.00010697,-0.0045183,0.095329,-1.0448,5.5545,-11.402,69.271
3.595e-07,-3.5803e-05,0.0013402,-0.022983,0.17155,-0.36856,-0.2751,62.035
-2.6291e-07,2.2165e-05,-0.00064728,0.0063202,0.033592,-0.93885,4.4733,55.186
-5.2688e-07,4.949e-05,-0.0017686,0.030182,-0.2569,1.0094,0.098994,58.372
4.3027e-08,-5.0548e-06,0.00017819,-0.0011948,-0.043457,0.71556,-2.9902,65.488
5.263e-07,-5.078e-05,0.0019171,-0.035908,0.34583,-1.5381,1.878,58.097
-6.3629e-07,6.5009e-05,-0.0026552,0.055242,-0.61691,3.5755,-9.4759,64.072
-4.2084e-07,4.336e-05,-0.0017733,0.036539,-0.39663,2.1559,-4.9487,65.533
-8.4451e-07,8.5178e-05,-0.0034268,0.069868,-0.75415,4.0584,-9.1869,67.798
-1.0016e-06,9.9946e-05,-0.0039579,0.078151,-0.78461,3.5455,-4.7241,62.678
3.2821e-07,-2.6926e-05,0.00074014,-0.0051833,-0.098473,1.7469,-7.7796,70.037
-2.8783e-05,0.0026979,-0.099721,1.8561,-18.466,95.949,-234.5,271.8
-9.9179e-07,9.667e-05,-0.003799,0.077274,-0.8619,5.0218,-12.211,64.073
-2.7294e-07,2.184e-05,-0.00065511,0.0093471,-0.069708,0.29353,-0.62329,61.49
-1.0772e-07,1.0232e-05,-0.00036261,0.0056353,-0.028243,-0.15354,1.5599,62.647
4.626e-07,-5.2401e-05,0.0023853,-0.05567,0.70317,-4.6295,13.742,61.502
3.3711e-07,-3.8844e-05,0.0017216,-0.036875,0.39028,-1.8666,3.636,59.554
2.7982e-07,-3.0022e-05,0.0012644,-0.026357,0.27982,-1.3956,2.4737,77.354
1.2354e-06,-0.00013473,0.0058221,-0.12556,1.392,-7.271,13.209,68.214
3.7076e-07,-4.0637e-05,0.0017457,-0.037099,0.40536,-2.1555,4.8146,62.812
7.2125e-09,-2.5423e-06,0.00016208,-0.0040543,0.042288,-0.076601,-1.484,67.271
1.2525e-07,-9.6483e-06,0.00024622,-0.0019529,-0.0083219,0.15681,-0.27452,65.113
-5.1087e-07,5.4658e-05,-0.0022947,0.047827,-0.51657,2.758,-6.3686,68.476
1.3831e-07,-1.6387e-05,0.00078134,-0.019087,0.25316,-1.7941,6.0768,58.475
-3.4156e-07,3.7687e-05,-0.0016729,0.03789,-0.45185,2.529,-4.1366,62.765
1.0809e-06,-0.00011098,0.0045105,-0.092383,1.0051,-5.5903,13.292,51.126
-3.7122e-07,4.8137e-05,-0.0024923,0.065979,-0.94483,7.0529,-23.178,82.159
1.0642e-07,-6.9471e-06,6.5736e-05,0.0046077,-0.13856,1.513,-7.1109,66.684
2.1482e-07,-2.505e-05,0.0011582,-0.026945,0.32857,-1.9508,4.1101,63.598
1.9301e-07,-2.2056e-05,0.0010509,-0.02628,0.35571,-2.4314,7.4492,47.744
4.0923e-07,-3.6465e-05,0.0012583,-0.021212,0.1836,-0.84099,2.579,57.93
7.8864e-07,-8.4999e-05,0.0036502,-0.079399,0.91491,-5.2605,12.271,55.537
6.7247e-07,-6.0859e-05,0.0020786,-0.032518,0.21596,-0.30572,-1.0822,53.759
1.9572e-07,-2.1931e-05,0.00096173,-0.020704,0.22053,-0.97779,0.91686,63.062
6.4961e-07,-6.6536e-05,0.0026572,-0.051779,0.49888,-2.0568,1.9791,65.125
4.8016e-07,-6.8301e-05,0.0034942,-0.084846,1.0379,-6.0498,13.51,64.456
1.5954e-06,-0.00015851,0.0061596,-0.11763,1.1323,-5.0106,8.0316,56.038
-1.1585e-07,1.102e-05,-0.00043332,0.0092465,-0.11559,0.81138,-2.6085,69.612
1.1346e-06,-0.00011405,0.0045817,-0.094003,1.0423,-6.0308,15.571,53.445
-1.3675e-07,8.4737e-06,-8.7359e-06,-0.0093907,0.22824,-1.7879,2.9063,69.273
-1.494e-07,1.32e-05,-0.00041452,0.0048953,0.0035853,-0.47648,3.0955,54.251
-3.6579e-07,3.0527e-05,-0.0009449,0.012924,-0.066218,-0.037719,0.76637,64.619
3.8099e-07,-3.0699e-05,0.00073518,5.9857e-05,-0.21358,2.2968,-5.6813,75.526
-5.3405e-07,5.9997e-05,-0.0026872,0.060578,-0.71558,4.209,-10.224,66.137
1.5381e-07,-9.381e-06,5.3136e-05,0.0075687,-0.20221,1.913,-6.4808,67.237
1.4188e-06,-0.00014915,0.0061938,-0.12915,1.4253,-8.1056,21.327,48.207
1.0191e-07,-9.6018e-06,0.00032466,-0.0040797,-0.0077072,0.52045,-2.1515,56.316
-1.5475e-07,1.7911e-05,-0.00078703,0.016545,-0.17111,0.7878,-1.288,67.057
-4.9885e-08,1.0133e-05,-0.0006314,0.017983,-0.2634,2.0093,-7.2043,73.119
-3.8514e-07,2.4017e-05,-0.0003602,-0.0039608,0.13412,-0.94973,2.8097,60.095
8.5258e-07,-0.00010054,0.0047935,-0.11778,1.5694,-10.872,33.968,43.979
1.5236e-06,-0.00016849,0.0074915,-0.17353,2.279,-17.213,69.707,-55.147
-7.5216e-07,7.8335e-05,-0.0032224,0.066199,-0.70486,3.647,-7.7745,69.167
1.1268e-07,-4.6625e-06,-0.00025736,0.019605,-0.45615,4.6439,-19.343,86.822
-7.079e-07,6.3987e-05,-0.0021772,0.033835,-0.22076,0.23856,1.8174,78.425
1.2621e-06,-0.00014096,0.0063479,-0.14769,1.8881,-12.914,40.502,33.942
-3.1631e-07,4.2712e-05,-0.0022353,0.057988,-0.79045,5.5704,-18.451,77.049
1.0556e-06,-0.00010415,0.0039862,-0.074176,0.6853,-2.822,3.5597,63.192
-2.8882e-07,2.6203e-05,-0.00093094,0.016302,-0.14491,0.6042,-0.97385,62.327
-9.4076e-07,7.706e-05,-0.0024851,0.039389,-0.30197,0.80953,1.142,62.456
3.6015e-06,-0.00036765,0.01492,-0.30671,3.3658,-18.957,46.665,35.514
-4.1802e-07,4.2452e-05,-0.0017421,0.037246,-0.44397,2.8877,-8.915,73.169
1.0827e-06,-0.00011172,0.0045317,-0.09124,0.94653,-4.7601,9.9744,55.88
1.2569e-07,-1.4401e-05,0.00065272,-0.01498,0.18662,-1.2883,4.8889,58.267
6.3444e-07,-6.7725e-05,0.0028163,-0.057226,0.58056,-2.6836,4.9981,67.085
-9.7232e-08,1.215e-05,-0.00061401,0.016157,-0.23702,1.913,-7.4239,70.121
2.0687e-07,-2.0175e-05,0.00077411,-0.01483,0.1479,-0.7127,1.2157,60.078
-2.7908e-07,2.814e-05,-0.001157,0.025685,-0.3429,2.7414,-10.709,78.705
-6.5963e-07,6.7583e-05,-0.0027263,0.054232,-0.53585,2.1686,-0.62057,65.176
2.554e-07,-2.8431e-05,0.0012034,-0.023982,0.22201,-0.76527,0.26611,64.766
5.2381e-07,-4.8612e-05,0.0017061,-0.027318,0.17438,0.074806,-3.6272,66.05
6.5989e-07,-6.3984e-05,0.0024048,-0.043558,0.37898,-1.3012,0.63411,63.785
3.1164e-07,-3.0521e-05,0.0011679,-0.022009,0.20758,-0.80281,-0.10257,63.444
1.7383e-07,-1.7376e-05,0.00068102,-0.01314,0.12729,-0.54288,0.52995,65.327
8.9825e-07,-7.2947e-05,0.0021771,-0.029093,0.17858,-0.66379,1.7998,65.084
-1.8697e-07,2.0876e-05,-0.00091803,0.020348,-0.24059,1.4632,-3.8864,58.651
2.4303e-08,1.4458e-07,-7.5606e-05,0.0016763,-0.00087996,-0.15451,0.62348,66.786
1.0065e-06,-0.00011453,0.0050728,-0.10932,1.161,-5.3059,6.0546,67.57
-1.2757e-06,0.00014204,-0.0062128,0.13431,-1.4728,7.4499,-13.617,68.464
4.1077e-07,-3.3349e-05,0.00094296,-0.0096866,-0.0060538,0.5286,-1.2713,63.989
2.327e-06,-0.00022314,0.008435,-0.15921,1.5629,-7.5323,15.361,54.983
-8.534e-07,8.5752e-05,-0.0033496,0.064042,-0.6216,2.9106,-5.637,59.772
-3.9584e-07,4.6545e-05,-0.0020277,0.042397,-0.45202,2.4095,-5.6716,59.919
4.7873e-07,-4.7156e-05,0.0018191,-0.034742,0.34131,-1.6044,2.7572,60.605
-8.0558e-07,8.4638e-05,-0.0035603,0.076074,-0.85868,4.7725,-10.589,71.888
3.3117e-07,-4.4897e-05,0.0023963,-0.064301,0.90443,-6.1607,15.144,70.794
1.9841e-06,-0.00020122,0.0079583,-0.15353,1.4634,-6.0201,7.4907,53.689
7.1741e-07,-5.8384e-05,0.0017451,-0.022871,0.11353,0.048353,-2.3343,75.774
-7.1735e-07,7.6476e-05,-0.0032799,0.071874,-0.8391,4.8935,-11.645,71.318
-1.5719e-06,0.00017878,-0.008154,0.19038,-2.404,15.911,-49.339,117.27
-3.5816e-07,2.996e-05,-0.00091388,0.012306,-0.075814,0.25743,1.0231,53.533
-2.9235e-07,1.6476e-05,-0.0001083,-0.008848,0.19679,-1.3286,1.2396,71.073
-2.7823e-06,0.00025002,-0.008857,0.15666,-1.439,6.4658,-12.083,85.409
8.3157e-07,-9.0874e-05,0.0039539,-0.087133,1.0238,-6.1938,17,45.131
6.4138e-08,-7.9451e-06,0.00040878,-0.010896,0.15394,-1.059,2.9527,54.391
1.9017e-07,-1.0197e-05,4.1016e-05,0.0057036,-0.099662,0.37438,1.0147,61.128
-5.4064e-07,6.1498e-05,-0.00268,0.055969,-0.56167,2.2957,-3.3975,77.746
1.7739e-07,-1.6482e-05,0.00063066,-0.012879,0.14662,-0.83602,1.8728,53.909
-1.766e-07,1.3099e-05,-0.0003895,0.0075551,-0.13056,1.4939,-6.4573,69.186
-8.8978e-07,9.5509e-05,-0.0040942,0.089308,-1.0429,6.2286,-15.925,69.986
-1.3616e-06,0.00014389,-0.0061663,0.13778,-1.7139,11.651,-38.696,108.38
2.7737e-07,-2.5613e-05,0.00093439,-0.01702,0.15844,-0.66581,0.96109,55.239
1.3683e-06,-0.00021834,0.013667,-0.43456,7.5037,-69.116,308.25,-451.21
-7.1243e-07,7.8556e-05,-0.0034626,0.077554,-0.92418,5.5409,-13.601,67.384
3.9297e-08,2.8641e-06,-0.00045296,0.017365,-0.28462,2.0378,-5.1596,61.663
1.0495e-06,-0.00011544,0.0050301,-0.10974,1.242,-6.7337,13.195,59.908
1.4467e-06,-0.00015734,0.0067515,-0.14453,1.6104,-8.9953,24.187,32.179
-4.9729e-07,4.6045e-05,-0.0016339,0.028381,-0.2636,1.4197,-4.7977,74.198
2.123e-08,2.2883e-07,-0.00012772,0.0056823,-0.10595,0.94296,-3.7464,65.516
2.9945e-08,-1.3917e-06,-3.7014e-05,0.0035212,-0.085395,0.93849,-4.6757,66.579
3.0942e-07,-4.2956e-05,0.0023015,-0.060676,0.82161,-5.3757,14.284,54.95
3.1957e-07,-3.0223e-05,0.0010798,-0.018134,0.14892,-0.63749,1.6407,67.095
-5.5528e-08,9.5544e-06,-0.00062894,0.020021,-0.32116,2.4851,-8.0065,61.91
4.3282e-07,-4.1487e-05,0.0015571,-0.028752,0.26764,-1.1473,1.9712,54.146
5.3933e-07,-6.1293e-05,0.0028997,-0.073255,1.0457,-8.0881,28.462,40.073
-0.0022537,0.071681,-0.89874,5.6972,-19.441,34.302,-25.303,81.217
-1.2301e-06,0.00012665,-0.0051612,0.10539,-1.1171,5.5804,-8.3305,55.281
-1.7354e-06,0.00016785,-0.0063519,0.11889,-1.1488,5.4818,-10.903,62.522
0.00073227,-0.02365,0.29658,-1.8196,5.6667,-8.4208,4.0254,57.196
3.4437e-07,-3.0167e-05,0.0010551,-0.018898,0.18412,-0.93776,2.4117,59.969
4.499e-07,-5.0315e-05,0.0022073,-0.04776,0.52258,-2.6097,4.2417,68.551
3.6428e-06,-0.00033793,0.012386,-0.23007,2.3313,-13.008,36.457,36.717
-1.3722e-06,0.0001424,-0.0058393,0.11931,-1.2535,6.2467,-11.853,69.447
7.491e-07,-7.2782e-05,0.0027976,-0.054347,0.56608,-3.0925,8.1721,55.49
-1.855e-08,4.8627e-06,-0.00035629,0.011952,-0.2083,1.8453,-6.6078,63.076
-5.9909e-07,5.7453e-05,-0.0020939,0.035511,-0.27084,0.70527,0.45081,51.94
1.0037e-06,-0.00011125,0.0048561,-0.10565,1.191,-6.5077,14.103,47.136
-5.5864e-07,5.5968e-05,-0.0022275,0.044994,-0.48934,2.7984,-7.5593,64.08
1.0717e-06,-9.1738e-05,0.0028077,-0.033231,0.012561,2.4734,-13.326,69.08
6.3939e-09,-3.1017e-07,-1.7484e-05,0.0014588,-0.036658,0.40821,-1.8209,67.905
-6.6133e-07,6.9504e-05,-0.0029139,0.061794,-0.68806,3.6654,-5.5841,47.728
-2.995e-07,2.9599e-05,-0.0011689,0.023578,-0.2558,1.4319,-3.5296,64.751
-4.3874e-07,4.5593e-05,-0.0018714,0.038646,-0.42446,2.4104,-6.1459,68.644
8.613e-07,-8.9257e-05,0.0036106,-0.071526,0.70876,-3.15,4.3968,58.936
-3.2103e-07,3.6405e-05,-0.0015832,0.033338,-0.3582,2.033,-7.1383,73.94
4.2546e-07,-4.8303e-05,0.0021582,-0.047798,0.54073,-2.8756,6.0804,54.994
-2.4879e-07,2.3685e-05,-0.00093859,0.020578,-0.27207,2.0364,-5.9499,55.994
-6.9154e-07,6.93e-05,-0.0027348,0.053893,-0.55497,2.8481,-6.3331,59.212
6.2021e-07,-7.161e-05,0.0033345,-0.079504,1.0133,-6.4923,16.789,53.531
1.1395e-06,-9.2235e-05,0.0027029,-0.032004,0.060336,1.3968,-5.9462,67.238
-4.7826e-07,4.7627e-05,-0.0018036,0.031806,-0.25029,0.60615,0.65923,59.297
4.6598e-07,-5.1091e-05,0.0022148,-0.047822,0.53022,-2.7787,5.5104,60.696
-2.9872e-07,3.1058e-05,-0.0012937,0.027698,-0.32612,2.0978,-6.5636,70.759
-2.2378e-06,0.00023245,-0.0095539,0.19656,-2.1071,11.059,-23.511,89.724
6.2877e-07,-5.3149e-05,0.0017754,-0.030921,0.31563,-1.9325,6.1508,58.524
-9.5936e-07,0.00010829,-0.0048543,0.10947,-1.2939,7.5588,-18.093,83.343
4.8645e-07,-5.8886e-05,0.0027807,-0.065045,0.7839,-4.533,10.316,54.429
7.0821e-07,-7.9987e-05,0.0036258,-0.08448,1.0776,-7.341,22.978,42.181
4.5997e-08,-1.0224e-05,0.00064826,-0.017494,0.2099,-0.88006,-0.73749,71.218
-7.227e-07,7.201e-05,-0.0027587,0.050418,-0.43688,1.4398,0.30322,54.317
-4.5264e-07,5.1756e-05,-0.0023978,0.057612,-0.76042,5.327,-16.967,81.514
9.2126e-07,-9.5414e-05,0.0038631,-0.077018,0.78206,-3.781,7.2746,57.136
4.7285e-07,-4.5217e-05,0.0016843,-0.030939,0.29205,-1.3301,2.4616,56.552
-1.1318e-06,0.00011296,-0.0043477,0.080669,-0.73822,3.1071,-5.3127,61.129
-8.0847e-07,8.5e-05,-0.0035771,0.076453,-0.86525,4.8751,-11.145,66.967
-2.705e-07,2.7088e-05,-0.0010928,0.022684,-0.25666,1.5463,-4.4074,63.688
9.4212e-08,-8.8612e-06,0.00032197,-0.0060752,0.072515,-0.57843,2.0208,61.308
2.2516e-07,-2.3018e-05,0.00090155,-0.016623,0.13903,-0.35819,-0.58814,67.059
4.6136e-07,-5.1857e-05,0.0022564,-0.047517,0.48709,-2.0333,1.1692,69.899
5.0735e-07,-3.4741e-05,0.00058116,0.0085479,-0.3596,3.6423,-11.497,76.756
5.8553e-07,-6.2447e-05,0.0026566,-0.057366,0.65933,-3.8265,9.4921,51.873
-5.8373e-07,6.2398e-05,-0.002645,0.056456,-0.63905,3.7701,-11.448,77.102
-5.6517e-07,5.6504e-05,-0.0021895,0.041322,-0.39159,1.7191,-2.8292,67.197
8.4974e-07,-8.1711e-05,0.0029466,-0.048509,0.34559,-0.67098,-1.2589,64.251
-5.2646e-07,4.8538e-05,-0.0017255,0.029561,-0.24673,0.85338,-0.37618,66.857
6.8561e-07,-7.2004e-05,0.0030041,-0.063024,0.68801,-3.5709,6.4489,64.011
1.1916e-06,-0.00011183,0.0040816,-0.071925,0.6,-1.7152,-2.0205,71.253
-1.3547e-06,0.000124,-0.0042364,0.064927,-0.39568,0.09945,5.5155,52.784
4.8688e-07,-4.7315e-05,0.0017219,-0.02798,0.17182,0.15684,-4.1771,78.158
-1.6278e-06,0.00015893,-0.0061373,0.1184,-1.1759,5.5157,-10.457,72.679
-1.3492e-06,0.00013665,-0.0054551,0.10845,-1.1137,5.5297,-11.221,67.5
-5.8373e-07,5.2129e-05,-0.0017381,0.02632,-0.16962,0.24165,1.4102,49.85
5.331e-07,-5.4012e-05,0.002063,-0.036444,0.29375,-1.0133,2.4607,59.428
2.8276e-07,-2.7537e-05,0.0010335,-0.01885,0.17571,-0.85252,2.4385,59.822
5.4322e-08,-9.9368e-06,0.00063604,-0.019002,0.27774,-1.7984,4.0803,51.861
-5.2843e-05,0.0037629,-0.10564,1.4855,-10.988,41.083,-69.078,108.66
1.9112e-05,-0.0018658,0.073824,-1.5157,17.151,-104.55,309.31,-271.14
-4.3452e-06,0.00030403,-0.0077714,0.085474,-0.31308,-0.6776,4.1139,63.789
-3.8538e-06,0.0003327,-0.011435,0.19873,-1.829,8.5112,-17.25,71.506
6.4492e-05,-0.0084518,0.45159,-12.602,195.09,-1636.3,6683.8,-10258
-1.5634e-07,1.7158e-05,-0.00076794,0.017858,-0.2229,1.3209,-1.9073,57.037
6.2161e-07,-6.2142e-05,0.002403,-0.044926,0.41205,-1.6411,1.9837,63.635
8.2464e-06,-0.0010078,0.051168,-1.3951,22.009,-200.59,977.44,-1897.9
-6.9081e-07,6.9719e-05,-0.0027773,0.055284,-0.57183,2.8574,-5.2639,63.89
1.0869e-05,-0.00057139,0.0088243,0.0025034,-1.1986,10.482,-35.225,111.49
1.0541e-06,-9.5528e-05,0.0033266,-0.056043,0.47971,-2.11,4.9296,63.678
-1.76e-06,0.00017693,-0.0070909,0.14421,-1.5618,8.5817,-20.37,78.779
6.5013e-07,-7.203e-05,0.0031489,-0.068521,0.7671,-4.0625,7.6941,55.552
1.1856e-06,-0.00010893,0.0038613,-0.065926,0.54998,-2.0064,2.5471,58.395
3.6403e-07,-3.5432e-05,0.0013048,-0.022047,0.15867,-0.24881,-1.0908,60.645
-0.00010012,0.010075,-0.39851,7.7485,-74.169,280.37,0,0
-1.4774e-07,1.6041e-05,-0.00069996,0.015691,-0.19201,1.2699,-4.1593,66.682
-3.3715e-05,0.0014378,-0.023649,0.20042,-1.0217,3.1263,-4.4017,71.793
1.3741e-07,-1.5246e-05,0.0006317,-0.012473,0.12158,-0.5305,0.72232,66.868
-0.0099931,0.054026,0,0,0,0,0,0
5.5918e-07,-4.7696e-05,0.0016091,-0.027135,0.2371,-0.9902,1.2861,68.846
-3.0089e-06,0.00030907,-0.012534,0.25402,-2.6806,13.976,-31.802,96.118
-3.4418e-06,0.00033287,-0.012941,0.25837,-2.8032,16.048,-43.442,111.55
1.3407e-06,-0.00011835,0.004126,-0.071437,0.63244,-2.6688,4.7988,64.285
-3.277e-05,0.0027082,-0.089114,1.4839,-13.106,58.304,-106.79,88.662
-5.0778e-06,0.00068689,-0.038418,1.1465,-19.634,192.29,-995.23,2157.1
0.0031654,-0.063994,0.32403,0,0,0,0,0
2.0747e-05,-0.0021486,0.092411,-2.1336,28.465,-218.62,891.47,-1422
1.8954e-06,-0.00018858,0.0073373,-0.1409,1.3883,-6.6466,13.056,62.779
1.5049e-09,4.8144e-06,-0.00041571,0.013095,-0.18617,1.2066,-3.0607,55.934
4.8406e-07,-5.7186e-05,0.0027409,-0.068262,0.93902,-6.9855,25.275,30.316
-1.4261e-05,0.00036954,-0.0024112,0,0,0,0,73
-3.5455e-07,3.6144e-05,-0.0014625,0.030199,-0.34352,2.1555,-6.3678,69.572
2.1712e-06,-0.00020421,0.0074195,-0.13,1.0971,-3.4306,-2.5469,69.359
0.00028199,-0.025388,0.95634,-19.479,230.89,-1586.6,5831.2,-8755.6
-0.00051198,0.029656,-0.69388,8.3889,-55.604,197.3,-334.01,248.01
2.622e-07,-2.3218e-05,0.00078348,-0.012504,0.094056,-0.28667,0.27505,63.364
-4.2037e-07,5.0105e-05,-0.0023857,0.057324,-0.72171,4.4637,-11.403,76.889
-5.2938e-07,6.7995e-05,-0.0034822,0.09055,-1.2642,9.267,-32.608,105.81
-4.8468e-07,3.8225e-05,-0.00097843,0.0064793,0.069696,-0.63228,-2.1721,76.348
3.7263,-671.53,51788,-2.2152e+06,5.6754e+07,-8.708e+08,7.4077e+09,-2.6947e+10
-3.7919e-08,2.0493e-07,0.00017749,-0.0084391,0.15994,-1.432,5.8538,57.165
-9.7664e-07,0.00010076,-0.0042053,0.091289,-1.1034,7.3382,-24.43,102.05
-2.7481e-07,2.2296e-05,-0.00066905,0.0086614,-0.033409,-0.21623,1.7636,62.876
-1.145e-06,7.5829e-05,-0.0014045,-0.0064886,0.48216,-5.2716,20.666,40.799
-6.5838e-07,6.9197e-05,-0.0028683,0.059373,-0.63999,3.4066,-7.65,67.685
5.5747e-07,-6.0562e-05,0.0026041,-0.055764,0.60872,-3.0258,4.8014,69.909
-5.5011e-08,1.0887e-05,-0.0006844,0.019416,-0.26813,1.697,-3.7361,61.477
1.9161e-05,-0.00093352,0.011378,0,0,0,0,0
-2.4273e-07,3.9772e-05,-0.0022794,0.060605,-0.78912,4.6601,-8.7817,61.664
7.2265e-07,-4.6386e-05,0.00085577,0.0010963,-0.16959,1.3563,-3.0606,65.373
-1.8753e-06,0.00017788,-0.0065152,0.11458,-0.96731,3.2493,-0.9898,61.555
-6.2488e-07,4.2477e-05,-0.0010184,0.0095314,-0.018,-0.09328,-0.22191,58.379
5.6976e-07,-5.6986e-05,0.0022701,-0.045564,0.47695,-2.3965,4.3084,57.99
4.0384e-07,-3.1714e-05,0.00081516,-0.0054587,-0.065137,0.80272,-2.4857,86.273
0.0015226,-0.14876,6.142,-138.87,1856.2,-14666,63428,-1.1578e+05
-5.9583e-07,6.7081e-05,-0.0030382,0.070513,-0.88487,5.8392,-18.365,86.616
7.0082e-06,-0.00055338,0.017138,-0.26573,2.1835,-9.2247,17.523,49.955
-4.4488e-07,5.0734e-05,-0.0022913,0.05182,-0.61045,3.5344,-8.7005,66.683
-2.382e-06,0.00015204,-0.0034083,0.030426,-0.081008,0,0.24221,67.776
2.2453e-06,-0.00024531,0.010737,-0.24192,3.0019,-20.295,68.006,-16.384
1.6443e-07,-3.0289e-05,0.0015312,-0.029306,0.1583,0.88544,-5.5259,70.355
7.3733e-07,-8.3339e-05,0.0038571,-0.093423,1.2574,-9.2781,34.558,22.342
-7.3335e-07,6.7315e-05,-0.0024184,0.042932,-0.38959,1.6876,-2.846,55.916
-3.1334e-06,0.00024023,-0.006818,0.087336,-0.46855,0.38654,3.0463,59.538
1.0532e-06,-9.9099e-05,0.0036253,-0.065356,0.60654,-2.7058,4.4955,58.348
-9.7008e-07,9.6022e-05,-0.0037857,0.075923,-0.82223,4.7131,-12.746,82.543
-3.4751e-07,3.5466e-05,-0.0014309,0.02893,-0.30749,1.685,-4.7838,68.009
0.00012109,-0.011848,0.38725,-6.0338,49.636,-216.03,458.64,-303.08
3.767e-07,-3.9727e-05,0.0016828,-0.036483,0.42314,-2.4279,4.6353,77.349
8.9782e-08,-1.2359e-05,0.00064352,-0.016098,0.19998,-1.1368,2.4514,57.413
-0.0003658,0.024554,-0.65179,8.7145,-61.918,226.31,-366.98,218.79
3.5282e-07,-3.568e-05,0.0013756,-0.024969,0.20961,-0.63685,0.19098,59.325
9.084e-07,-0.00010893,0.0053357,-0.13618,1.8993,-13.655,40.664,42.963
-2.5832e-07,2.7992e-05,-0.0012209,0.027388,-0.33401,2.1431,-6.3878,64.076
-2.8073e-07,2.1894e-05,-0.00053599,0.0018351,0.10347,-1.316,3.5208,64.825
2.868e-07,-2.8557e-05,0.0010796,-0.018886,0.14123,-0.16336,-1.753,63.185
-1.5884e-07,1.6036e-05,-0.00064433,0.013182,-0.14839,0.93961,-3.0678,70.387
1.1844e-07,-1.3386e-05,0.00060898,-0.01421,0.17871,-1.1566,3.3155,63.529
2.4352e-07,-2.7808e-05,0.0012714,-0.029043,0.33662,-1.7179,1.6231,67.224
-2.3312e-05,0.0018531,-0.057903,0.91448,-7.8628,36.521,-82.02,127.77
1.6133e-07,-1.8879e-05,0.000874,-0.020121,0.23568,-1.2513,1.82,62.156
-1.1611e-06,0.00011959,-0.0048324,0.097263,-1.0216,5.33,-11.697,62.711
1.0046e-06,-8.988e-05,0.003216,-0.057747,0.53089,-2.2145,2.0431,67.136
4.2924e-07,-4.7611e-05,0.0020587,-0.043197,0.44114,-1.9301,4.4329,61.452
2.1924e-05,-0.0018425,0.061458,-1.0374,9.3693,-44.043,96.646,-8.9216
-3.7934e-07,4.7893e-05,-0.0024286,0.06327,-0.89761,6.7582,-24.209,100.07
-8.7946e-08,8.4917e-06,-0.00032753,0.0063155,-0.060808,0.24503,-0.21975,59.888
0.022517,-0.50016,1.556,0,0,0,0,0
-3.7172e-07,3.1228e-05,-0.00094894,0.011702,-0.025605,-0.53606,2.9909,59.738
-3.2788e-07,3.2068e-05,-0.0012215,0.022203,-0.18083,0.34239,1.9927,62.055
2.302e-07,-2.3862e-05,0.00095358,-0.018428,0.17422,-0.66977,0.14636,66.012
1.8639e-06,-0.00019522,0.0081461,-0.17119,1.8757,-9.917,19.87,59.36
-1.146e-06,0.00013103,-0.0059727,0.13815,-1.706,10.78,-29.857,90.263
-7.4493e-07,7.6093e-05,-0.0030653,0.061947,-0.6639,3.6971,-9.588,70.085
3.5193e-07,-6.8513e-05,0.0047494,-0.16151,2.9717,-29.81,151.25,-231.28
1.5315e-06,-0.00016189,0.0072967,-0.18216,2.7014,-23.383,106.33,-121.33
4.9431e-07,-5.0497e-05,0.0020485,-0.042135,0.46672,-2.7408,7.7172,55.738
-4.3871e-07,5.3751e-05,-0.0025881,0.062025,-0.76963,4.6164,-10.463,68.892
2.9373e-07,-2.8878e-05,0.0011344,-0.022617,0.23426,-1.0723,0.69826,67.977
-1.6034e-07,1.4407e-05,-0.00048948,0.0077734,-0.057758,0.19001,-0.5957,69.19
-1.2774e-07,1.1776e-05,-0.00042192,0.007892,-0.092082,0.67719,-1.8653,67.493
-1.2286e-07,1.4951e-05,-0.00071419,0.01682,-0.19903,1.0351,-1.1783,62.085
-1.0365e-07,-1.5306e-06,0.00061321,-0.02584,0.45746,-3.7081,11.87,53.944
-2.8256e-07,2.6928e-05,-0.00096214,0.015429,-0.095768,-0.019956,0.67657,69.996
3.4391e-06,-0.0003073,0.010543,-0.17319,1.3748,-4.496,1.6752,80.141
-2.9591e-06,0.0002851,-0.010568,0.19063,-1.7428,7.7564,-16.265,89.724
-3.4583e-05,0.0034228,-0.13982,3.0371,-37.571,261.88,-939.72,1394.6
-1.0857e-06,0.00010555,-0.0041027,0.082027,-0.90713,5.5442,-17.04,84.752
-6.3092e-06,0.00071769,-0.033176,0.80348,-10.98,84.968,-349.22,658.43
-7.8409e-07,9.4681e-05,-0.0044376,0.10255,-1.2218,7.0795,-16.295,80.05
-9.9501e-08,1.754e-05,-0.0010389,0.028611,-0.4014,2.8728,-9.5543,75.008
-1.1692e-06,0.00012034,-0.0049534,0.10434,-1.1919,7.1526,-19.439,77.657
-1.2566e-06,0.00014109,-0.006295,0.14164,-1.6815,10.02,-25.493,79.543
-2.6589e-07,2.4585e-05,-0.00085949,0.013736,-0.086827,-0.11136,3.2377,62.838
-5.3522e-07,3.652e-05,-0.00069642,-0.0010427,0.13074,-0.82669,1.8207,48.299
-1.1852e-05,0.00095386,-0.029896,0.45739,-3.4943,12.145,-15.306,69.244
1.2545e-06,-0.00013812,0.0061855,-0.14472,1.8822,-13.292,45.708,8.0572
-0.00028102,0.034256,-1.7595,49.31,-813.22,7880.7,-41494,91565
-4.5061e-07,6.9628e-05,-0.0038512,0.10127,-1.3586,9.063,-26.428,76.663
1.1151e-07,-1.9367e-06,-0.00032955,0.015431,-0.25885,1.8568,-5.9714,75.28
-3.0782e-06,0.00027102,-0.0095292,0.17114,-1.659,8.3526,-19.158,82.16
-5.7501e-06,0.00059158,-0.024186,0.49783,-5.3649,28.221,-57.385,90.52
5.7861e-07,-4.6885e-05,0.0012635,-0.0090102,-0.14018,2.5158,-11.971,84.79
1.5178e-07,-1.5903e-05,0.0006599,-0.013984,0.16332,-1.0391,3.0877,66.565
2.4392e-06,-0.00025385,0.010633,-0.22907,2.6876,-16.683,48.049,19.547
-1.3484e-06,0.00014478,-0.0061536,0.13031,-1.4041,6.7692,-8.6089,52.722
1.6402e-05,-0.0021636,0.11804,-3.4314,56.915,-531.23,2517.8,-4334.3
-6.8374e-08,6.9628e-06,-0.00019512,-0.001026,0.13177,-2.0937,11.303,41.834
-1.9463e-06,0.00018477,-0.0069462,0.1309,-1.2856,6.1513,-11.548,68.268
2.2651e-05,-0.0025245,0.11668,-2.8726,40.109,-310.68,1200.4,-1704.7
-3.0425e-07,2.8797e-05,-0.0010457,0.018476,-0.1749,1.0799,-4.7439,64.923
-1.4076e-06,0.00016389,-0.007718,0.18821,-2.5301,18.506,-68.128,152.32
3.6596e-07,-2.7746e-05,0.00073314,-0.007509,0.016069,0.097954,-0.1161,63.663
6.2072e-07,-6.5529e-05,0.0027198,-0.055779,0.58487,-2.9976,6.8122,60.166
1.9123e-06,-0.00019268,0.0075792,-0.14644,1.4358,-6.7313,13.7,48.988
-1.1059e-06,0.00011929,-0.0050359,0.10451,-1.0872,4.9705,-5.7482,61.294
6.3748e-07,-6.6731e-05,0.0028971,-0.06724,0.88597,-6.3422,19.86,50.686
1.2462e-07,-2.3953e-05,0.001612,-0.051058,0.81256,-6.2078,19.436,49.498
-1.3877e-06,0.00014054,-0.0054656,0.10082,-0.87077,2.8773,-1.9137,72.249
1.3049e-06,-0.00015939,0.0077856,-0.19336,2.5663,-17.518,54.321,12.213
-1.5952e-06,0.00015943,-0.0062556,0.12155,-1.2068,5.6287,-9.8021,71.511
-0.00016693,0.01574,-0.61035,12.583,-148.5,1001.1,-3568.7,5265.8
1.3765e-07,-1.0341e-05,0.00020094,0.0027002,-0.15251,2.153,-13.041,89.38
1.8237e-07,-2.2689e-05,0.0011737,-0.031739,0.46209,-3.3374,9.1063,56.48
2.2774e-07,-2.0588e-05,0.00073369,-0.013129,0.12238,-0.53304,0.6191,63.642
-4.3695e-07,6.2549e-05,-0.0035429,0.10286,-1.6334,13.877,-56.692,152.84
-8.561e-07,9.4121e-05,-0.004086,0.088524,-0.99277,5.3163,-9.6339,57.277
-3.5014e-07,4.1923e-05,-0.0020807,0.054406,-0.7864,5.9934,-20.216,78.777
5.6681e-08,-3.6376e-06,3.4485e-05,0.0020957,-0.055279,0.50853,-2.7924,71.592
7.5565e-08,-1.204e-06,-0.0002066,0.0091684,-0.14791,1.0196,-2.1372,64.239
1.2573e-07,-6.5847e-06,-4.6391e-05,0.0086856,-0.18996,1.5471,-4.1513,69.207
4.1214e-07,-4.0615e-05,0.0015102,-0.025441,0.16704,0.13236,-4.105,68.807
-6.2596e-07,6.9341e-05,-0.0030814,0.06997,-0.8542,5.374,-14.967,76.247
-1.2303e-06,0.00013047,-0.0054186,0.11079,-1.1491,5.652,-12.646,90.88
0.043062,-7.0351,485.14,-18262,4.0409e+05,-5.2387e+06,3.6717e+07,-1.0706e+08
0.003938,-0.25978,6.6064,-82.313,534.24,-1825.5,3081.3,-1934.1
-1.6781e-07,1.9429e-05,-0.00097674,0.027619,-0.45962,4.1944,-17.454,92.334
-1.5787e-06,0.0001412,-0.0046792,0.066672,-0.27437,-2.0489,15.845,57.168
2.1638e-06,-0.00023428,0.010018,-0.21366,2.3542,-12.474,25.114,57.973
-2.3088e-07,2.4362e-05,-0.0010154,0.021254,-0.23489,1.3164,-3.2135,60.193
-1.1258e-07,1.5648e-05,-0.00087677,0.024593,-0.34642,2.0665,-2.1374,63.058
-1.839e-07,2.1038e-05,-0.00096865,0.022919,-0.29319,1.9266,-5.4668,73.299
4.4705e-07,-4.464e-05,0.0017371,-0.033575,0.34686,-1.979,5.8063,53.419
1.5333e-07,-3.806e-05,0.0024711,-0.069285,0.93555,-5.8064,12.655,59.78
1.7341e-06,-0.00020083,0.0095091,-0.23669,3.3159,-25.981,105.5,-105.22
-1.9169e-06,0.00020083,-0.0083889,0.17779,-2.0081,11.623,-31.251,96.743
1.6253e-06,-0.00018259,0.0083581,-0.20046,2.6874,-19.744,71.364,-29.226
-1.3441e-08,-1.3597e-06,0.00020815,-0.0087762,0.16866,-1.5354,5.7771,57.714
4.1615e-06,-0.00044309,0.019002,-0.41983,5.0517,-31.76,87.277,12.79
6.6402e-07,-7.218e-05,0.0031285,-0.068932,0.81439,-4.9784,13.898,45.212
-8.7728e-07,9.025e-05,-0.0036037,0.069901,-0.67132,2.8182,-2.5663,53.335
-9.8929e-07,9.8486e-05,-0.0039632,0.082788,-0.9516,5.7474,-14.905,70.832
2.6941e-07,-4.0743e-05,0.0022048,-0.056173,0.71668,-4.4446,11.633,57.873
2.2046e-06,-0.00023876,0.01025,-0.22205,2.5613,-15.318,43.268,22.406
-4.3149e-07,4.4899e-05,-0.0018492,0.038176,-0.41027,2.1389,-4.4552,65.045
-1.4121e-06,0.00013895,-0.005371,0.1033,-1.0278,4.8286,-6.586,56.93
-1.4362e-06,0.00014365,-0.0056972,0.11372,-1.1922,6.0947,-11.014,58.5
4.8442e-07,-5.1941e-05,0.0021254,-0.041392,0.39116,-1.6767,2.6619,69.009
-2.7663e-09,5.2461e-06,-0.00041475,0.012503,-0.17819,1.2755,-4.8507,67.371
-1.2192e-05,0.00077582,-0.015644,0.097059,0,0,0,0
-4.9146e-06,0.00048888,-0.019106,0.36707,-3.5363,15.64,-27.64,68.238
-4.1364e-07,4.2705e-05,-0.0017433,0.035815,-0.3869,2.0206,-3.4738,63.849
2.7145e-07,-2.3316e-05,0.00075409,-0.011135,0.066583,0.011396,-1.1528,63.413
4.862e-06,-0.00067701,0.039372,-1.2374,22.664,-241.61,1387.4,-3249.3
3.0785e-07,-2.9241e-05,0.0010715,-0.018849,0.15963,-0.54849,0.30238,63.201
-1.0921e-07,1.3076e-05,-0.00061119,0.014164,-0.16854,0.95538,-2.0718,60.57
2.6847e-07,-2.4019e-05,0.00078418,-0.0099924,-0.0098945,1.4406,-12.169,88.77
1.2588e-06,-0.00012118,0.0045598,-0.084437,0.79366,-3.5025,5.6744,64.493
3.076e-08,2.7295e-06,-0.00042683,0.017863,-0.34239,3.1588,-12.537,80.526
4.0279e-10,-3.6641e-06,0.00029753,-0.00943,0.15038,-1.3083,5.7887,53.726
7.4662e-06,-0.00069125,0.026103,-0.51572,5.6764,-34.129,101.23,-45.808
-3.2205e-07,3.8222e-05,-0.0018077,0.043664,-0.57345,4.0135,-13.341,77.365
2.0697e-07,-1.538e-05,0.00027967,0.0045325,-0.20951,2.3602,-8.6873,72.98
7.3699e-06,-0.00050349,0.013742,-0.19174,1.4514,-5.8421,11.499,60.062
-1.2302e-06,0.00013238,-0.0056883,0.12379,-1.4238,8.1483,-18.899,75.96
1.5149e-06,-0.00015912,0.0067154,-0.14558,1.7154,-10.632,30.327,29.799
-2.1435e-06,0.00020746,-0.0077768,0.14132,-1.2659,4.917,-4.7903,65.838
-1.4375e-06,0.0001658,-0.0077528,0.18856,-2.5431,18.755,-69.302,165.13
8.8649e-07,-9.9603e-05,0.0042866,-0.089282,0.93369,-4.6092,9.0906,60.062
8.245e-07,-8.4299e-05,0.0034216,-0.069805,0.74505,-3.9222,8.7661,56.906
-3.8217e-07,4.0767e-05,-0.0017339,0.037399,-0.42932,2.4752,-5.4917,68
0,0,0,0,0,0,0,0
-1.158e-07,1.1007e-05,-0.0004105,0.0076197,-0.072821,0.3164,-0.29456,60.009
8.2196e-07,-9.7919e-05,0.0045912,-0.10677,1.2736,-7.3496,18.77,49.167
7.7019e-08,-9.0165e-06,0.00039884,-0.0083496,0.083214,-0.33501,0.37091,59.061
-4.6293e-07,5.1229e-05,-0.0023018,0.053749,-0.69396,4.8798,-17.052,87.066
-1.6057e-06,0.00017633,-0.0079667,0.19078,-2.5932,19.765,-76.945,183.01
4.592e-08,1.3187e-05,-0.0014913,0.058564,-1.1134,10.703,-47.768,145.71
-2.199e-05,0.0028205,-0.15115,4.3836,-74.279,735.47,-3940.1,8869
-4.0249e-07,4.384e-05,-0.0019158,0.042792,-0.51589,3.2789,-10.274,75.623
4.8969e-07,-4.5164e-05,0.0016392,-0.030212,0.30708,-1.7189,4.2153,75.431
-6.8077e-07,6.4127e-05,-0.0023668,0.043408,-0.41459,1.9447,-3.34,71.964
5.8979e-07,-5.875e-05,0.0022978,-0.044175,0.42251,-1.6918,0.31495,67.98
-3.3618e-07,4.2279e-05,-0.0021716,0.057549,-0.80998,5.4652,-11.977,60.445
-0.0002199,0.02298,-0.89991,15.65,-101.98,0,0,0
6.7368e-07,-6.8527e-05,0.0027639,-0.05617,0.60482,-3.3092,7.8196,62.933
2.4816e-07,-2.9475e-05,0.0013714,-0.03145,0.36554,-1.9784,4.0114,58.347
-1.6156e-06,0.00016591,-0.0067755,0.13941,-1.5018,7.8798,-15.811,67.159
1.5056e-07,-1.201e-05,0.0003268,-0.002941,-0.012394,0.3079,-1.1696,65.78
3.6421e-07,-4.205e-05,0.0019614,-0.047006,0.60836,-4.0951,12.613,50.864
-2.2896e-07,2.1047e-05,-0.00059346,0.001162,0.2069,-3.151,13.818,54.847
-3.6776e-07,5.0777e-05,-0.0027501,0.074793,-1.0743,7.7453,-23.616,86.815
-1.2177e-07,7.8618e-06,-0.00018058,0.0026186,-0.049294,0.66678,-3.2919,62.352
2.6504e-07,-1.5585e-05,9.0502e-05,0.011449,-0.30404,2.9753,-11.593,74.477
-1.3516e-07,9.4183e-06,-0.00014908,-0.0027845,0.099565,-0.85493,1.6637,60.949
-1.1531e-06,0.0001154,-0.0044518,0.082865,-0.75907,3.0429,-3.3865,59.942
-3.2706e-07,3.9137e-05,-0.0018243,0.041788,-0.48617,2.7025,-6.7181,70.442
5.9297e-07,-5.3582e-05,0.0018296,-0.02911,0.21341,-0.64351,1.4911,55.285
-6.8641e-07,5.8029e-05,-0.0018818,0.028783,-0.19542,0.25132,2.2552,56.816
3.6852e-08,-4.1469e-06,0.00017531,-0.0032122,0.0169,0.16703,-1.5977,66.35
-4.0103e-07,4.1154e-05,-0.0016365,0.031839,-0.31813,1.585,-3.6206,70.293
6.6654e-08,-4.3154e-06,2.798e-05,0.0039752,-0.12256,1.4338,-6.6611,63.923
-3.1149e-07,3.608e-05,-0.0016577,0.0385,-0.47447,2.9416,-7.5216,63.825
4.1655e-07,-4.3399e-05,0.0017727,-0.035672,0.35997,-1.584,1.5388,61.932
5.0171e-08,-7.5996e-06,0.00041161,-0.01044,0.12896,-0.68716,1.1418,60.536
-5.7176e-07,6.7454e-05,-0.0031995,0.077526,-1.0052,6.6176,-18.503,79.844
1.7723e-07,-1.4174e-05,0.00036204,-0.0013788,-0.078398,1.1584,-4.5414,55.268
9.4837e-07,-9.3205e-05,0.0035744,-0.067636,0.65862,-3.1412,6.3067,62.601
-7.5941e-08,7.3175e-06,-0.0003158,0.0081953,-0.13361,1.2235,-4.5845,61.845
7.029e-08,-1.4129e-05,0.0008904,-0.025985,0.39448,-3.153,12.11,51.348
-3.5667e-07,4.7234e-05,-0.0023803,0.057401,-0.67223,3.3185,-3.9838,59.905
-5.4842e-07,6.3581e-05,-0.0029504,0.069486,-0.86663,5.3763,-13.415,73.258
-3.9294e-06,0.0004055,-0.016645,0.3448,-3.7602,20.32,-45.207,92.594
7.036e-07,-7.4058e-05,0.0031436,-0.068711,0.81026,-4.7967,10.813,56.844
-2.4011e-07,2.4149e-05,-0.00094048,0.017749,-0.1675,0.75724,-1.3826,58.678
-1.0751e-06,0.00010319,-0.0038893,0.073026,-0.71032,3.2817,-4.8984,61.997
9.6577e-07,-0.00010167,0.0041873,-0.08519,0.88966,-4.4528,8.2905,57.821
-1.8454e-07,2.731e-05,-0.0014601,0.037528,-0.5041,3.536,-11.995,86.349
-7.2755e-07,7.9564e-05,-0.0034655,0.076177,-0.88249,5.1408,-13.482,77.837
4.5181e-07,-5.3968e-05,0.0025274,-0.058849,0.70884,-4.1486,9.77,56.871
5.6563e-07,-5.804e-05,0.0024061,-0.051386,0.59063,-3.3987,7.8295,63.492
2.2963e-07,-2.1887e-05,0.00082245,-0.015516,0.15234,-0.69112,0.94691,58.925
6.7974e-07,-7.9499e-05,0.0036835,-0.085752,1.0487,-6.4428,17.582,45.822
1.014e-07,-1.0392e-05,0.00038921,-0.006245,0.03124,0.17633,-1.7066,62.971
3.3773e-07,-3.2996e-05,0.0012363,-0.021788,0.16868,-0.21466,-3.1479,67.948
3.4317e-07,-2.0313e-05,6.5207e-05,0.019267,-0.51641,5.1705,-19.373,76.77
4.7987e-07,-5.1015e-05,0.0021304,-0.043963,0.46082,-2.2482,4.2422,59.111
-2.9905e-07,2.6906e-05,-0.00088429,0.012299,-0.052472,-0.20613,1.4549,52.101
4.5052e-07,-4.9261e-05,0.0021742,-0.049679,0.62524,-4.2386,13.805,37.047
-2.4851e-08,-1.2563e-06,0.00028916,-0.012775,0.2333,-1.8448,4.8993,69.729
1.0104e-06,-0.00011553,0.0053615,-0.12966,1.7427,-12.778,45.383,9.578
2.2387e-07,-1.8345e-05,0.00050764,-0.0042213,-0.039964,0.87837,-5.0866,71.666
-1.4201e-07,9.9892e-06,-0.00019861,-0.00039099,0.048519,-0.44717,1.6197,57.02
-6.2868e-07,6.3893e-05,-0.0025486,0.050227,-0.50166,2.2925,-3.4854,58.438
-7.0615e-07,7.1305e-05,-0.0028959,0.060652,-0.69415,4.156,-10.762,67.403
2.2652e-07,-3.2301e-05,0.0017331,-0.044262,0.54723,-2.8716,4.6977,56.342
3.1069e-08,-9.8925e-06,0.0006374,-0.016243,0.17745,-0.67206,0.066939,61.17
-7.5532e-07,7.7451e-05,-0.0031045,0.062289,-0.66984,3.8732,-11.038,71.67
3.1493e-07,-2.9587e-05,0.0010191,-0.015337,0.094587,-0.30895,2.2849,58.462
5.557e-06,-0.00060107,0.026146,-0.58576,7.2008,-47.962,159.34,-147.51
-1.3613e-06,0.00014731,-0.0063205,0.13649,-1.5557,9.0079,-23.312,74.695
1.1824e-06,-0.0001129,0.0042389,-0.078657,0.73178,-2.8842,1.1466,64.886
-9.0719e-07,8.8976e-05,-0.0034487,0.067802,-0.72522,4.2003,-12.073,74.257
3.0843e-07,-3.1879e-05,0.0012952,-0.025878,0.25092,-0.79374,-3.4896,79.864
1.8652e-06,-0.00019562,0.0082114,-0.17511,1.9757,-10.941,21.931,63.858
-1.2435e-06,0.00013243,-0.0055356,0.11474,-1.2256,6.345,-13.393,75.976
-4.0869e-07,4.3141e-05,-0.0017678,0.035086,-0.34168,1.46,-2.2279,67.321
7.1076e-07,-7.4698e-05,0.003127,-0.066436,0.75,-4.2015,8.9209,57.502
-4.1824e-07,4.7743e-05,-0.0021961,0.051731,-0.65416,4.238,-11.962,64.231
8.7284e-08,-5.3235e-06,5.0274e-05,0.0023741,-0.055686,0.46248,-2.8364,69.054
2.8232e-06,-0.00031928,0.01434,-0.32232,3.7164,-19.584,31.143,42.744
-9.7856e-08,1.0419e-05,-0.00045231,0.010002,-0.10644,0.24034,3.0852,48.912
8.8418e-07,-9.3403e-05,0.0040077,-0.088647,1.0556,-6.4533,17.789,44.909
-1.3157e-06,0.0001386,-0.0056871,0.11424,-1.1544,5.4388,-10.102,61.484
2.322e-07,-2.5341e-05,0.0011002,-0.023946,0.26964,-1.4486,2.9027,53.11
5.4849e-07,-5.0472e-05,0.0017724,-0.029526,0.23534,-0.76,0.35109,52.434
1.537e-07,-1.5288e-05,0.00060007,-0.011806,0.12229,-0.64314,1.5479,52.241
5.2774e-07,-5.9405e-05,0.002647,-0.059404,0.70453,-4.1876,10.247,56.61
2.6623e-07,-2.7183e-05,0.0010288,-0.018037,0.15594,-0.75004,2.4665,57.224
3.3637e-07,-2.6986e-05,0.00073567,-0.0065848,-0.028211,0.70184,-3.1826,67.471
-9.6658e-07,9.6492e-05,-0.0038037,0.075054,-0.77437,3.9838,-8.9505,63.865
-1.4833e-07,1.4062e-05,-0.00052361,0.0099086,-0.10234,0.54773,-0.95408,61.256
-5.8337e-07,5.469e-05,-0.0019735,0.034161,-0.28494,0.98371,-1.3049,66.258
5.3894e-07,-5.9057e-05,0.0025757,-0.056409,0.63819,-3.3859,6.4146,64.214
9.5193e-07,-0.00010016,0.0041338,-0.084685,0.89813,-4.6707,9.6957,57.379
8.3397e-07,-8.7444e-05,0.0036317,-0.075605,0.82333,-4.4698,10.446,49.687
-2.6248e-06,0.000236,-0.0079907,0.12389,-0.82008,1.1623,4.4961,73.423
-1.598e-06,0.0001428,-0.0049896,0.085771,-0.74982,3.1468,-5.5965,62.745
-3.4718e-07,3.8809e-05,-0.0017672,0.041406,-0.51607,3.2044,-8.7192,73.059
-3.4395e-07,3.5056e-05,-0.0013958,0.026993,-0.24857,0.7363,2.0567,57.864
-3.3602e-06,0.00036698,-0.016043,0.35742,-4.2634,25.898,-65.831,99.698
5.3869e-07,-6.3546e-05,0.0029608,-0.069508,0.86836,-5.5923,16.444,45.511
-2.7544e-06,0.00029976,-0.01295,0.28173,-3.229,18.536,-44.643,87.033
-3.7152e-06,0.00040312,-0.017434,0.38224,-4.4563,26.315,-66.628,104.64
-1.1173e-06,0.00011285,-0.0044829,0.08844,-0.89991,4.4283,-8.5035,62.693
-1.8206e-07,3.1931e-05,-0.0019207,0.054147,-0.76821,5.2022,-13.363,67.193
5.6203e-07,-5.7206e-05,0.0023459,-0.050238,0.60761,-4.0999,13.293,49.293
1.7927e-06,-0.00019495,0.0083819,-0.18044,2.0282,-11.22,24.665,55.016
-6.0223e-07,5.7018e-05,-0.0020739,0.035932,-0.29424,0.91331,-0.20356,55.937
6.4563e-07,-7.069e-05,0.0030599,-0.066298,0.74686,-4.052,8.4563,60.251
-6.886e-09,-8.3756e-06,0.00075245,-0.024075,0.33499,-1.7828,0.38038,72.015
5.4013e-07,-5.7858e-05,0.0024578,-0.052512,0.58843,-3.2697,7.7584,50.705
1.7869e-07,-1.8877e-05,0.00076326,-0.014794,0.13783,-0.46869,-0.55473,58.202
8.0081e-07,-8.5553e-05,0.003645,-0.079225,0.93607,-5.9671,19.163,34.547
-1.032e-06,0.00010948,-0.0045655,0.094108,-0.98237,4.656,-6.3387,59.383
5.3496e-07,-6.003e-05,0.00267,-0.059927,0.71577,-4.3657,11.171,56.932
-1.404e-07,2.9599e-05,-0.0017647,0.047615,-0.64998,4.3457,-11.758,61.788
4.4145e-07,-4.1408e-05,0.0014648,-0.023677,0.15876,-0.11683,-1.8414,58.327
2.5245e-07,-2.2764e-05,0.00076949,-0.012,0.08513,-0.21294,-0.50645,71.453
-6.6512e-07,5.653e-05,-0.00171,0.020949,-0.068348,-0.27455,0.33597,61.135
-4.3321e-07,4.5637e-05,-0.0019188,0.041121,-0.47408,2.8149,-7.141,61.215
1.6896e-07,-1.3507e-05,0.00032572,-0.00036285,-0.08695,1.1279,-4.6894,68.081
5.5478e-07,-5.6499e-05,0.0022134,-0.041604,0.38031,-1.4954,1.4012,61.562
1.4667e-07,-2.2616e-05,0.0013344,-0.038325,0.55328,-3.6942,9.7282,51.033
-8.2638e-07,7.3618e-05,-0.0025042,0.04121,-0.35853,1.9004,-6.3372,62.1
1.0208e-06,-0.0001027,0.0040923,-0.081727,0.84363,-4.0267,5.4021,64.362
1.1509e-06,-0.00012725,0.0055845,-0.12449,1.5003,-9.5431,27.31,50.375
-7.7267e-07,9.0687e-05,-0.0042937,0.10498,-1.4121,10.318,-37.704,114.08
-2.8566e-06,0.00030969,-0.013351,0.29064,-3.3519,19.75,-54.08,107.33
-1.0266e-06,9.5563e-05,-0.0034166,0.058583,-0.49061,1.8205,-2.2403,59.048
-2.84e-07,3.6357e-05,-0.0017819,0.042671,-0.52031,3,-6.185,63.469
-6.3749e-07,6.2098e-05,-0.0024334,0.049284,-0.5449,3.1264,-7.7135,63.501
2.2191e-07,-3.1599e-05,0.0017376,-0.045995,0.59386,-3.2783,4.8355,55.452
-9.3718e-07,9.6618e-05,-0.0039468,0.080444,-0.83789,3.9583,-5.3336,59.729
9.8641e-10,1.1237e-06,-0.00012121,0.0046065,-0.076559,0.50891,-0.75515,58.452
-4.0358e-07,3.6668e-05,-0.0012661,0.020641,-0.16325,0.6897,-2.8591,69.352
-2.5482e-08,4.0292e-06,-0.00022172,0.005952,-0.087855,0.70635,-2.431,65.258
-7.5488e-07,8.4549e-05,-0.0037681,0.084703,-1,5.7958,-12.933,64.67
1.8136e-07,-2.2562e-05,0.0011509,-0.030711,0.45147,-3.507,12.405,40.751
-6.7171e-07,6.8819e-05,-0.0027346,0.052873,-0.50783,2.1246,-1.4678,47.18
5.2223e-07,-5.1565e-05,0.0019872,-0.037883,0.37401,-1.8061,3.4696,55.289
-1.4275e-08,-3.448e-08,8.9366e-05,-0.0044144,0.08791,-0.82612,3.7999,53.873
1.4107e-06,-0.00014532,0.0059574,-0.12344,1.3491,-7.2904,15.771,54.085
-1.8573e-07,1.7281e-05,-0.00077729,0.022473,-0.39193,3.2688,-7.7127,62.201
-4.8373e-07,6.0403e-05,-0.0030677,0.080775,-1.1623,8.8104,-30.937,92.363
1.1294e-06,-0.0001202,0.0051411,-0.11265,1.3298,-8.0256,20.035,53.974
1.0145e-06,-0.00011384,0.0051,-0.11605,1.4109,-8.8335,25.003,39.968
8.4172e-07,-9.4658e-05,0.0042268,-0.094839,1.1113,-6.3368,13.671,55.75
-1.5001e-06,0.00016203,-0.0069265,0.14839,-1.654,8.9138,-18.288,70.473
-2.7168e-07,2.7929e-05,-0.0011185,0.022267,-0.23493,1.2981,-3.4463,61.855
-7.1549e-07,6.2255e-05,-0.0019743,0.025874,-0.072953,-1.0532,5.4195,61.267
-1.6526e-07,1.9589e-05,-0.00093603,0.023149,-0.31528,2.2996,-7.6669,62.083
-3.6411e-07,3.3491e-05,-0.0011492,0.017709,-0.10978,0.1261,-1.434,81.752
1.2323e-06,-0.00010187,0.0032327,-0.049251,0.37223,-1.3927,2.9941,56.473
-4.2733e-07,4.8362e-05,-0.0022273,0.053304,-0.69504,4.6399,-12.855,74.976
-2.7201e-07,2.8953e-05,-0.0012511,0.028025,-0.34143,2.1425,-5.9565,63.796
4.7591e-07,-5.18e-05,0.0021432,-0.040848,0.32142,-0.09158,-8.7661,84.116
-6.0232e-07,6.1307e-05,-0.0025069,0.052685,-0.59446,3.2662,-5.6115,59.245
-1.047e-07,1.0743e-05,-0.00043043,0.008445,-0.084468,0.4381,-1.0715,63.109
1.4582e-06,-0.00015483,0.0064824,-0.13608,1.5029,-8.3067,19.39,49.332
-1.9806e-07,2.0222e-05,-0.00082338,0.017202,-0.19701,1.198,-3.125,61.789
5.7244e-07,-7.6147e-05,0.0040548,-0.11046,1.6294,-12.681,47.085,-9.1226
1.9846e-06,-0.0001921,0.0073005,-0.13754,1.331,-6.1703,11.457,50.402
-1.4796e-06,0.00015984,-0.0068409,0.14736,-1.6759,9.619,-23.965,75.422
-1.0687e-06,0.00012923,-0.0064791,0.17328,-2.6382,22.456,-96.458,212.79
1.5272e-06,-0.00017018,0.0077369,-0.18564,2.5435,-20.078,85.93,-92.894
6.3321e-07,-6.4652e-05,0.0025982,-0.052474,0.56599,-3.1993,8.4384,52.039
5.4195e-07,-6.362e-05,0.0028845,-0.063958,0.72162,-3.8764,8.0081,51.457
-5.5579e-07,6.3584e-05,-0.0029028,0.067093,-0.81847,4.9402,-12.715,74.979
1.683e-06,-0.0001906,0.0085671,-0.193,2.253,-12.535,24.36,65.315
-4.7532e-07,4.5491e-05,-0.0017084,0.032179,-0.3253,1.7837,-5.0807,78.945
-2.7146e-07,2.6475e-05,-0.0010329,0.020973,-0.2426,1.5777,-4.3176,61.41
-4.8171e-07,4.9413e-05,-0.0020455,0.043411,-0.48967,2.663,-4.6977,57.907
-1.2804e-06,0.00011967,-0.0043464,0.07684,-0.67605,2.6921,-3.5001,59.435
-1.1334e-06,0.00011761,-0.0047929,0.096194,-0.96594,4.2333,-4.8086,57.577
1.2102e-06,-0.00012308,0.0048942,-0.095813,0.95793,-4.6724,10.065,50.427
-1.2607e-07,1.1375e-05,-0.00036558,0.0047226,-0.014179,-0.14189,1.278,58.855
-1.2501e-06,0.00011955,-0.0043469,0.073579,-0.5487,0.96226,5.3557,45.448
9.139e-07,-0.00010379,0.0046113,-0.1005,1.0963,-5.3521,7.7512,67.975
6.1149e-07,-5.797e-05,0.0020904,-0.035152,0.25842,-0.3045,-4.9032,74.949
-2.2128e-05,0.0027874,-0.14611,4.1214,-67.381,636.48,-3203.6,6652.2
-5.6113e-07,4.27e-05,-0.0010402,0.0050187,0.1434,-1.942,6.9041,54.776
1.6398e-06,-0.00016913,0.006843,-0.13746,1.4377,-7.6056,18.153,61.796
-3.9964e-07,3.752e-05,-0.001372,0.02508,-0.24871,1.3657,-3.6212,61.86
1.9438e-06,-0.00019287,0.0075599,-0.14777,1.4855,-6.9419,9.8246,63.144
7.5109e-07,-7.086e-05,0.002624,-0.047201,0.396,-0.87201,-5.8576,81.424
8.3982e-07,-8.9665e-05,0.003745,-0.077396,0.82809,-4.4077,10.03,54.213
6.1538e-10,-4.7663e-06,0.00044209,-0.015917,0.27864,-2.4319,9.4432,53.628
3.2828e-07,-3.3414e-05,0.0013937,-0.030871,0.38834,-2.6531,7.8179,46.943
4.9476e-07,-5.3372e-05,0.0022552,-0.046852,0.485,-2.0677,-0.16589,68.998
-5.6896e-06,0.00049597,-0.017179,0.3002,-2.7684,12.745,-23.774,72.794
1.2102e-06,-0.00012601,0.0052455,-0.11177,1.2936,-7.8487,20.936,44.398
4.1952e-07,-5.0799e-05,0.0024689,-0.061425,0.82206,-5.5796,14.83,55.703
3.6715e-07,-3.8538e-05,0.001621,-0.035235,0.42135,-2.65,7.1917,53.591
7.6196e-07,-8.5932e-05,0.0037837,-0.081607,0.88106,-4.2889,7.2851,67.372
2.1528e-07,-1.9839e-05,0.00072851,-0.013922,0.15064,-0.86043,1.0054,70.274
8.6257e-07,-8.4978e-05,0.0033334,-0.065599,0.66418,-3.11,4.6783,50.784
-9.1379e-07,9.7219e-05,-0.0040511,0.083464,-0.88395,4.5951,-10.625,62.212
-4.2893e-07,4.1916e-05,-0.0015231,0.024522,-0.15011,-0.09799,3.8225,67.282
-1.9227e-07,1.4076e-05,-0.00024367,-0.0044303,0.18792,-2.049,7.68,61.676
9.2483e-07,-9.1091e-05,0.0034932,-0.06584,0.63269,-2.8948,5.2494,53.904
3.4804e-07,-3.7955e-05,0.0016622,-0.037053,0.43493,-2.4567,5.033,58.393
1.5986e-06,-0.00016072,0.0062981,-0.12027,1.1394,-4.8383,6.9487,68.704
-1.1784e-06,0.00014245,-0.0071453,0.1914,-2.929,25.278,-111.94,255.18
3.8328e-08,5.1545e-06,-0.00059113,0.019275,-0.25598,1.1882,0.34364,60.499
2.0829e-07,-2.4063e-05,0.00109,-0.024379,0.27588,-1.4027,2.0114,61.881
4.5534e-07,-4.8217e-05,0.0020219,-0.042404,0.45865,-2.3218,3.7815,57.314
-1.5393e-06,0.00017339,-0.0077253,0.17274,-2.0242,11.748,-28.855,84.76
-2.1456e-07,2.1713e-05,-0.00084662,0.015898,-0.14789,0.67224,-1.9245,61.92
-7.1436e-07,7.0534e-05,-0.0027056,0.050369,-0.4616,1.8728,-2.5591,60.518
1.3922e-06,-0.00013092,0.0046971,-0.079484,0.62474,-1.7907,0.039215,59.417
2.0931e-06,-0.00019631,0.0071865,-0.13004,1.2201,-5.7127,11.521,50.212
1.0585e-06,-0.00011348,0.004838,-0.10373,1.1635,-6.4311,14.018,54.978
-1.6216e-06,0.0001754,-0.0075632,0.16441,-1.8635,10.1,-19.561,61.961
1.5924e-06,-0.00014778,0.0054975,-0.10651,1.1745,-7.4289,23.231,41.485
9.1058e-07,-6.2018e-05,0.0013435,-0.00517,-0.16638,2.0061,-6.9405,70.695
7.2356e-07,-8.1653e-05,0.0036185,-0.079604,0.90213,-4.8923,9.8143,59.383
-1.3848e-06,0.00015019,-0.0064632,0.14044,-1.6267,9.7747,-26.948,79.825
3.4347e-07,-2.8453e-05,0.00084084,-0.0095824,0.0042702,0.61834,-2.886,56.286
-5.7532e-08,4.6295e-06,-0.00012586,0.0010965,0.0034692,-0.013345,-1.0524,61.211
-2.6188e-07,3.0492e-05,-0.0014158,0.033191,-0.41263,2.6242,-7.4331,62.102
-2.1331e-07,1.3333e-05,-0.00015255,-0.0055572,0.15687,-1.3422,3.9141,59.595
-2.3278e-06,0.00023542,-0.0093241,0.18199,-1.8042,8.4461,-15.904,69.243
-4.0278e-07,3.9924e-05,-0.0015459,0.029499,-0.28631,1.2939,-1.9316,58.55
-6.991e-07,6.954e-05,-0.0027316,0.054341,-0.59307,3.6981,-13.134,84.672
8.0568e-07,-8.4992e-05,0.0035,-0.070558,0.7058,-2.9249,0.61683,68.02
1.6512e-06,-0.00018436,0.0082129,-0.18666,2.2983,-14.954,45.845,14.743
-4.7975e-07,4.5534e-05,-0.0017034,0.032224,-0.33318,1.9331,-5.8804,63.582
-5.4182e-07,7.7889e-05,-0.0043837,0.12438,-1.8977,15.315,-59.764,142.62
-6.0459e-07,6.0145e-05,-0.0022918,0.041562,-0.36225,1.428,-3.9664,72.714
-1.4509e-06,0.00017047,-0.0080666,0.19684,-2.6298,18.789,-65.2,148.17
4.0302e-07,-3.1272e-05,0.00068,0.0032008,-0.27863,2.9138,-7.1273,58.016
3.1358e-07,-4.7128e-05,0.0027031,-0.076247,1.1117,-7.8578,21.104,57.185
3.6751e-08,-1.1541e-05,0.00087144,-0.028642,0.46586,-3.6603,11.573,67.118
-5.9281e-07,6.2579e-05,-0.0026746,0.059141,-0.71008,4.395,-11.864,68.044
-3.7151e-07,4.8696e-05,-0.0025165,0.064653,-0.85285,5.36,-13.25,76.716
2.2955e-07,-2.5604e-05,0.0010955,-0.02307,0.25638,-1.508,4.1729,56.477
1.2041e-06,-0.00013255,0.0058513,-0.1315,1.5704,-9.4087,24.221,35.856
3.3648e-07,-2.7151e-05,0.00080844,-0.010648,0.054603,-0.019217,-0.19589,54.691
2.0967e-07,-2.7191e-05,0.0013448,-0.032018,0.37768,-2.0256,3.9858,55.673
4.1106e-08,-5.7348e-07,-7.0319e-05,0.0017671,0.0021544,-0.30514,1.566,59.929
-4.7404e-06,0.00027022,-0.0061352,0.07289,-0.49032,1.7512,-2.972,61.496
-2.5703e-07,2.515e-05,-0.0009322,0.015598,-0.090997,-0.45621,6.2475,54.459
-2.4348e-06,0.00023822,-0.0092785,0.18271,-1.9008,9.8296,-20.283,71.034
9.9018e-07,-0.0001036,0.0042664,-0.087273,0.91446,-4.4853,7.8918,53.881
9.7509e-07,-0.00011744,0.0056519,-0.13866,1.8355,-12.805,42.563,8.777
-2.0184e-08,1.3952e-06,1.6945e-05,-0.0032166,0.089077,-1.0088,4.3788,55.387
-3.4163e-06,0.00035944,-0.014915,0.30969,-3.3837,18.97,-50.291,103.58
-5.6322e-07,5.3965e-05,-0.0021469,0.046487,-0.58968,4.25,-15.243,72.816
-7.1625e-07,9.0602e-05,-0.0044467,0.10724,-1.3158,7.5358,-14.443,73.142
3.1271e-08,-7.1324e-06,0.00042951,-0.011279,0.14628,-0.95062,3.2053,57.214
4.7235e-07,-4.9818e-05,0.0020871,-0.043977,0.48525,-2.6189,5.2639,60.649
9.0676e-08,-4.8724e-06,-1.3923e-05,0.0054695,-0.12835,1.1951,-4.3926,65.656
-7.738e-07,6.981e-05,-0.0025258,0.046767,-0.46559,2.3552,-4.7283,58.882
9.9973e-07,-9.6456e-05,0.0035762,-0.06359,0.5528,-2.1592,3.1151,66.46
-4.9785e-08,1.0115e-05,-0.00058967,0.014892,-0.17706,0.91883,-1.7378,59.888
6.6604e-07,-6.2517e-05,0.0022677,-0.039535,0.32969,-1.0606,0.17152,53.44
1.3984e-07,-1.3495e-05,0.00047213,-0.0069122,0.028175,0.2065,-1.3857,63.938
1.5388e-06,-0.0001566,0.0063559,-0.13017,1.3963,-7.3078,14.919,59.116
6.5376e-07,-6.9485e-05,0.0029477,-0.064419,0.78112,-5.1631,15.551,53.315
-2.5078e-08,4.9832e-06,-0.00033921,0.011106,-0.19095,1.6872,-6.7341,64.251
1.3497e-06,-0.00014107,0.0058449,-0.12224,1.3596,-7.7912,20.636,47.062
-5.4793e-07,6.0645e-05,-0.0026107,0.055098,-0.59185,3.0651,-6.7211,65.34
2.6421e-07,-2.7446e-05,0.0011621,-0.025906,0.3262,-2.2271,6.02,66.927
-5.3795e-08,1.1668e-05,-0.0007323,0.020031,-0.2586,1.4787,-3.4484,65.471
-1.7849e-06,0.00019526,-0.0084873,0.18516,-2.0932,11.187,-20.765,69.929
6.4946e-07,-6.5301e-05,0.0025174,-0.046,0.39191,-1.2178,-0.42877,76.699
-4.878e-07,5.1047e-05,-0.0021054,0.042799,-0.43256,1.8173,-0.45446,60.402
1.2162e-06,-0.00011866,0.004371,-0.072989,0.47303,0.46487,-12.846,77.733
-4.4508e-06,0.0003746,-0.012325,0.2003,-1.6761,6.7704,-10.374,68.241
-8.024e-07,8.5424e-05,-0.0036248,0.077704,-0.87383,4.7271,-8.2194,61.463
-2.6632e-08,3.9083e-07,9.8994e-05,-0.0049567,0.094048,-0.81291,3.0961,66.746
4.0642e-07,-6.5385e-05,0.0038924,-0.11227,1.6667,-12.146,36.141,34.221
2.0745e-07,-2.0608e-05,0.00080338,-0.015181,0.13638,-0.45358,0.1187,59.844
-2.4957e-07,2.0049e-05,-0.00054085,0.0040036,0.057331,-1.0472,4.3139,52.461
8.1398e-07,-7.6922e-05,0.0027763,-0.046999,0.35029,-0.47017,-5.3507,81.13
-2.4451e-07,3.1986e-05,-0.0016639,0.04343,-0.58666,3.7877,-9.6295,75.787
-1.7192e-07,1.5791e-05,-0.00052218,0.006503,0.009222,-0.78867,4.5242,50.788
8.0121e-08,-7.18e-06,0.0002844,-0.0068059,0.10365,-0.90319,3.5818,47.939
1.1274e-06,-0.00011369,0.0045,-0.088072,0.88277,-4.2986,9.1687,54.071
-1.3889e-06,0.00013409,-0.005166,0.10148,-1.0778,6.0409,-15.765,71.302
2.1733e-06,-0.00019822,0.0070561,-0.12461,1.1476,-5.2515,9.6981,61.194
1.1293e-06,-0.00011469,0.0045656,-0.089514,0.88384,-3.9498,5.8007,62.649
-2.6866e-08,5.1156e-06,-0.00032469,0.0095532,-0.14098,0.98824,-2.4281,62.683
-4.4792e-07,5.3545e-05,-0.0026402,0.06783,-0.94049,6.593,-19.475,78.41
-1.4599e-06,0.00016072,-0.0070389,0.15572,-1.8235,10.811,-28.338,87.332
-5.5811e-07,5.9391e-05,-0.002426,0.046888,-0.41797,1.2545,1.764,51.823
3.646e-07,-4.4288e-05,0.0021543,-0.053201,0.69659,-4.5982,13.203,51.744
3.8798e-07,-4.1147e-05,0.0017327,-0.036712,0.40606,-2.125,3.0802,69.539
-1.8044e-06,0.00019037,-0.00796,0.16755,-1.8595,10.383,-24.778,57.281
-5.8738e-07,6.1537e-05,-0.0024828,0.047718,-0.42716,1.2771,2.0264,58.214
-1.147e-07,2.1291e-05,-0.0012742,0.034376,-0.44677,2.6063,-4.9832,70.417
1.6378e-07,-1.6629e-05,0.0006811,-0.014893,0.19122,-1.3914,4.9677,52.148
5.1725e-07,-5.0689e-05,0.0019425,-0.036619,0.348,-1.5075,2.4138,49.893
1.061e-06,-9.5667e-05,0.0032409,-0.050393,0.3439,-0.72243,0.027183,61.598
-5.4914e-07,5.2811e-05,-0.0020212,0.039463,-0.42008,2.4232,-6.8966,67.438
-5.9201e-07,5.746e-05,-0.0022404,0.045761,-0.53838,3.7331,-13.788,78.993
6.5904e-07,-7.9406e-05,0.0038664,-0.096378,1.2742,-8.1968,18.647,67.275
-2.9816e-07,3.0095e-05,-0.0012029,0.024311,-0.26388,1.5077,-3.8858,61.637
-1.1792e-06,0.00011882,-0.0047295,0.094372,-0.98753,5.1639,-11.824,75.239
3.1364e-07,-3.5369e-05,0.001607,-0.037551,0.47605,-3.1507,9.4614,47.38
-1.2032e-06,0.00012911,-0.0054388,0.11379,-1.2314,6.4759,-13.456,69.293
9.8122e-07,-9.531e-05,0.003618,-0.067849,0.65273,-2.9947,5.229,63.948
9.1779e-07,-9.0361e-05,0.0034423,-0.062969,0.55002,-1.8985,1.3042,63.249
8.7089e-07,-9.2315e-05,0.0039265,-0.085543,1.0083,-6.1971,16.876,49.525
-1.1637e-06,0.00012389,-0.005273,0.11454,-1.3431,8.2838,-24.393,92.149
2.7948e-07,-2.6312e-05,0.00088611,-0.011603,0.01029,0.89178,-4.8763,66.327
1.2374e-06,-0.00010192,0.0030447,-0.037616,0.10394,1.3968,-8.302,64.638
-4.7081e-07,4.9687e-05,-0.0021546,0.050277,-0.68864,5.4343,-20.541,95.825
-1.6162e-06,0.00017735,-0.007838,0.1778,-2.1787,13.807,-38.613,89.329
2.5329e-07,-2.9224e-05,0.0013381,-0.03142,0.40268,-2.6631,6.8551,68.314
-1.7625e-09,-1.1012e-06,0.00011703,-0.0044772,0.079849,-0.65825,1.99,55.083
7.8304e-07,-8.0453e-05,0.0032268,-0.063663,0.63748,-2.9921,5.431,50.093
1.1256e-09,-4.9313e-07,0.00012068,-0.0078439,0.21275,-2.6339,14.105,37.077
-4.8223e-07,5.0788e-05,-0.0020703,0.041089,-0.41607,2.1687,-6.1734,73.735
-2.1951e-07,2.6504e-05,-0.0013024,0.033324,-0.46947,3.4899,-11.123,73.393
1.2942e-06,-0.0001213,0.0043989,-0.077332,0.66742,-2.4246,2.2485,60.093
2.5555e-07,-2.6595e-05,0.0010575,-0.019681,0.16296,-0.35047,-1.3595,60.588
-8.2867e-07,9.2179e-05,-0.0040734,0.092357,-1.154,7.8356,-25.502,85.28
-1.7343e-07,2.4071e-05,-0.0012408,0.030562,-0.37781,2.2187,-5.112,70.516
1.3547e-06,-0.00016342,0.0078876,-0.19542,2.6479,-19.282,68.667,-28.567
2.0535e-07,-2.5584e-05,0.0012376,-0.029811,0.38086,-2.5411,8.0087,53.018
6.9772e-07,-5.8197e-05,0.0018453,-0.027639,0.19547,-0.50553,-0.62631,68.213
7.6693e-07,-8.1751e-05,0.0034324,-0.071567,0.76831,-4.0171,9.0216,53.291
-3.025e-07,3.6948e-05,-0.0018152,0.04561,-0.61212,4.1036,-10.742,64.178
1.6325e-06,-0.00010929,0.0022459,-0.0057917,-0.28681,2.544,-2.9148,63.601
-6.1482e-07,5.9846e-05,-0.0022537,0.041189,-0.37649,1.6262,-3.1117,66.555
-1.4434e-07,3.808e-06,0.00037742,-0.020185,0.35815,-2.4978,4.7655,71.412
1.6909e-07,-1.9139e-05,0.00081999,-0.016272,0.14122,-0.27657,-1.9894,69.293
1.5475e-06,-0.00016309,0.0068052,-0.14288,1.5846,-8.8543,20.96,47.512
-9.4606e-07,0.0001125,-0.0053246,0.12768,-1.6323,10.714,-31.721,96.376
-6.2133e-07,8.2567e-05,-0.0043002,0.11186,-1.528,10.556,-32.673,84.708
1.8487e-07,-2.4973e-05,0.00128,-0.031823,0.40188,-2.4345,6.0649,53.183
-1.1844e-07,2.2013e-05,-0.0013735,0.040242,-0.60214,4.3761,-11.201,68.127
-1.7997e-06,0.00019132,-0.0080683,0.17111,-1.9061,10.599,-25.075,80.765
2.0295e-06,-0.00021356,0.0088248,-0.18053,1.8886,-9.2896,15.82,69.316
-4.5485e-07,5.475e-05,-0.0026179,0.062615,-0.77168,4.4229,-7.3333,63.444
8.1671e-08,-1.007e-05,0.00048275,-0.011655,0.15125,-1.0003,2.2199,63.467
1.2254e-07,-1.7323e-05,0.00093043,-0.024369,0.32642,-2.0891,4.6813,55.078
-4.3336e-07,4.4064e-05,-0.001747,0.033815,-0.32464,1.3682,-1.7778,66.694
6.4256e-07,-7.0059e-05,0.0030141,-0.064082,0.68824,-3.4657,7.81,44.281
1.8215e-07,-6.4201e-06,-0.00037603,0.024741,-0.5149,4.6074,-14.775,67.533
-2.404e-06,0.00026068,-0.011275,0.24656,-2.8382,16.123,-37.454,86.631
-3.6672e-07,4.1825e-05,-0.0019726,0.049473,-0.70325,5.5275,-20.825,88.047
1.1999e-07,-1.9001e-05,0.0010804,-0.029242,0.40782,-2.9555,10.638,53.728
-6.5152e-07,7.8305e-05,-0.0037773,0.09268,-1.2042,7.8139,-22.082,88.023
9.2817e-07,-9.5339e-05,0.0037958,-0.072783,0.67117,-2.5384,3.1849,53.47
5.4579e-07,-5.7744e-05,0.0024977,-0.05661,0.70583,-4.5435,12.482,45.766
1.468e-08,1.291e-06,-0.00016282,0.0048693,-0.048464,0.0641,-0.30105,70.026
-7.9205e-07,7.7353e-05,-0.002972,0.056843,-0.56407,2.7541,-5.5825,59.744
-1.292e-06,9.9673e-05,-0.0026781,0.027192,-0.027986,-0.84851,2.6657,60.731
1.5811e-07,-1.8814e-05,0.00082365,-0.016175,0.12733,-0.0051342,-3.6718,62.857
9.6501e-07,-8.9339e-05,0.0032019,-0.055756,0.48376,-1.9278,3.1893,59.581
-7.394e-07,7.0665e-05,-0.002566,0.043285,-0.31957,0.54024,2.8339,63.064
2.7488e-07,-1.6957e-05,0.00013785,0.010695,-0.28168,2.3972,-6.4967,73.802
-9.6165e-07,9.4114e-05,-0.003643,0.070911,-0.72582,3.661,-7.0414,64.222
-2.1598e-08,-2.0237e-06,0.00032505,-0.013525,0.24407,-1.8952,3.7794,71.76
-4.7558e-07,4.4145e-05,-0.0014375,0.016569,0.060723,-2.645,16.651,41.681
9.3353e-07,-8.9774e-05,0.0033151,-0.058216,0.48096,-1.4856,-0.034304,70.54
-7.7406e-07,7.6488e-05,-0.0029618,0.056185,-0.51713,1.5939,5.8431,43.235
4.4516e-09,3.9808e-06,-0.00037481,0.012774,-0.20224,1.5169,-4.5522,68.448
-7.8558e-07,8.4135e-05,-0.0034974,0.070644,-0.70852,3.2542,-6.176,67.814
-5.0156e-07,5.7453e-05,-0.0025843,0.057475,-0.65472,3.6262,-8.2527,53.531
-4.4449e-07,3.6317e-05,-0.0010548,0.012297,-0.03392,-0.23623,1.0301,56.216
-3.98e-07,4.0312e-05,-0.0016069,0.032105,-0.3415,1.9231,-5.3071,63.381
-1.5679e-06,0.00016057,-0.0065386,0.13435,-1.4562,7.9101,-18.878,81.109
-1.3648e-06,0.00014578,-0.0061283,0.12831,-1.4006,7.7436,-20.555,90.192
-1.4204e-06,0.00015996,-0.0069829,0.14815,-1.5554,7.1521,-9.5221,66.029
-1.0515e-06,0.00011607,-0.005154,0.11771,-1.4636,9.5269,-27,77.299
-9.2136e-07,9.7171e-05,-0.0039639,0.077756,-0.73415,2.782,-1.2245,63.613
7.2569e-07,-7.192e-05,0.0027327,-0.049233,0.41533,-1.3234,0.68184,62.367
-5.8432e-07,5.7841e-05,-0.0022435,0.042931,-0.41394,1.726,-0.41544,57.842
-3.5807e-07,4.7396e-05,-0.0023769,0.057391,-0.69034,3.7957,-7.2544,61.682
-1.4332e-06,0.00014317,-0.0056453,0.11129,-1.1418,5.7264,-11.839,74.966
7.8462e-07,-6.4024e-05,0.002004,-0.031207,0.28293,-1.85,8.662,50.656
4.6379e-07,-5.0131e-05,0.0021739,-0.048773,0.61062,-4.2751,15.384,57.306
6.3997e-08,-1.7625e-06,-0.0001009,0.0037651,-0.0069241,-0.78567,6.1937,61.92
-1.0823e-06,0.00012213,-0.0051642,0.10619,-1.1344,6.1174,-13.904,72.011
5.6606e-07,-5.7341e-05,0.002251,-0.042771,0.3963,-1.4719,-0.52306,71.471
4.6343e-07,-5.0777e-05,0.002192,-0.046919,0.50982,-2.4921,3.1786,65.955
-5.0906e-07,5.3379e-05,-0.0021794,0.043343,-0.42295,1.6807,-0.67855,61.59
2.2152e-06,-0.00021622,0.0082306,-0.15415,1.4654,-6.3512,7.2373,67.461
-4.4219e-07,2.3949e-05,0.00032255,-0.0491,1.3381,-16.152,90.67,-127.29
-5.2327e-07,5.6476e-05,-0.0023803,0.048558,-0.47087,1.567,2.7954,58.336
3.6284e-07,-3.544e-05,0.0013593,-0.025975,0.26207,-1.4177,4.1968,55.048
1.9561e-06,-0.00017075,0.0056315,-0.086211,0.58643,-0.99362,-4.9244,79.149
1.7208e-06,-0.00018085,0.0074846,-0.1555,1.7172,-9.7928,24.878,50.445
-5.2012e-07,5.949e-05,-0.0027054,0.062068,-0.75193,4.5508,-11.166,64.794
7.8138e-07,-9.4577e-05,0.0046175,-0.11641,1.6081,-11.86,41.433,14.519
1.4482e-06,-0.00013923,0.0051612,-0.091904,0.78704,-2.6383,-0.39,77.226
-1.5664e-06,0.00016122,-0.0065692,0.13461,-1.4451,7.4755,-12.898,55.331
-5.9494e-07,6.0556e-05,-0.002396,0.0462,-0.44395,1.9428,-3.2625,68.87
-6.6601e-07,6.2319e-05,-0.002212,0.036617,-0.27752,0.82561,-1.2801,67.323
1.7139e-07,-1.8369e-05,0.0007804,-0.016622,0.18305,-0.9413,1.7634,66.674
-2.495e-07,1.4265e-05,-0.00014723,-0.0048256,0.12216,-0.98287,2.8778,64.421
-6.035e-07,7.8562e-05,-0.0041157,0.10985,-1.5519,10.829,-30.023,86.975
-3.9035e-06,0.0004227,-0.018228,0.39853,-4.6485,27.768,-73.463,121.55
-6.6034e-09,-7.0251e-06,0.00072031,-0.025775,0.39664,-2.3839,2.9446,63.192
6.3556e-07,-6.8568e-05,0.0029444,-0.063782,0.72727,-4.1479,9.9429,68.526
-7.018e-08,7.4252e-06,-0.00026819,0.0028952,0.031972,-0.7322,2.698,56.076
1.6094e-06,-0.00015624,0.0059176,-0.11108,1.0877,-5.338,11.229,50.472
-9.4329e-07,9.2337e-05,-0.0034859,0.063349,-0.55997,2.1096,-2.4441,61.219
1.2991e-06,-0.0001292,0.0049174,-0.088959,0.76709,-2.7139,2.4784,54.918
1.5719e-06,-0.00016063,0.0065733,-0.1383,1.5996,-9.9927,29.589,37.344
-8.4128e-07,7.9424e-05,-0.0029555,0.055087,-0.539,2.6272,-5.3077,59.546
3.8437e-07,-2.9616e-05,0.00078761,-0.0078396,0.0088686,0.20635,-0.71764,65.285
-1.9753e-06,0.00020239,-0.0081883,0.16585,-1.7595,9.3033,-20.322,66.242
-2.1172e-07,2.8572e-05,-0.0013989,0.031639,-0.33458,1.3542,-0.064542,56.135
-1.0553e-06,0.00011122,-0.0046063,0.094283,-0.9758,4.6049,-8.3161,72.452
-1.2825e-06,0.00014339,-0.0062347,0.13275,-1.4279,7.1717,-13.099,67.292
1.5326e-06,-0.0001346,0.0045416,-0.073129,0.56232,-1.6797,-0.86012,71.119
-2.3172e-06,0.00022941,-0.0090703,0.18313,-2.0055,11.692,-33.114,88.369
-1.9647e-06,0.00020111,-0.0083449,0.18088,-2.1887,14.352,-42.391,101.17
-3.1711e-07,3.6393e-05,-0.0016471,0.037349,-0.44097,2.4952,-5.1485,64.453
-9.2616e-07,8.4943e-05,-0.002949,0.047933,-0.36204,1.0249,0.30496,47.686
1.0823e-07,-1.9522e-05,0.0011643,-0.032132,0.44829,-3.1472,10.535,52.974
1.1303e-08,9.0806e-06,-0.00088031,0.03129,-0.52446,4.076,-10.164,64.057
-4.5002e-07,4.3877e-05,-0.001727,0.035499,-0.40566,2.3955,-5.0684,76.953
-5.2002e-07,5.7206e-05,-0.0024851,0.054207,-0.62219,3.5942,-9.5509,63.959
-6.3225e-07,6.278e-05,-0.0025218,0.051933,-0.56349,2.9188,-5.8371,64.166
-4.1371e-07,4.6448e-05,-0.0020133,0.042596,-0.45849,2.375,-4.5849,59.578
2.4292e-07,-2.8782e-05,0.0012901,-0.027279,0.27266,-1.0894,0.88984,57.795
1.0213e-06,-0.00010108,0.0039239,-0.075081,0.72162,-3.0375,3.0773,65.816
8.1069e-07,-8.4102e-05,0.0034425,-0.069913,0.72575,-3.5886,7.0769,61.482
2.3044e-06,-0.00023988,0.0098462,-0.20111,2.1153,-10.643,20.276,51.872
-6.8413e-07,6.9823e-05,-0.002802,0.055656,-0.56151,2.5934,-3.673,57.122
-5.8333e-07,5.0883e-05,-0.0017171,0.028886,-0.27087,1.5887,-5.7732,64.851
1.5671e-07,-2.2945e-05,0.0013149,-0.038095,0.59515,-4.8866,18.658,29.242
-2.0923e-07,2.4563e-05,-0.001095,0.023531,-0.25506,1.2922,-1.4986,73.425
7.26e-07,-6.8431e-05,0.0024736,-0.042113,0.32072,-0.60203,-2.9482,67.052
2.6373e-07,-2.6181e-05,0.0010189,-0.019905,0.21034,-1.2213,3.578,57.796
-1.33e-06,0.00013593,-0.0056304,0.12171,-1.4572,9.1005,-21.183,61.851
-4.3881e-07,4.1969e-05,-0.001581,0.029717,-0.29024,1.372,-2.2904,59.868
-1.595e-06,0.00015919,-0.0062291,0.11997,-1.1624,5.0955,-7.3176,62.719
-8.6361e-07,7.4161e-05,-0.0025085,0.042082,-0.35493,1.261,-0.70284,65.518
-2.3757e-07,2.2346e-05,-0.00081603,0.014482,-0.12503,0.42404,-0.38255,74.191
1.6154e-06,-0.00017564,0.0076975,-0.17458,2.1869,-14.857,48.446,26.331
-4.0856e-07,4.1721e-05,-0.0016728,0.033051,-0.32968,1.4769,-1.4825,56.814
-6.02e-07,6.2648e-05,-0.0025798,0.052226,-0.51153,1.8187,1.2236,62.565
-1.1884e-06,0.00012616,-0.0052662,0.10912,-1.1643,5.9754,-11.876,63.837
-1.4422e-06,0.00014671,-0.0058681,0.1166,-1.2003,6.1298,-13.821,67.941
-6.36e-07,8.0861e-05,-0.0040813,0.1044,-1.4237,9.8693,-29.556,80.497
-7.6843e-07,7.6621e-05,-0.003021,0.059528,-0.60667,2.9368,-4.8845,55.251
1.959e-07,-1.6293e-05,0.00047915,-0.0052959,-0.0020312,0.40044,-1.9489,55.971
-1.6395e-07,1.4375e-05,-0.00050842,0.0093533,-0.091546,0.41758,-1.3209,67.778
1.0132e-06,-0.00011532,0.0052135,-0.11899,1.4392,-8.7701,21.574,59.408
-1.1524e-07,1.4275e-05,-0.00067389,0.015102,-0.15733,0.53561,1.0214,60.275
3.5443e-07,-3.3086e-05,0.0011078,-0.014042,-0.021226,2.0377,-15.789,89.436
1.1083e-06,-0.00011635,0.004811,-0.098797,1.0412,-5.1918,9.4487,62.387
-5.4219e-08,1.3342e-06,0.00016688,-0.0095199,0.19681,-1.8698,7.9463,48.55
6.5922e-07,-6.6879e-05,0.0026626,-0.052751,0.54727,-2.9124,7.3882,64.674
1.3317e-07,-1.065e-05,0.00031554,-0.0042215,0.023992,-0.016546,-0.45159,65.466
-5.3975e-07,5.8119e-05,-0.0025347,0.057729,-0.72998,4.8502,-12.906,70.369
1.2961e-06,-0.0001314,0.0052569,-0.10569,1.119,-5.8751,12.678,53.151
1.1564e-06,-0.00012255,0.0051457,-0.10846,1.1983,-6.6004,15.053,54.869
-5.6752e-07,5.7081e-05,-0.0021683,0.037655,-0.26769,0.052789,6.079,56.254
5.8992e-07,-6.1127e-05,0.002543,-0.05396,0.60535,-3.3241,7.1142,74.421
1.26e-06,-0.00012479,0.0047174,-0.084115,0.70274,-2.3178,1.7339,57.188
1.3492e-08,-1.1976e-05,0.0010687,-0.037758,0.62641,-4.7031,12.481,63.852
-1.3735e-06,0.0001459,-0.0061072,0.12769,-1.3994,7.772,-19.526,84.384
4.9681e-07,-5.5496e-05,0.0024713,-0.055064,0.62674,-3.2946,6.1719,69.405
-9.659e-07,9.6974e-05,-0.0038767,0.079074,-0.86855,4.8856,-12.161,72.688
-3.7971e-06,0.00041761,-0.018159,0.39445,-4.4441,24.359,-53.377,88.533
2.4077e-06,-0.00022508,0.008296,-0.15366,1.505,-7.282,11.299,71.176
1.5412e-06,-0.00015623,0.0062338,-0.12353,1.2549,-5.9905,10.483,56.471
3.2942e-07,-3.406e-05,0.0013493,-0.025224,0.2148,-0.55579,-1.1935,62.772
-4.3311e-08,2.1737e-06,2.8312e-05,-0.0038019,0.092092,-0.93903,3.7518,59.042
-1.085e-07,1.4828e-05,-0.00075591,0.018371,-0.21853,1.1095,-1.1702,62.647
1.3135e-06,-0.00016006,0.0079148,-0.2032,2.8735,-21.855,80.259,-43.75
1.1835e-07,-1.4362e-05,0.00069738,-0.017233,0.2263,-1.5032,4.6917,51.5
-8.852e-07,0.00010868,-0.0053207,0.13201,-1.7374,11.466,-31.043,85.254
-2.1125e-06,0.00023259,-0.010173,0.22421,-2.604,15.196,-38.864,106.19
5.8443e-07,-5.7125e-05,0.0021165,-0.03618,0.26752,-0.4933,-1.1217,59.227
1.8977e-06,-0.00020299,0.0086083,-0.18334,2.0438,-11.215,24.565,58.949
