5.1288e-09,-5.7067e-07,2.5966e-05,-0.0006205,0.0082721,-0.059704,0.2048,-0.1388
-3.1301e-09,3.483e-07,-1.5471e-05,0.00034975,-0.0042555,0.027088,-0.079152,0.15346
-4.2613e-09,4.3818e-07,-1.8467e-05,0.00040852,-0.0050213,0.033153,-0.10249,0.25326
-3.3123e-10,2.8197e-08,-8.5365e-07,9.8204e-06,-4.1866e-06,-0.00050538,0.0005961,0.10622
-7.9698e-09,7.4746e-07,-2.7386e-05,0.00049109,-0.0044226,0.018887,-0.037508,0.10541
1.1017e-08,-1.4115e-06,7.4374e-05,-0.0020779,0.032994,-0.29477,1.3547,-2.3329
1.3257e-08,-1.3846e-06,6.0027e-05,-0.0013995,0.018863,-0.14487,0.57003,-0.78396
-9.0364e-09,8.7346e-07,-3.3889e-05,0.00067426,-0.0072684,0.0409,-0.10403,0.18657
7.5783e-09,-7.7232e-07,3.1276e-05,-0.00064045,0.0070015,-0.03998,0.11097,-0.097271
3.0404e-09,-3.0895e-07,1.2502e-05,-0.00025736,0.0028522,-0.016498,0.042913,0.059067
-9.9791e-10,1.1938e-07,-5.7603e-06,0.00014364,-0.0019663,0.014354,-0.048283,0.11074
3.3336e-09,-3.5359e-07,1.5102e-05,-0.00033385,0.0040809,-0.027092,0.08886,-0.064381
-2.442e-09,2.3781e-07,-9.0739e-06,0.00016996,-0.0015887,0.0063841,-0.0038829,0.091627
2.1397e-09,-2.2401e-07,9.1418e-06,-0.00018406,0.0019102,-0.0097303,0.021295,0.12562
6.4891e-09,-7.0119e-07,3.0501e-05,-0.00068397,0.0084093,-0.055719,0.1823,-0.18013
-1.8485e-09,1.7332e-07,-6.2597e-06,0.00010557,-0.00072352,-0.00091146,0.03297,-0.03428
-1.3084e-09,1.3647e-07,-5.5915e-06,0.00011326,-0.0011665,0.0055985,-0.010028,0.064992
1.2242e-09,-1.5364e-07,7.8298e-06,-0.00020846,0.0030897,-0.025037,0.10126,-0.077699
1.7061e-09,-2.1865e-07,1.146e-05,-0.00031362,0.0047472,-0.038789,0.15306,-0.11484
-1.1479e-08,1.1731e-06,-4.779e-05,0.00098617,-0.010789,0.059197,-0.1337,0.15736
-3.2555e-09,3.2894e-07,-1.3273e-05,0.0002735,-0.0030496,0.017716,-0.043412,0.09098
7.8619e-09,-8.2477e-07,3.5342e-05,-0.00079764,0.010157,-0.072035,0.2588,-0.25495
6.1922e-09,-6.0997e-07,2.476e-05,-0.00053593,0.0066641,-0.047284,0.17392,-0.1999
-1.887e-09,1.5848e-07,-5.0344e-06,7.4316e-05,-0.00047645,0.00022208,0.012479,0.019989
-2.3146e-08,2.8993e-06,-0.00014911,0.0040496,-0.062078,0.5296,-2.2834,3.8552
3.4057e-10,-1.6203e-08,-1.3945e-07,2.2614e-05,-0.00059821,0.0076244,-0.04384,0.20542
-2.9445e-09,3.6992e-07,-1.8672e-05,0.00048731,-0.0070669,0.056991,-0.23897,0.50661
3.1069e-09,-3.2108e-07,1.3281e-05,-0.00028174,0.0032666,-0.02035,0.060329,0.077127
3.0297e-09,-2.6211e-07,9.0597e-06,-0.00016374,0.0017565,-0.012865,0.068979,-0.013654
-2.7188e-09,2.8647e-07,-1.1594e-05,0.00022267,-0.0019927,0.0064321,0.0013477,0.04382
-5.866e-10,8.2781e-09,2.7809e-06,-0.00015539,0.003408,-0.035158,0.16417,-0.13213
-4.0465e-09,4.2823e-07,-1.8034e-05,0.00038412,-0.0043487,0.025176,-0.064518,0.11355
2.0913e-09,-2.6056e-07,1.3125e-05,-0.00034057,0.0047861,-0.034956,0.11653,-0.081107
5.9319e-09,-5.7767e-07,2.2838e-05,-0.00047675,0.0057329,-0.039955,0.14257,-0.077323
-1.7231e-09,1.6472e-07,-6.2033e-06,0.00011622,-0.0011157,0.0049399,-0.0063837,0.016561
3.1994e-09,-2.5003e-07,6.9881e-06,-7.7914e-05,0.00017335,0.0015494,0.0013175,0.055995
-6.5956e-09,6.7608e-07,-2.7664e-05,0.0005751,-0.006392,0.036505,-0.092317,0.12381
5.357e-10,-8.8614e-08,5.3368e-06,-0.00015783,0.0024953,-0.020899,0.084122,-0.062113
-7.1059e-09,6.8715e-07,-2.568e-05,0.00046019,-0.0039304,0.012837,0.0028217,0.06562
1.6849e-09,-1.7415e-07,6.9315e-06,-0.00013122,0.0011541,-0.003315,-0.0063569,0.12309
3.1487e-09,-3.0406e-07,1.1164e-05,-0.00018974,0.0013742,-0.0014053,-0.02193,0.11662
1.1931e-09,-1.2904e-07,5.633e-06,-0.00012722,0.0015877,-0.010855,0.037623,-0.025032
3.5168e-11,-5.806e-09,3.6063e-07,-1.221e-05,0.00023943,-0.0026507,0.016949,0.074074
-3.7797e-09,4.3161e-07,-2.0042e-05,0.00048372,-0.0064207,0.045491,-0.1535,0.26432
-9.7619e-09,1.0483e-06,-4.5038e-05,0.00099032,-0.011825,0.074729,-0.22334,0.39268
-6.8404e-09,6.9427e-07,-2.8193e-05,0.00058261,-0.0064272,0.036285,-0.089633,0.13218
-4.9858e-09,4.8871e-07,-1.8306e-05,0.0003245,-0.0026896,0.0080802,0.0026663,0.09102
3.1713e-09,-3.2728e-07,1.3331e-05,-0.00027041,0.0028109,-0.013438,0.018299,0.080974
-6.4574e-09,6.3593e-07,-2.4811e-05,0.00048544,-0.004957,0.024773,-0.048548,0.083154
2.597e-09,-3.2929e-07,1.6755e-05,-0.0004433,0.0065499,-0.053358,0.21779,-0.22916
1.5707e-09,-2.1461e-07,1.1282e-05,-0.00029492,0.0040731,-0.028739,0.090379,0.0030256
1.4176e-08,-1.5872e-06,7.2568e-05,-0.0017457,0.023738,-0.18195,0.72879,-1.117
-1.0164e-08,1.0232e-06,-4.1271e-05,0.00085044,-0.0094484,0.054704,-0.14113,0.23947
8.4151e-10,-5.504e-08,7.8771e-07,2.0773e-05,-0.00077933,0.0088118,-0.036006,0.12805
7.7207e-09,-8.2634e-07,3.5091e-05,-0.00075716,0.008887,-0.057131,0.19343,-0.15954
1.0547e-08,-1.1004e-06,4.6006e-05,-0.00098906,0.011667,-0.074489,0.23632,-0.1634
4.5488e-09,-4.4307e-07,1.7003e-05,-0.00032735,0.0033557,-0.018387,0.056825,-0.0061551
8.8062e-10,-7.783e-08,2.0441e-06,9.1521e-07,-0.00079335,0.010821,-0.045469,0.1984
-9.8233e-10,9.3542e-08,-3.4687e-06,6.1813e-05,-0.00050602,0.00096001,0.0089929,0.035558
-9.6204e-09,9.2516e-07,-3.4818e-05,0.00064223,-0.0058502,0.021545,0.0017045,0.012177
1.0248e-08,-1.1056e-06,4.7864e-05,-0.0010632,0.01284,-0.082341,0.25691,-0.20018
3.9394e-10,-5.8889e-08,3.3082e-06,-9.1899e-05,0.0013622,-0.010648,0.039776,-0.0080488
3.0569e-09,-2.7385e-07,8.9194e-06,-0.00012299,0.00054574,0.0012266,-0.0045082,0.099707
2.9252e-09,-3.4995e-07,1.6657e-05,-0.00040686,0.0054818,-0.040692,0.15526,-0.11644
-2.8999e-09,3.4337e-07,-1.6504e-05,0.00041255,-0.0057121,0.043148,-0.16242,0.26878
-2.8797e-09,2.8426e-07,-1.1434e-05,0.00024347,-0.0029686,0.020328,-0.066659,0.1545
3.4501e-09,-3.9125e-07,1.7454e-05,-0.00038986,0.0046098,-0.028256,0.079888,0.015322
-2.7183e-09,2.5715e-07,-9.3142e-06,0.00016063,-0.001326,0.0042887,0.0032443,0.030986
-4.6158e-09,4.5451e-07,-1.7822e-05,0.00035342,-0.0037059,0.019501,-0.043622,0.077426
6.6144e-09,-6.6734e-07,2.7064e-05,-0.00056412,0.0064026,-0.038488,0.10907,-0.021508
-8.9921e-09,8.7511e-07,-3.4336e-05,0.00069806,-0.0078597,0.048368,-0.14775,0.24554
4.5618e-09,-4.5005e-07,1.7024e-05,-0.00030746,0.0026789,-0.010266,0.020492,0.049822
3.878e-09,-4.4407e-07,2.0153e-05,-0.00046084,0.0055656,-0.033856,0.089032,0.069092
3.3949e-09,-3.241e-07,1.1987e-05,-0.00021453,0.0018972,-0.0077667,0.014329,0.071204
-1.4179e-09,1.7116e-07,-7.4307e-06,0.00013508,-0.00060338,-0.010334,0.11109,-0.076438
3.1527e-09,-3.1972e-07,1.2844e-05,-0.0002616,0.0028694,-0.016254,0.036134,0.07721
2.9546e-09,-3.829e-07,1.9981e-05,-0.00054376,0.0082861,-0.069822,0.29502,-0.36869
3.3019e-09,-3.6256e-07,1.6093e-05,-0.00037259,0.0048494,-0.035494,0.13467,-0.107
4.5235e-09,-4.6922e-07,1.9296e-05,-0.00040236,0.0045311,-0.027113,0.074796,0.10855
-8.3681e-09,8.1688e-07,-3.1734e-05,0.00062699,-0.0067032,0.038113,-0.10151,0.14194
-7.3515e-09,7.4388e-07,-2.9796e-05,0.00059655,-0.0061815,0.030704,-0.055713,0.10119
-1.8564e-10,8.637e-09,-2.8008e-08,-6.9778e-06,0.00024901,-0.0039448,0.026913,0.027062
-1.5091e-09,1.6933e-07,-7.3907e-06,0.00015714,-0.0016598,0.0078009,-0.010819,0.073354
-3.6865e-09,4.1695e-07,-1.9197e-05,0.00046015,-0.0060768,0.042827,-0.1417,0.22161
8.6599e-09,-8.5709e-07,3.3636e-05,-0.00066756,0.0071045,-0.040068,0.11449,-0.069982
2.6847e-08,-2.9572e-06,0.00013056,-0.0029451,0.035819,-0.22754,0.6689,-0.53453
-3.3264e-09,2.6297e-07,-6.2191e-06,-1.5562e-05,0.0028108,-0.042271,0.23269,-0.28016
1.8893e-09,-1.9737e-07,8.0819e-06,-0.00016345,0.001688,-0.008351,0.017717,0.033325
2.6172e-08,-2.694e-06,0.00011179,-0.0024005,0.02849,-0.18476,0.60015,-0.62063
-1.8598e-08,2.0384e-06,-9.0484e-05,0.002087,-0.026727,0.18829,-0.66828,0.9834
-9.3343e-11,2.5623e-08,-1.972e-06,6.8436e-05,-0.0012174,0.011038,-0.041569,0.13257
1.0249e-08,-1.1346e-06,5.0201e-05,-0.0011285,0.013528,-0.082796,0.22232,-0.044188
-1.7746e-08,1.8046e-06,-7.4008e-05,0.0015639,-0.018015,0.1097,-0.31504,0.40239
-2.1314e-09,1.951e-07,-6.8999e-06,0.000119,-0.0010356,0.0041672,-0.0057793,0.1329
-2.4343e-09,1.9826e-07,-5.7166e-06,5.7989e-05,0.00027181,-0.0095868,0.059538,-0.036949
-6.4322e-09,5.4474e-07,-1.8051e-05,0.00029586,-0.0024434,0.0078774,0.011069,0.02745
-6.0023e-09,6.8075e-07,-3.1121e-05,0.00073284,-0.0094289,0.064889,-0.21644,0.38788
-2.1686e-09,1.6902e-07,-3.8921e-06,-1.1019e-05,0.0017061,-0.025056,0.13996,-0.11154
-1.9228e-09,1.6924e-07,-5.845e-06,0.00010125,-0.00093704,0.0043938,-0.0059222,0.042217
-1.7736e-08,1.6313e-06,-5.826e-05,0.0010122,-0.0087448,0.033939,-0.041271,0.040392
-5.9096e-09,5.5118e-07,-1.9211e-05,0.00030065,-0.0018707,0.00072834,0.010814,0.23694
-4.5767e-09,5.0292e-07,-2.2134e-05,0.00049555,-0.0058906,0.034794,-0.080747,0.075322
1.1966e-09,-1.2379e-07,5.0773e-06,-0.00010487,0.0011403,-0.0061289,0.012675,0.050575
3.8027e-09,-4.1973e-07,1.8472e-05,-0.00041894,0.0053265,-0.039146,0.16295,-0.15677
5.3682e-09,-5.3961e-07,2.2083e-05,-0.00047158,0.0055601,-0.034803,0.10019,-0.042981
1.0717e-08,-1.3959e-06,7.1872e-05,-0.001877,0.026371,-0.19379,0.65939,-0.53318
4.3883e-11,-2.6341e-08,2.0161e-06,-6.0599e-05,0.00083483,-0.004964,0.0086222,0.092033
-6.6465e-09,7.1572e-07,-3.0964e-05,0.00068476,-0.0081256,0.049369,-0.13034,0.2201
-3.5072e-09,3.2142e-07,-1.1454e-05,0.00019938,-0.0017169,0.0059854,0.00080276,0.045404
-9.7308e-09,9.9946e-07,-4.1522e-05,0.00089174,-0.010462,0.064756,-0.18557,0.20954
2.7425e-09,-2.2947e-07,7.1144e-06,-0.00010068,0.00066629,-0.0024236,0.011445,0.024628
-2.9946e-08,3.0987e-06,-0.0001287,0.0027403,-0.031639,0.19154,-0.52414,0.58325
1.3761e-08,-1.4522e-06,6.0871e-05,-0.0012943,0.014827,-0.09022,0.27099,-0.18333
-2.4229e-10,1.3212e-08,-4.3861e-08,-9.7684e-06,0.00023648,-0.0023387,0.012311,0.047851
1.0741e-08,-1.1218e-06,4.6072e-05,-0.00093885,0.0098205,-0.049261,0.10192,0.034873
1.4159e-08,-1.4155e-06,5.6812e-05,-0.0011757,0.013431,-0.084285,0.27187,-0.18189
-1.8778e-09,1.2e-07,-1.2922e-06,-6.8983e-05,0.0022039,-0.024677,0.11613,-0.065462
2.6015e-09,-2.6826e-07,1.0806e-05,-0.00021377,0.0021158,-0.009055,0.0086561,0.10158
-1.2117e-08,1.2748e-06,-5.3016e-05,0.0010982,-0.011667,0.058008,-0.1012,0.12403
-1.8268e-09,1.8869e-07,-7.9745e-06,0.0001773,-0.0021889,0.014022,-0.034614,0.088136
3.1858e-09,-3.3639e-07,1.4565e-05,-0.00033067,0.0041608,-0.028328,0.098901,-0.055044
-2.7769e-09,2.8296e-07,-1.149e-05,0.00023359,-0.0024185,0.010996,-0.0078908,0.063299
1.047e-08,-1.1645e-06,5.2677e-05,-0.0012466,0.016515,-0.12123,0.4516,-0.55982
2.9426e-09,-3.6114e-07,1.7706e-05,-0.00044609,0.0061593,-0.04562,0.16138,-0.038501
-5.4351e-09,5.1442e-07,-1.892e-05,0.00033754,-0.0029307,0.010143,-0.00049723,0.028409
5.9222e-09,-6.3337e-07,2.7165e-05,-0.00059662,0.0070973,-0.044461,0.1314,-0.034252
-9.3375e-11,1.7578e-10,8.1607e-07,-5.0158e-05,0.0012435,-0.013967,0.058561,0.055196
1.8399e-10,-4.3763e-08,3.2003e-06,-0.00010667,0.001767,-0.013935,0.045359,0.055881
-5.1078e-09,5.4261e-07,-2.2635e-05,0.00046942,-0.0050438,0.026453,-0.055772,0.066579
-6.0575e-10,5.782e-08,-1.9998e-06,2.7455e-05,-3.6151e-05,-0.0022572,0.01607,0.010842
-3.1454e-09,2.6342e-07,-7.6086e-06,6.8649e-05,0.00063892,-0.015088,0.075711,-0.019153
-3.1571e-09,3.4104e-07,-1.5009e-05,0.00034647,-0.0044997,0.032657,-0.12205,0.23541
-3.4279e-09,3.3414e-07,-1.2777e-05,0.0002404,-0.0022566,0.0090545,-0.0051613,0.031927
5.8841e-09,-5.934e-07,2.4373e-05,-0.00052468,0.0063251,-0.041869,0.13498,-0.033695
-1.0381e-10,-4.3959e-07,4.2965e-05,-0.0016506,0.031805,-0.32009,1.5677,-2.7704
-1.1654e-09,1.2306e-07,-5.1599e-06,0.00010856,-0.0011887,0.0063823,-0.015672,0.086072
1.7726e-09,-1.9393e-07,8.5091e-06,-0.0001916,0.0023531,-0.015483,0.04993,-0.027613
-1.3026e-09,1.3722e-07,-6.0358e-06,0.00014218,-0.0018886,0.013579,-0.046861,0.15952
-1.1168e-08,1.2029e-06,-5.2409e-05,0.0011798,-0.014491,0.09372,-0.27858,0.36458
4.8885e-09,-4.9957e-07,2.0236e-05,-0.00041378,0.0045272,-0.026161,0.072026,0.032117
-2.4572e-10,-5.3154e-08,5.993e-06,-0.00022037,0.0037643,-0.031105,0.11165,-0.025586
-2.2775e-08,2.4169e-06,-0.00010516,0.0024182,-0.031528,0.23113,-0.87579,1.4373
-6.6007e-09,5.3638e-07,-1.443e-05,9.3484e-05,0.0020103,-0.03461,0.16412,0.00013788
-9.2827e-10,6.4766e-08,-1.2955e-06,-3.2073e-06,0.00038543,-0.0041827,0.014935,0.055548
2.1288e-09,-2.7085e-07,1.3627e-05,-0.00034834,0.0048061,-0.03479,0.1164,-0.02683
-1.8547e-09,2.2422e-07,-1.1013e-05,0.00028099,-0.0039536,0.030043,-0.11143,0.26524
-2.1646e-11,-8.3576e-09,8.4969e-07,-3.272e-05,0.00065623,-0.007053,0.034303,0.049533
-2.0656e-09,2.1373e-07,-8.7802e-06,0.00018206,-0.0020114,0.011599,-0.030917,0.078056
1.0091e-08,-1.0192e-06,4.1522e-05,-0.00086871,0.0098065,-0.057398,0.15235,0.021971
-5.3101e-09,5.8694e-07,-2.6201e-05,0.00060404,-0.0076099,0.050609,-0.15327,0.19799
-2.7382e-11,-1.3914e-08,1.3347e-06,-4.6084e-05,0.00075618,-0.0061054,0.022978,0.015864
-9.1769e-09,8.7855e-07,-3.3732e-05,0.00066555,-0.0071823,0.041481,-0.11342,0.1715
-1.2976e-10,1.2533e-08,-6.1065e-07,1.8509e-05,-0.00032691,0.0030023,-0.012993,0.082747
-6.9241e-09,7.332e-07,-3.1053e-05,0.00066829,-0.0076471,0.04405,-0.10549,0.13491
2.6706e-09,-2.5761e-07,9.9223e-06,-0.00019982,0.0023477,-0.016723,0.065828,0.015033
-1.4716e-09,1.339e-07,-4.577e-06,6.94e-05,-0.00034966,-0.0018751,0.022582,0.027424
6.0075e-09,-6.2578e-07,2.5924e-05,-0.00054543,0.0062018,-0.038168,0.127,-0.13109
7.7812e-10,-8.5406e-08,3.7737e-06,-8.4884e-05,0.0010224,-0.0066145,0.022933,0.049766
-4.912e-09,4.8489e-07,-1.8817e-05,0.00036389,-0.0036635,0.01811,-0.035649,0.08759
-3.0866e-09,3.1547e-07,-1.3095e-05,0.00028501,-0.0034877,0.023525,-0.077454,0.15781
7.5882e-09,-8.9592e-07,4.247e-05,-0.0010339,0.013709,-0.096636,0.32555,-0.20177
4.5575e-09,-4.8404e-07,2.0331e-05,-0.00043199,0.004956,-0.030431,0.090021,-0.018472
-1.2246e-08,1.2236e-06,-4.8143e-05,0.00093794,-0.0092702,0.041818,-0.059591,0.072605
-1.1135e-08,1.1723e-06,-4.9811e-05,0.0010934,-0.01317,0.084993,-0.26234,0.36956
6.9991e-09,-7.2972e-07,3.0255e-05,-0.00063247,0.0069592,-0.038209,0.088912,0.037244
-2.131e-05,0.00083706,-0.013408,0.11301,-0.53838,1.4395,-1.9816,1.1079
-3.9985e-09,4.6652e-07,-2.2044e-05,0.00053916,-0.0072288,0.05163,-0.17369,0.27437
3.9415e-09,-4.5347e-07,2.0815e-05,-0.00048514,0.0060516,-0.039229,0.11846,-0.058676
3.6781e-06,-0.00016617,0.0027264,-0.021489,0.087858,-0.18506,0.18414,-0.017708
4.249e-09,-3.5951e-07,1.1335e-05,-0.00015873,0.00082536,0.00092849,-0.013416,0.11052
-2.7217e-09,2.7053e-07,-1.0727e-05,0.00021579,-0.0022967,0.011994,-0.0239,0.14532
-4.0443e-09,3.9358e-07,-1.5251e-05,0.00030349,-0.0033599,0.0209,-0.065978,0.14834
2.6795e-09,-2.3064e-07,7.5211e-06,-0.00011633,0.0009194,-0.0046139,0.02006,0.014284
-7.3997e-09,6.9653e-07,-2.6187e-05,0.00050925,-0.0055878,0.035285,-0.11838,0.26538
-4.5231e-10,7.0846e-08,-3.9155e-06,9.9411e-05,-0.0011929,0.0056773,-0.00073515,0.12572
4.7562e-09,-5.2405e-07,2.3164e-05,-0.00052636,0.0065434,-0.043863,0.14847,-0.092176
1.0247e-09,-1.8268e-07,1.1349e-05,-0.00033529,0.0051032,-0.039004,0.13076,-0.051579
1.7358e-10,3.6747e-09,-1.3467e-06,6.1267e-05,-0.0011703,0.010472,-0.041657,0.17767
-5.3257e-10,4.5547e-08,-9.3744e-07,-1.6004e-05,0.00080455,-0.0096804,0.043146,0.061385
-3.2405e-10,-2.6744e-08,4.1421e-06,-0.00016515,0.0029259,-0.024345,0.086856,0.062841
-1.5579e-09,1.944e-07,-9.8551e-06,0.00025838,-0.003683,0.027353,-0.091529,0.19992
-2.9416e-09,2.3178e-07,-6.1339e-06,4.2684e-05,0.00075422,-0.014367,0.078241,0.022168
-2.6525e-09,2.4923e-07,-9.2384e-06,0.00017401,-0.0018017,0.010223,-0.026593,0.10625
3.6848e-09,-3.8147e-07,1.5316e-05,-0.0002964,0.0027438,-0.0096664,0.00021474,0.061668
1.0962e-08,-1.2849e-06,6.1045e-05,-0.0015065,0.020532,-0.15084,0.52846,-0.48876
7.1296e-09,-7.852e-07,3.449e-05,-0.00077269,0.0093774,-0.060226,0.18373,-0.050096
8.921e-10,-1.3147e-07,7.2214e-06,-0.00019548,0.0028266,-0.021609,0.077319,-0.0070841
1.5187e-09,-1.713e-07,7.746e-06,-0.00017983,0.0022692,-0.015106,0.048557,0.097937
-5.483e-09,5.8417e-07,-2.5243e-05,0.0005689,-0.0071586,0.049856,-0.17696,0.35322
-8.0038e-09,8.1223e-07,-3.2656e-05,0.00065795,-0.0069025,0.035376,-0.07496,0.19109
-1.829e-09,1.9923e-07,-8.5081e-06,0.0001803,-0.0019824,0.010765,-0.022688,0.042266
2.2458e-10,-6.0788e-08,4.2533e-06,-0.00013053,0.0019934,-0.015233,0.055142,0.023514
-9.4781e-10,9.3199e-08,-3.4983e-06,5.9697e-05,-0.00037292,-0.0011078,0.015665,0.054025
2.2852e-09,-2.2523e-07,8.645e-06,-0.00016197,0.0015037,-0.0061111,0.0084975,0.053497
7.9054e-09,-8.3125e-07,3.485e-05,-0.0007432,0.0084968,-0.049676,0.12045,0.060554
-1.5725e-08,1.722e-06,-7.5895e-05,0.0017214,-0.021299,0.1401,-0.43804,0.55403
-9.8552e-10,1.0816e-07,-4.7019e-06,0.00010034,-0.0010235,0.0034736,0.0070129,0.12116
9.1548e-10,-1.0587e-07,4.8954e-06,-0.00011669,0.001532,-0.010678,0.031727,0.056931
-2.1382e-09,1.9996e-07,-7.2109e-06,0.0001268,-0.0011466,0.0051506,-0.0078211,0.063672
5.5397e-09,-6.3151e-07,2.9001e-05,-0.00068515,0.0088052,-0.059792,0.19385,-0.12786
3.0814e-09,-3.3397e-07,1.4304e-05,-0.00030685,0.0034596,-0.019932,0.05561,0.0042731
3.6428e-09,-3.6885e-07,1.4558e-05,-0.00028106,0.0027226,-0.012216,0.023821,0.057667
-5.5317e-09,5.7868e-07,-2.4653e-05,0.0005532,-0.007058,0.051013,-0.18974,0.38713
-5.4155e-09,6.0777e-07,-2.7873e-05,0.0006708,-0.0090254,0.066526,-0.24042,0.38031
-6.1876e-09,6.7171e-07,-2.9266e-05,0.00064961,-0.0076804,0.045937,-0.11844,0.17879
-2.7146e-09,2.9486e-07,-1.3154e-05,0.00031208,-0.0042339,0.032217,-0.11952,0.2317
5.9091e-10,-6.5753e-08,2.8608e-06,-6.2894e-05,0.00076481,-0.0054392,0.022351,0.029203
-5.1521e-10,4.9717e-08,-1.9629e-06,3.8742e-05,-0.0003373,-0.00010219,0.018143,0.051936
-9.7827e-11,-3.0821e-08,3.4891e-06,-0.00013381,0.0023595,-0.019354,0.064464,0.0071088
4.8034e-09,-4.6912e-07,1.8219e-05,-0.00036093,0.003905,-0.023044,0.069689,-0.023819
-1.7063e-09,2.0566e-07,-9.8172e-06,0.00023374,-0.0028531,0.016223,-0.032215,0.15047
-2.3585e-09,2.053e-07,-6.7082e-06,9.8494e-05,-0.00053868,-0.0010546,0.017752,0.074957
2.5497e-09,-2.8632e-07,1.2831e-05,-0.00029297,0.0035946,-0.022675,0.060792,0.10271
-4.3331e-11,3.5016e-09,5.1416e-08,-1.0039e-05,0.00028671,-0.0031546,0.013147,0.11314
-1.6255e-09,1.0117e-07,-5.8918e-07,-8.7368e-05,0.0025154,-0.027584,0.1301,-0.10946
3.5091e-09,-4.0919e-07,1.9925e-05,-0.00052434,0.0080193,-0.070603,0.32454,-0.54228
1.1834e-08,-1.1682e-06,4.5672e-05,-0.00089586,0.0091831,-0.046558,0.10235,-0.021571
-8.6795e-09,8.3853e-07,-3.1865e-05,0.00060482,-0.0060102,0.029896,-0.06482,0.11867
-9.8308e-09,1.0964e-06,-4.9409e-05,0.0011493,-0.014608,0.098717,-0.31589,0.45895
4.6606e-10,-8.1901e-08,5.1258e-06,-0.00015417,0.00242,-0.01964,0.075384,-0.050079
-3.8239e-09,3.7427e-07,-1.4409e-05,0.00027404,-0.0026184,0.011037,-0.013812,0.076543
-1.0221e-08,9.9178e-07,-3.8026e-05,0.00072896,-0.0072522,0.034601,-0.059202,0.079843
9.0433e-10,-9.6486e-08,4.1273e-06,-9.2525e-05,0.0012095,-0.0096714,0.042784,0.0081638
-2.208e-09,2.5414e-07,-1.1594e-05,0.00026277,-0.0029964,0.014609,-0.0081879,0.092297
-5.925e-09,6.178e-07,-2.5815e-05,0.00055128,-0.0063803,0.039545,-0.11892,0.21041
1.1212e-08,-1.1731e-06,4.8779e-05,-0.0010266,0.011559,-0.067906,0.18633,-0.062774
9.98e-10,-1.1981e-07,4.8763e-06,-7.9586e-05,0.00029183,0.0047597,-0.037172,0.19054
1.3214e-09,-2.1372e-07,1.2919e-05,-0.0003945,0.0066857,-0.06302,0.29989,-0.38443
-1.1691e-09,8.4514e-08,-1.5302e-06,-2.5914e-05,0.0012948,-0.01755,0.10004,-0.025265
6.8243e-10,-7.8034e-08,3.6663e-06,-9.0484e-05,0.0012315,-0.0087176,0.026207,0.04898
-6.1025e-10,4.8187e-09,2.3868e-06,-0.00011405,0.0022801,-0.023262,0.11781,-0.089598
-4.8959e-09,4.8814e-07,-1.9505e-05,0.00039502,-0.0041839,0.020951,-0.031323,0.072683
-6.0565e-10,5.8999e-08,-2.2517e-06,4.2166e-05,-0.00039153,0.0015352,-0.0010909,0.070333
1.234e-09,-1.4735e-07,7.3846e-06,-0.00019964,0.0031039,-0.027351,0.12353,-0.10709
7.8951e-09,-8.6938e-07,3.8659e-05,-0.00089067,0.011339,-0.078682,0.27335,-0.29004
-2.248e-10,3.6144e-08,-2.1219e-06,5.7952e-05,-0.00075951,0.0042537,-0.005476,0.03514
-5.8031e-10,8.9547e-08,-5.1896e-06,0.00014668,-0.0021283,0.014813,-0.03811,0.057725
-5.0072e-10,2.3039e-08,5.3173e-07,-4.9162e-05,0.0010552,-0.0093257,0.032389,0.044953
-4.0775e-09,3.2464e-07,-9.1639e-06,9.463e-05,0.00021845,-0.010804,0.065876,-0.011987
9.2594e-09,-9.5955e-07,3.9856e-05,-0.00084936,0.0098816,-0.061841,0.18935,-0.048893
-1.8981e-09,1.9265e-07,-8.1143e-06,0.00018422,-0.0024334,0.018311,-0.066251,0.18287
-1.126e-09,7.484e-08,-1.2121e-06,-1.9364e-05,0.0008215,-0.0091828,0.04002,0.12747
7.4159e-09,-8.5474e-07,4.0654e-05,-0.0010222,0.014374,-0.10929,0.39544,-0.37742
3.7475e-09,-3.956e-07,1.6944e-05,-0.00037892,0.0047413,-0.032938,0.11721,-0.089821
1.1142e-09,-1.3971e-07,7.0101e-06,-0.00017912,0.0024459,-0.016969,0.049553,0.020951
-5.1015e-10,6.9035e-08,-3.743e-06,0.00010276,-0.0014952,0.010873,-0.030718,0.044536
-3.4748e-09,3.6767e-07,-1.5826e-05,0.00035686,-0.0045032,0.031072,-0.1029,0.2355
1.2231e-08,-1.2899e-06,5.5596e-05,-0.0012632,0.016221,-0.11625,0.41947,-0.45527
-2.3365e-09,2.0902e-07,-6.6059e-06,7.0914e-05,0.00044704,-0.013959,0.076378,0.043027
8.4373e-09,-9.1013e-07,3.9491e-05,-0.00088214,0.010723,-0.067855,0.18288,-0.0095914
-8.6787e-09,9.5131e-07,-4.2061e-05,0.00095865,-0.011934,0.079092,-0.24994,0.37541
3.0726e-09,-3.0831e-07,1.2491e-05,-0.00026101,0.0029741,-0.018026,0.053954,0.050706
-1.8036e-09,2.0689e-07,-9.5395e-06,0.00022662,-0.0029472,0.020353,-0.063971,0.16827
3.7916e-10,-2.6123e-08,4.98e-07,2.9275e-06,-0.0002034,0.0023503,-0.010216,0.097875
4.4693e-09,-5.0147e-07,2.2756e-05,-0.00053604,0.0069737,-0.048789,0.16097,-0.04707
-3.3479e-09,3.3576e-07,-1.331e-05,0.00026705,-0.0029303,0.018409,-0.068245,0.18713
-1.5265e-09,1.3042e-07,-3.8854e-06,3.8102e-05,0.00026649,-0.0076163,0.04888,0.1076
4.6716e-09,-4.6641e-07,1.818e-05,-0.00034797,0.0033647,-0.015095,0.02469,0.18704
-8.3603e-10,9.3337e-08,-4.1546e-06,9.3435e-05,-0.0011093,0.0066296,-0.017372,0.065092
-4.6328e-09,4.3062e-07,-1.5566e-05,0.00027302,-0.0023209,0.0073713,0.0090019,0.015502
-1.0675e-08,1.0799e-06,-4.3383e-05,0.00087104,-0.0089446,0.041746,-0.054334,0.089968
-2.0204e-09,1.6171e-07,-4.5489e-06,5.1883e-05,-0.00020523,0.00046972,-0.0051962,0.1251
4.2114e-11,-6.6283e-09,4.1506e-07,-1.3222e-05,0.0002234,-0.0018977,0.0074261,0.035661
2.5745e-10,-1.5736e-08,1.631e-07,6.5945e-06,-0.00016802,0.0013679,-0.0052851,0.073091
-3.3899e-09,2.9765e-07,-9.1933e-06,0.00010319,0.00019181,-0.011019,0.057082,0.022598
1.8581e-08,-1.8464e-06,7.445e-05,-0.0015716,0.018671,-0.12419,0.4254,-0.42247
3.3521e-09,-3.4844e-07,1.4226e-05,-0.00028638,0.0029014,-0.013035,0.013859,0.18241
3.7544e-09,-4.2117e-07,1.9011e-05,-0.00044672,0.0058882,-0.043282,0.16262,-0.10311
-4.8387e-09,4.6781e-07,-1.8039e-05,0.00035331,-0.0037016,0.01986,-0.043298,0.07721
-4.7535e-09,4.2665e-07,-1.4708e-05,0.00023983,-0.0017826,0.0037448,0.015856,0.030503
-2.269e-08,2.3311e-06,-9.5768e-05,0.002006,-0.022625,0.13318,-0.36053,0.4229
-3.6901e-10,3.2685e-08,-1.1404e-06,2.2194e-05,-0.00033174,0.0040969,-0.027164,0.1983
2.2263e-08,-2.1946e-06,8.7634e-05,-0.0018199,0.020967,-0.13156,0.40273,-0.37357
6.3316e-09,-6.4072e-07,2.526e-05,-0.0004856,0.0046136,-0.018972,0.023075,0.096511
-1.084e-08,1.1585e-06,-4.9565e-05,0.00108,-0.012601,0.075693,-0.20371,0.2528
-2.228e-09,2.2115e-07,-8.5738e-06,0.00016162,-0.0014749,0.0050963,0.004518,-0.0010831
-8.4671e-09,7.9248e-07,-2.8808e-05,0.00051159,-0.0045776,0.01896,-0.025186,0.14433
-2.876e-10,3.4103e-08,-1.5164e-06,3.1481e-05,-0.0003048,0.0012059,-0.0026525,0.098451
-1.4924e-09,1.441e-07,-5.394e-06,9.7694e-05,-0.0008619,0.0030734,-7.8062e-05,0.042388
-1.3026e-09,1.3766e-07,-5.7062e-06,0.00011662,-0.0012068,0.0058456,-0.011738,0.03886
2.853e-09,-2.2906e-07,7.3503e-06,-0.00012238,0.0011585,-0.0069433,0.033303,0.031105
-3.2526e-09,3.1395e-07,-1.2065e-05,0.00023129,-0.0022284,0.0090215,-0.0023402,0.041827
8.5903e-10,-1.1509e-08,-2.5528e-06,0.0001088,-0.0016514,0.0099557,-0.016618,0.10808
-5.6006e-09,6.123e-07,-2.654e-05,0.00057678,-0.0065121,0.035417,-0.074344,0.11564
4.2282e-09,-4.79e-07,2.1961e-05,-0.00052509,0.0070318,-0.052628,0.20597,-0.21325
1.0333e-08,-9.8477e-07,3.6516e-05,-0.0006662,0.006279,-0.030345,0.079168,0.039447
1.4792e-09,-1.7514e-07,9.1547e-06,-0.00026728,0.004485,-0.040754,0.17588,-0.16344
-1.1114e-08,1.0692e-06,-4.0298e-05,0.0007488,-0.0070344,0.029575,-0.026664,0.058559
-8.0706e-09,7.9301e-07,-3.1691e-05,0.00066528,-0.0078985,0.052784,-0.18048,0.33547
-3.4603e-09,3.4121e-07,-1.3652e-05,0.0002859,-0.0033613,0.021821,-0.069362,0.16593
-7.8325e-10,7.159e-08,-2.6041e-06,5.0809e-05,-0.00062405,0.0049881,-0.021453,0.11725
-7.4002e-09,7.087e-07,-2.6895e-05,0.00051227,-0.0050807,0.023975,-0.034416,0.096949
-1.0437e-08,9.4417e-07,-3.2366e-05,0.00050776,-0.0031837,-0.0023636,0.09533,-0.12696
-3.3065e-09,3.202e-07,-1.2109e-05,0.00022164,-0.0019115,0.0048262,0.024681,0.01601
-2.0745e-08,2.354e-06,-0.00010961,0.0026908,-0.037195,0.2856,-1.1123,1.8401
1.4067e-09,-1.4462e-07,5.8965e-06,-0.00012153,0.0013299,-0.0073464,0.017659,0.077447
1.0685e-09,-1.59e-07,8.8009e-06,-0.00024143,0.0035751,-0.028658,0.11545,-0.069351
-2.2248e-09,2.5306e-07,-1.172e-05,0.00028217,-0.0037259,0.026009,-0.083378,0.15803
-1.4642e-09,1.6767e-07,-7.212e-06,0.00014265,-0.0012393,0.0030007,0.011323,0.08293
1.9999e-09,-2.8958e-07,1.5945e-05,-0.00043646,0.0063461,-0.047515,0.15879,-0.042648
-8.8884e-10,6.091e-08,-8.9139e-07,-2.5475e-05,0.00095128,-0.010541,0.038319,0.092503
1.0211e-09,-8.8458e-08,2.7651e-06,-3.4639e-05,5.4424e-05,0.0022782,-0.01528,0.090297
1.3588e-09,-1.1364e-07,3.5275e-06,-4.7064e-05,0.00015648,0.002069,-0.015853,0.15042
1.4613e-09,-1.769e-07,8.4531e-06,-0.00020075,0.0024487,-0.01433,0.033993,0.04764
-1.5222e-10,-5.4714e-08,5.5292e-06,-0.00019216,0.0030911,-0.023958,0.08499,-0.011587
1.2001e-08,-1.3091e-06,5.8054e-05,-0.0013468,0.017528,-0.1274,0.47849,-0.60883
-5.7504e-09,5.7062e-07,-2.2456e-05,0.00044077,-0.0044027,0.019433,-0.015192,0.034916
-8.5452e-10,5.532e-08,-5.0885e-07,-3.69e-05,0.0010823,-0.010838,0.037803,0.09105
8.4225e-10,-8.4469e-08,3.28e-06,-6.1299e-05,0.00054274,-0.0015992,-0.0047897,0.103
-5.6297e-10,6.1533e-08,-2.6409e-06,5.6448e-05,-0.00062785,0.0033708,-0.0055071,0.0094557
6.2506e-10,-1.0074e-07,5.5425e-06,-0.00014625,0.0021104,-0.017816,0.085045,-0.037469
-6.5589e-10,6.2918e-08,-2.2504e-06,3.5487e-05,-0.00019827,-0.00042125,0.0056891,0.038187
-2.5412e-08,2.7035e-06,-0.00011754,0.0026846,-0.034412,0.24379,-0.86421,1.3043
5.3604e-09,-6.0736e-07,2.7687e-05,-0.00065077,0.0084244,-0.059831,0.21751,-0.19575
-5.0709e-09,4.8678e-07,-1.7988e-05,0.00031562,-0.0025355,0.0057818,0.020318,0.14225
5.2101e-09,-5.9218e-07,2.7139e-05,-0.00064656,0.0086011,-0.063388,0.23705,-0.19058
-1.6485e-09,1.3513e-07,-3.7231e-06,2.2261e-05,0.00076028,-0.014948,0.096048,-0.08651
1.082e-08,-1.1287e-06,4.7354e-05,-0.0010249,0.012196,-0.078609,0.25243,-0.18517
4.1058e-09,-4.1515e-07,1.646e-05,-0.00032394,0.003301,-0.016688,0.03997,0.10514
-8.0032e-10,9.8689e-08,-4.7651e-06,0.00011352,-0.0013679,0.0074395,-0.010795,0.046507
-3.9218e-09,3.8977e-07,-1.545e-05,0.00031069,-0.003331,0.01822,-0.042797,0.163
9.2717e-09,-8.9585e-07,3.4591e-05,-0.00068349,0.0073817,-0.04369,0.13634,-0.059514
-6.0265e-10,7.0463e-08,-3.2107e-06,7.1932e-05,-0.00081186,0.0040741,-0.0049885,0.053806
-9.4744e-10,7.6459e-08,-2.2733e-06,2.9187e-05,-0.0001122,-0.00069227,0.0044869,0.10075
2.8204e-09,-2.7622e-07,1.071e-05,-0.00020839,0.0021003,-0.009683,0.0086617,0.13545
3.5816e-09,-4.1693e-07,1.9646e-05,-0.00048145,0.0065879,-0.050594,0.2072,-0.29272
-5.5987e-09,5.6982e-07,-2.3063e-05,0.00046852,-0.004928,0.024438,-0.040054,0.051516
5.7174e-09,-5.9911e-07,2.5442e-05,-0.00056229,0.0068998,-0.046183,0.15265,-0.15366
3.9049e-09,-4.4583e-07,2.0646e-05,-0.00049809,0.006671,-0.048791,0.17912,-0.14559
-3.8906e-09,3.9182e-07,-1.5563e-05,0.00030739,-0.0031194,0.015136,-0.029882,0.07438
3.1158e-09,-3.451e-07,1.5631e-05,-0.00037372,0.0050666,-0.038755,0.15457,-0.12137
3.5121e-10,-5.2473e-08,2.704e-06,-6.2027e-05,0.00063247,-0.0021789,-0.00063749,0.033956
-4.5529e-09,4.2022e-07,-1.4585e-05,0.0002226,-0.0010444,-0.0081379,0.091568,-0.082742
-6.253e-10,5.4778e-08,-1.6112e-06,8.4261e-06,0.0004785,-0.0099136,0.069866,-0.027743
7.2649e-10,-6.9347e-08,2.7044e-06,-5.929e-05,0.00085487,-0.0079964,0.036847,0.035936
-2.0186e-10,-5.8757e-08,6.4978e-06,-0.00024112,0.004115,-0.033132,0.11173,-0.025765
4.6852e-09,-5.4412e-07,2.5318e-05,-0.00060482,0.0078975,-0.05566,0.19586,-0.13453
-3.9331e-09,3.9153e-07,-1.546e-05,0.00030849,-0.0032869,0.018124,-0.042987,0.11472
9.3112e-10,-9.4718e-08,4.0788e-06,-9.5982e-05,0.0012803,-0.0087777,0.023751,0.071153
-1.1397e-08,1.3865e-06,-6.9832e-05,0.0018843,-0.029385,0.26436,-1.2628,2.4739
5.0906e-10,-4.6618e-08,2.4014e-06,-8.3269e-05,0.0016541,-0.016023,0.06251,0.054797
7.1534e-10,-6.6336e-08,2.3306e-06,-3.8877e-05,0.00031982,-0.0012154,0.0015403,0.099304
3.0691e-09,-3.1554e-07,1.2988e-05,-0.00027199,0.0030309,-0.017144,0.044928,-0.0084034
2.0526e-08,-2.8892e-06,0.00016983,-0.0054047,0.10059,-1.0949,6.4544,-15.833
5.37e-09,-6.504e-07,3.1502e-05,-0.00078535,0.010791,-0.081082,0.3065,-0.33531
8.9545e-09,-1.0352e-06,4.8106e-05,-0.0011475,0.014857,-0.10173,0.33781,-0.34125
-7.2783e-09,6.0828e-07,-1.9041e-05,0.00025882,-0.00089298,-0.012933,0.12815,-0.11572
-6.0527e-09,5.0255e-07,-1.5384e-05,0.00020119,-0.00072871,-0.0064378,0.058155,-0.012157
-3.3357e-09,3.4962e-07,-1.4596e-05,0.00030845,-0.0034474,0.019082,-0.040887,0.15029
1.1167e-08,-9.6315e-07,3.214e-05,-0.00051419,0.003856,-0.0097889,-0.0069367,0.11263
2.9652e-09,-3.3031e-07,1.4899e-05,-0.00034872,0.0045003,-0.03125,0.10374,0.0089221
6.5889e-12,-7.9527e-09,4.8454e-07,-9.4441e-06,3.7172e-05,0.00095339,-0.011969,0.14887
2.2466e-09,-2.5327e-07,1.1166e-05,-0.00024463,0.0028045,-0.016295,0.04302,0.029932
-9.9137e-10,1.2126e-07,-5.6865e-06,0.00012929,-0.0014701,0.0074483,-0.0075657,0.078149
-5.9877e-09,5.8788e-07,-2.3071e-05,0.00046244,-0.0050268,0.029216,-0.085767,0.16641
-1.321e-09,1.3257e-07,-5.267e-06,0.0001049,-0.0010878,0.0054427,-0.0096845,0.049566
1.8627e-09,-2.4758e-07,1.2916e-05,-0.00034053,0.0048134,-0.035335,0.12113,-0.013544
-2.5803e-09,2.7208e-07,-1.1909e-05,0.0002762,-0.0035713,0.024838,-0.082715,0.19542
1.6267e-10,-1.6718e-08,1.0078e-06,-4.3379e-05,0.0011204,-0.0152,0.094558,-0.09117
-2.6115e-09,2.1238e-07,-5.9987e-06,5.5628e-05,0.00035994,-0.0095721,0.057396,0.0027343
-5.6192e-11,-2.0586e-08,2.1974e-06,-8.3607e-05,0.0015416,-0.014412,0.064106,0.061422
-4.1116e-09,4.6463e-07,-2.1235e-05,0.00050111,-0.0064494,0.04377,-0.13694,0.2432
-9.1064e-09,1.0455e-06,-4.8241e-05,0.0011399,-0.014519,0.095481,-0.27569,0.33544
-2.535e-11,-2.2585e-09,2.5868e-07,-8.7321e-06,0.00014885,-0.0014336,0.007835,0.049597
-4.287e-09,4.5215e-07,-1.841e-05,0.00036296,-0.0035338,0.01483,-0.01119,0.15291
-2.6134e-09,2.5513e-07,-9.8274e-06,0.00018945,-0.0019039,0.0092635,-0.016137,0.12008
1.9153e-09,-2.11e-07,9.291e-06,-0.0002085,0.0025244,-0.016121,0.048616,0.0097595
-5.9496e-09,6.1434e-07,-2.51e-05,0.00051327,-0.0054481,0.02776,-0.051872,0.1511
-2.5173e-09,3.5427e-07,-1.9946e-05,0.00057909,-0.0092734,0.080815,-0.34855,0.61297
6.007e-10,-7.7408e-08,3.9975e-06,-0.0001052,0.0014812,-0.010741,0.035976,0.008826
6.0409e-10,-5.0777e-08,1.8421e-06,-4.2335e-05,0.00069082,-0.006939,0.033412,0.049461
-5.1315e-09,5.2203e-07,-2.1317e-05,0.00044551,-0.005009,0.028879,-0.071119,0.16095
1.8344e-09,-2.3791e-07,1.2135e-05,-0.0003114,0.0042448,-0.029685,0.094059,-0.029161
-6.569e-10,7.9346e-08,-3.8773e-06,9.6941e-05,-0.0012808,0.0080858,-0.015978,0.055131
3.0546e-09,-3.2401e-07,1.3891e-05,-0.00030939,0.0038197,-0.025557,0.081625,-0.0074573
-1.1646e-09,1.2871e-07,-5.7989e-06,0.0001363,-0.0017688,0.012282,-0.041042,0.15965
1.4431e-08,-1.579e-06,6.998e-05,-0.001615,0.020746,-0.14602,0.50477,-0.53055
-3.7694e-09,4.3999e-07,-2.0557e-05,0.00049117,-0.0063358,0.042134,-0.1167,0.15874
7.449e-10,-1.2878e-07,8.1405e-06,-0.00025219,0.0041341,-0.034909,0.1308,0.0040954
-1.3874e-07,1.2071e-05,-0.00042413,0.0076758,-0.075673,0.39711,-1.0163,1.0697
-2.0632e-09,1.9939e-07,-7.6668e-06,0.0001503,-0.0016061,0.009355,-0.028287,0.07159
1.1851e-09,-1.0157e-07,3.2542e-06,-4.6942e-05,0.00026931,1.1308e-05,-0.0038867,0.041704
4.2168e-09,-4.8728e-07,2.3124e-05,-0.00058499,0.008501,-0.069895,0.28987,-0.32366
-4.2238e-10,-3.5639e-08,5.3399e-06,-0.00021042,0.0037538,-0.032326,0.1194,-0.020783
2.5828e-09,-3.0302e-07,1.4302e-05,-0.00034629,0.0045357,-0.03095,0.095423,-0.057834
4.4946e-10,-3.8321e-08,1.3803e-06,-2.8566e-05,0.00037365,-0.0029048,0.010988,0.033397
-3.1434e-09,3.2439e-07,-1.3048e-05,0.00025207,-0.0022297,0.0049279,0.029558,-0.0071585
-1.8477e-10,1.7087e-08,-6.0466e-07,1.0632e-05,-9.7972e-05,0.00026269,0.0035599,0.056125
2.7291e-09,-3.0071e-07,1.3087e-05,-0.00028642,0.003333,-0.020189,0.057592,-0.0030896
8.5345e-10,-9.564e-08,4.3923e-06,-0.00010614,0.0014363,-0.01065,0.039093,0.037908
2.7093e-09,-2.9603e-07,1.2913e-05,-0.00028872,0.0035402,-0.023616,0.079963,-0.0029767
7.6099e-10,-1.1278e-07,6.1871e-06,-0.00016585,0.0023529,-0.017682,0.064769,-0.018282
-1.2123e-09,1.0762e-07,-3.4498e-06,4.3482e-05,-2.5784e-05,-0.0037634,0.025003,0.054937
7.2784e-10,-7.7485e-08,3.5214e-06,-8.9378e-05,0.0013373,-0.010973,0.040569,0.034716
-4.1839e-09,3.7542e-07,-1.3116e-05,0.00022283,-0.001849,0.0061889,-0.0012777,0.032107
1.9086e-09,-2.3532e-07,1.1547e-05,-0.00029085,0.0040225,-0.02998,0.10771,0.0029811
-6.3943e-09,6.3692e-07,-2.5123e-05,0.00049569,-0.0050757,0.0253,-0.051327,0.13793
-3.6554e-10,1.3699e-08,3.3659e-07,-2.3499e-05,0.00042107,-0.0033742,0.01389,0.0888
-8.2292e-10,1.0626e-07,-5.4705e-06,0.00014491,-0.0021176,0.016871,-0.065887,0.19629
-1.7032e-10,1.0775e-08,2.4912e-07,-3.0919e-05,0.00075193,-0.0066069,0.01703,0.048225
3.2531e-09,-3.5584e-07,1.5632e-05,-0.00035309,0.0043601,-0.028782,0.090172,-0.020636
3.3488e-09,-3.5983e-07,1.568e-05,-0.00035443,0.004382,-0.028322,0.08117,0.021684
-1.4863e-09,1.0951e-07,-2.224e-06,-1.6731e-05,0.0011583,-0.014363,0.060764,0.063161
-1.5266e-09,1.5269e-07,-6.1692e-06,0.00012915,-0.0014835,0.0089231,-0.022799,0.080843
7.3029e-09,-7.3251e-07,2.9047e-05,-0.00057544,0.0059152,-0.029699,0.063057,0.05217
-1.5607e-09,1.6369e-07,-6.9748e-06,0.00015302,-0.0017875,0.010175,-0.02116,0.16328
6.6402e-09,-7.2091e-07,3.1487e-05,-0.00070915,0.0087679,-0.058287,0.1858,-0.11953
8.5012e-10,-1.0879e-07,5.7482e-06,-0.00016354,0.0026928,-0.025265,0.12317,-0.099316
3.4808e-09,-3.349e-07,1.2643e-05,-0.00023719,0.0022989,-0.010612,0.016276,0.085053
3.8645e-09,-4.0896e-07,1.7119e-05,-0.00035892,0.0039247,-0.021204,0.050876,0.024852
2.4867e-09,-2.5427e-07,1.017e-05,-0.00020201,0.0021198,-0.012082,0.039051,0.06912
-3.2776e-09,3.389e-07,-1.3875e-05,0.00028545,-0.0030741,0.016195,-0.033402,0.12267
-3.742e-09,4.0393e-07,-1.7406e-05,0.00038283,-0.0045695,0.029115,-0.089637,0.18135
3.4207e-09,-4.0918e-07,1.9734e-05,-0.00049023,0.0066232,-0.046848,0.15093,-0.040044
-6.1306e-09,6.8394e-07,-3.0414e-05,0.00068196,-0.0080139,0.046301,-0.11051,0.20648
2.7856e-09,-2.9572e-07,1.2709e-05,-0.00028377,0.0035094,-0.023622,0.077268,-0.016576
-2.3249e-09,2.9109e-07,-1.4107e-05,0.00033738,-0.0041886,0.025945,-0.069104,0.13169
1.9908e-10,-5.935e-08,4.3736e-06,-0.00013956,0.0021899,-0.016901,0.059825,0.041264
8.9708e-10,-1.9967e-07,1.3499e-05,-0.00041452,0.0063954,-0.048814,0.16507,-0.042997
-8.8816e-10,8.5874e-08,-3.6544e-06,9.0844e-05,-0.001389,0.011887,-0.046013,0.22366
5.7705e-10,-6.0316e-08,2.4963e-06,-5.2187e-05,0.00058346,-0.0033622,0.0083284,0.04696
-2.0072e-10,3.6254e-09,7.0301e-07,-3.7137e-05,0.00075057,-0.0071476,0.03064,0.010712
4.902e-09,-6.166e-07,3.1011e-05,-0.00079558,0.01097,-0.078171,0.24953,-0.151
2.4085e-08,-2.7692e-06,0.00013044,-0.0032461,0.045855,-0.36619,1.5301,-2.4825
-3.3034e-09,3.4077e-07,-1.3985e-05,0.00029045,-0.0032119,0.01823,-0.046253,0.097407
-6.9252e-10,1.1301e-07,-6.7145e-06,0.00019191,-0.0028292,0.02106,-0.07221,0.22499
-7.1452e-09,7.4721e-07,-3.1019e-05,0.00065094,-0.0072958,0.042533,-0.11523,0.26405
4.4765e-09,-4.7717e-07,2.0264e-05,-0.00043625,0.0050137,-0.029634,0.078129,0.0012712
-8.3275e-10,9.4841e-08,-4.2768e-06,9.6545e-05,-0.0011211,0.0059347,-0.0087146,0.064126
-4.1206e-09,3.8892e-07,-1.4339e-05,0.00026228,-0.0025247,0.012721,-0.029442,0.099014
1.874e-09,-2.0947e-07,9.4264e-06,-0.00021946,0.0028203,-0.01965,0.06699,0.0069647
3.7033e-10,-3.3175e-08,1.0976e-06,-1.6989e-05,0.00014841,-0.001226,0.0095787,0.03107
-7.9979e-10,7.0376e-08,-2.1263e-06,1.9253e-05,0.00023915,-0.005788,0.035515,0.0082754
1.8754e-09,-2.4522e-07,1.269e-05,-0.00033323,0.004732,-0.036031,0.13616,-0.098545
2.457e-09,-2.5206e-07,1.0287e-05,-0.00021254,0.0023456,-0.013511,0.037849,0.058225
2.9466e-09,-3.172e-07,1.3778e-05,-0.00030862,0.0037795,-0.024771,0.078115,0.014376
-1.3566e-08,1.3946e-06,-5.8211e-05,0.0012686,-0.015448,0.10408,-0.3539,0.56429
-4.1677e-09,3.6833e-07,-1.2445e-05,0.00020083,-0.0015469,0.0042175,0.0073363,0.012627
-6.8302e-09,6.8212e-07,-2.7036e-05,0.00054611,-0.006043,0.036951,-0.11798,0.24111
3.2489e-09,-3.5726e-07,1.5926e-05,-0.00036834,0.0046806,-0.031697,0.10135,-0.024748
-8.4004e-10,8.0688e-08,-3.0787e-06,5.9474e-05,-0.00061339,0.0032779,-0.0083048,0.072188
-3.6369e-09,3.6509e-07,-1.4694e-05,0.00030226,-0.0033429,0.019082,-0.048201,0.13406
-4.3397e-09,4.678e-07,-2.0335e-05,0.00045548,-0.00555,0.035344,-0.10094,0.19061
3.2564e-09,-3.4051e-07,1.4299e-05,-0.00030842,0.0036225,-0.022701,0.070241,0.01684
3.9156e-09,-4.0503e-07,1.7546e-05,-0.00041184,0.0055903,-0.042852,0.1661,-0.13402
2.3904e-08,-2.6807e-06,0.00012192,-0.0028811,0.037602,-0.26523,0.91192,-1.0247
-8.9261e-09,9.2471e-07,-3.8096e-05,0.00079181,-0.0086837,0.047816,-0.11332,0.19125
-1.9801e-09,1.9984e-07,-7.9354e-06,0.00015566,-0.0015287,0.0062966,-0.0016536,0.036231
2.1364e-09,-2.4405e-07,1.1239e-05,-0.00026762,0.0035131,-0.025037,0.088361,-0.078888
1.5688e-08,-1.7295e-06,7.7439e-05,-0.0018096,0.02359,-0.16964,0.61814,-0.74455
-1.5555e-09,9.9238e-08,-1.044e-06,-5.3771e-05,0.0015862,-0.015718,0.062764,-0.023484
-1.293e-08,1.3365e-06,-5.3582e-05,0.0010421,-0.0099673,0.040586,-0.03554,0.057771
5.5003e-10,-8.5105e-08,4.8767e-06,-0.0001344,0.0018868,-0.012998,0.03799,0.059199
-1.8405e-09,2.3538e-07,-1.2234e-05,0.00032972,-0.0048637,0.037975,-0.13936,0.27791
-2.6704e-09,1.9817e-07,-5.1159e-06,4.5769e-05,0.00013054,-0.0036206,0.0091,0.15551
-8.1185e-09,8.6043e-07,-3.6859e-05,0.00081756,-0.0099744,0.065248,-0.20204,0.33419
5.8664e-10,-6.3924e-08,2.528e-06,-4.1593e-05,0.00016578,0.002337,-0.019505,0.085641
7.3979e-10,-8.3126e-08,3.6374e-06,-7.7056e-05,0.00077925,-0.0027805,-0.0036792,0.091331
-5.4167e-09,6.3255e-07,-2.9497e-05,0.00070253,-0.0090472,0.060827,-0.18303,0.21174
3.3867e-09,-3.4064e-07,1.4164e-05,-0.00031626,0.0040908,-0.030345,0.11729,-0.14077
4.9038e-09,-5.6013e-07,2.6085e-05,-0.00063428,0.0085124,-0.060414,0.18922,-0.074944
-4.7592e-09,4.6442e-07,-1.7534e-05,0.00031534,-0.0025801,0.0052932,0.032494,-0.049183
4.3375e-09,-4.851e-07,2.1464e-05,-0.00047545,0.005486,-0.031035,0.073364,-0.01248
-1.1125e-08,1.0731e-06,-4.0619e-05,0.00076286,-0.0073648,0.033605,-0.051272,0.11842
2.499e-09,-3.1701e-07,1.5253e-05,-0.00036017,0.0044735,-0.029312,0.099183,-0.046617
-2.9677e-09,3.3342e-07,-1.4771e-05,0.00032502,-0.0036716,0.019736,-0.039251,0.08198
1.3505e-09,-1.7929e-07,9.0298e-06,-0.00021841,0.0026078,-0.013877,0.025083,0.046163
-5.0396e-09,4.7341e-07,-1.6554e-05,0.00025036,-0.0010921,-0.0096723,0.091365,-0.048195
-8.7024e-09,8.3471e-07,-3.258e-05,0.00067853,-0.0083622,0.063657,-0.2885,0.6203
7.2747e-09,-7.9851e-07,3.5314e-05,-0.00080095,0.0097443,-0.059515,0.14284,0.040083
2.4383e-10,-1.6748e-08,1.6215e-07,1.177e-05,-0.00034317,0.0033866,-0.013639,0.097467
1.0448e-08,-1.0893e-06,4.5772e-05,-0.001001,0.012269,-0.083921,0.29006,-0.2243
5.6299e-10,-6.0593e-08,2.623e-06,-5.8288e-05,0.00069874,-0.0042972,0.01161,0.038037
1.7325e-08,-1.6736e-06,6.4157e-05,-0.0012454,0.012983,-0.071622,0.1963,-0.15435
4.6545e-09,-4.8764e-07,2.0769e-05,-0.00046295,0.0057798,-0.039767,0.13351,-0.11048
-3.5042e-08,3.7297e-06,-0.00015905,0.0034639,-0.04063,0.24766,-0.68688,0.74088
-7.5358e-09,8.9201e-07,-4.2249e-05,0.0010184,-0.013173,0.088677,-0.2743,0.32255
2.0396e-08,-2.0849e-06,8.5787e-05,-0.0018221,0.021323,-0.13607,0.43757,-0.47181
1.0025e-09,-1.5782e-07,9.0398e-06,-0.00025018,0.0035976,-0.026059,0.079851,-0.014923
-3.8428e-09,4.0481e-07,-1.707e-05,0.00036598,-0.0041685,0.023796,-0.055201,0.094217
-1.1661e-10,4.2137e-09,1.3239e-07,-7.824e-06,0.00010813,-0.00030235,-0.0022484,0.058064
-1.3468e-09,2.0495e-07,-1.1056e-05,0.00028446,-0.0037541,0.024529,-0.067031,0.14974
2.5513e-09,-2.741e-07,1.1327e-05,-0.00022751,0.002335,-0.01231,0.036668,0.0065126
2.2734e-09,-2.3206e-07,9.3089e-06,-0.0001853,0.0018992,-0.0094345,0.019568,0.043373
3.168e-09,-3.8704e-07,1.8929e-05,-0.00047349,0.0064232,-0.04638,0.16472,-0.060084
2.322e-09,-2.1329e-07,7.4139e-06,-0.00011916,0.00080894,-0.00028209,-0.017885,0.077603
-1.7535e-09,1.9038e-07,-8.2336e-06,0.00017905,-0.0020296,0.011296,-0.025931,0.054942
2.8086e-09,-3.8476e-07,2.0802e-05,-0.00057705,0.0088057,-0.072359,0.2859,-0.31491
7.9326e-09,-8.4087e-07,3.5195e-05,-0.00073541,0.0079824,-0.042833,0.10406,-0.041575
3.7264e-09,-4.2884e-07,1.9656e-05,-0.00045513,0.0055688,-0.03449,0.09652,0.013186
-1.3455e-08,1.3955e-06,-5.7891e-05,0.0012265,-0.014063,0.085288,-0.24634,0.31636
-3.2282e-10,2.3076e-08,-2.8835e-07,-1.4761e-05,0.0004924,-0.0051711,0.018714,0.043911
-1.6238e-09,1.3201e-07,-3.7737e-06,3.8829e-05,0.00010132,-0.0044718,0.026454,0.014033
-3.393e-09,3.8659e-07,-1.8213e-05,0.00045703,-0.0065418,0.05283,-0.22001,0.37534
3.3785e-10,-6.3089e-08,3.854e-06,-0.00011318,0.0018395,-0.017077,0.078005,-0.023881
9.7608e-10,-1.1233e-07,4.9238e-06,-0.00010331,0.0010591,-0.004693,0.005505,0.072532
-7.0782e-09,7.5439e-07,-3.1784e-05,0.00067093,-0.0074403,0.041822,-0.10641,0.17407
4.9159e-09,-4.7041e-07,1.7251e-05,-0.00029351,0.0019569,0.0047459,-0.11507,0.46307
-5.6991e-10,1.3597e-08,1.4139e-06,-7.3732e-05,0.0013702,-0.011663,0.04347,0.033743
8.2706e-09,-9.1225e-07,4.1293e-05,-0.000989,0.013437,-0.10226,0.39398,-0.52042
-2.1964e-09,2.1208e-07,-8.0863e-06,0.00015463,-0.0015474,0.0076721,-0.016725,0.07707
-4.4934e-09,4.6057e-07,-1.8675e-05,0.00038112,-0.0041157,0.022525,-0.053556,0.099958
-9.4006e-10,1.3004e-07,-6.646e-06,0.00015931,-0.0018385,0.0091452,-0.013111,0.080039
5.5713e-10,-6.3756e-08,2.8856e-06,-6.5289e-05,0.00076393,-0.0042328,0.0080034,0.018506
7.2235e-10,-7.3053e-08,2.7477e-06,-4.5661e-05,0.00027801,0.00042421,-0.0071785,0.05229
3.109e-09,-3.4343e-07,1.5363e-05,-0.00035656,0.0045508,-0.03074,0.089253,0.032379
-1.7803e-09,1.8745e-07,-7.7699e-06,0.00016099,-0.0017509,0.0094861,-0.019226,0.020157
-5.2388e-10,4.9739e-08,-1.6838e-06,2.2587e-05,-5.3496e-05,-0.00095563,0.0036752,0.062755
-2.7605e-09,3.1408e-07,-1.431e-05,0.00033241,-0.0041426,0.026686,-0.078851,0.16505
-1.7493e-09,1.8304e-07,-7.586e-06,0.0001588,-0.0017791,0.010516,-0.030525,0.045684
-6.932e-10,7.0707e-08,-2.8106e-06,5.4953e-05,-0.00054956,0.0026356,-0.004242,0.057244
-7.8693e-10,1.2125e-08,3.2035e-06,-0.00016776,0.0033455,-0.030468,0.11827,-0.027489
-7.2722e-09,7.407e-07,-3.0209e-05,0.00062964,-0.0070913,0.041816,-0.11249,0.23727
1.3753e-08,-1.4983e-06,6.6106e-05,-0.0015157,0.019254,-0.13309,0.45027,-0.465
-4.8068e-09,5.5825e-07,-2.5649e-05,0.00059184,-0.0071489,0.042208,-0.095483,0.075782
5.88e-09,-5.8022e-07,2.2362e-05,-0.00043026,0.0044808,-0.026659,0.089615,-0.019232
-5.4172e-09,5.7642e-07,-2.4786e-05,0.00054926,-0.0066293,0.042431,-0.1295,0.22082
-6.1794e-10,8.4648e-08,-4.3588e-06,0.00010796,-0.001346,0.0079091,-0.017287,0.061299
-6.1995e-10,1.6941e-08,1.7084e-06,-0.00010221,0.0022084,-0.022285,0.098251,-0.0742
2.0262e-09,-2.3604e-07,1.1099e-05,-0.00026936,0.0035739,-0.025215,0.083949,0.013916
1.7299e-08,-1.7737e-06,7.3435e-05,-0.0015791,0.018883,-0.12393,0.40098,-0.35823
1.1591e-09,-1.1425e-07,4.9153e-06,-0.00012004,0.0017499,-0.01446,0.058379,-0.033258
-3.5394e-08,3.8233e-06,-0.00016832,0.0038846,-0.050325,0.36325,-1.3466,2.0364
2.9411e-09,-2.9992e-07,1.1554e-05,-0.00021232,0.0018944,-0.0067738,-0.0014084,0.082988
-4.1824e-09,3.7547e-07,-1.2125e-05,0.00014882,0.00017701,-0.018551,0.12761,-0.14668
-1.3802e-09,1.4253e-07,-6.0008e-06,0.00013165,-0.0015646,0.0091715,-0.019052,0.078731
-9.9011e-09,1.0351e-06,-4.374e-05,0.00095957,-0.011678,0.077956,-0.26148,0.36322
-7.1711e-09,7.4316e-07,-3.0653e-05,0.00064172,-0.0072155,0.042534,-0.11877,0.2086
2.546e-08,-2.7882e-06,0.00012332,-0.0028205,0.035466,-0.24052,0.79018,-0.80847
1.4591e-08,-1.4133e-06,5.3245e-05,-0.00096775,0.0083174,-0.024418,-0.033629,0.24346
7.2536e-10,-8.1464e-08,3.6368e-06,-8.1686e-05,0.00097449,-0.006231,0.022424,0.049078
-6.8132e-09,7.5656e-07,-3.3822e-05,0.00077113,-0.0093195,0.055475,-0.12525,0.1304
-9.512e-09,1.084e-06,-5.0169e-05,0.0012073,-0.016062,0.11596,-0.4134,0.69605
3.7912e-08,-4.1396e-06,0.0001829,-0.0041969,0.053416,-0.37277,1.3032,-1.5971
-7.6184e-09,7.0427e-07,-2.5195e-05,0.00043216,-0.0034753,0.0091448,0.017212,-0.0089048
2.7584e-09,-3.0224e-07,1.315e-05,-0.00028798,0.0033228,-0.019302,0.049017,0.032719
-5.6832e-09,5.1534e-07,-1.7634e-05,0.00028378,-0.0022353,0.0091729,-0.022935,0.067369
-2.6382e-09,3.0658e-07,-1.4059e-05,0.00032096,-0.0037574,0.020351,-0.033087,0.060864
-4.6852e-10,-3.6141e-08,6.459e-06,-0.00029091,0.0060408,-0.062898,0.30947,-0.4429
1.0321e-08,-1.1273e-06,4.8805e-05,-0.0010597,0.011993,-0.066115,0.1428,0.005134
9.3794e-09,-1.109e-06,5.3355e-05,-0.0013379,0.018558,-0.13877,0.49766,-0.53111
-1.9779e-08,2.1116e-06,-9.155e-05,0.0020688,-0.025996,0.17902,-0.61745,0.89281
-1.2667e-08,1.0746e-06,-3.7114e-05,0.000675,-0.0068868,0.037491,-0.086386,0.14058
1.6424e-09,-1.4141e-07,4.5129e-06,-6.1688e-05,0.00023042,0.0021052,-0.017206,0.088347
-3.7279e-10,4.3912e-08,-2.043e-06,4.5358e-05,-0.0004471,0.00086882,0.010217,0.0041382
2.7331e-10,2.7462e-09,-1.6029e-06,6.6029e-05,-0.0010223,0.0057982,-0.0030098,0.075908
-2.6963e-09,3.3213e-07,-1.6597e-05,0.00042779,-0.0059716,0.043317,-0.14231,0.20084
1.1795e-09,-1.1374e-07,4.1995e-06,-7.4888e-05,0.00066571,-0.0028089,0.005153,0.038302
3.6673e-09,-3.9137e-07,1.6478e-05,-0.00034665,0.0037981,-0.020388,0.043737,0.03302
-4.8943e-09,4.9944e-07,-2.0458e-05,0.00042863,-0.0048102,0.027079,-0.060515,0.081222
4.0082e-10,-3.9006e-08,1.3699e-06,-2.2177e-05,0.00022544,-0.0027608,0.025117,0.0060416
9.4086e-09,-9.9611e-07,4.2283e-05,-0.00092194,0.011007,-0.07117,0.23133,-0.20278
-3.7519e-09,4.0642e-07,-1.7729e-05,0.00039679,-0.0047843,0.029572,-0.078941,0.075746
-2.2423e-09,2.0238e-07,-7.0892e-06,0.00012174,-0.0010598,0.0042324,-0.0060941,0.11696
-1.2308e-09,1.3758e-07,-6.0951e-06,0.00013496,-0.0015379,0.0082296,-0.015969,0.023347
-3.6329e-08,3.7318e-06,-0.0001556,0.0033785,-0.04074,0.26883,-0.88522,1.1959
2.1557e-09,-1.9205e-07,6.3861e-06,-9.9551e-05,0.00079653,-0.004134,0.017049,0.041604
-2.9034e-10,3.6312e-08,-1.7607e-06,4.2107e-05,-0.000519,0.0031192,-0.0077568,0.018411
-6.6434e-09,7.481e-07,-3.4245e-05,0.00081826,-0.010886,0.079231,-0.28421,0.41202
-1.6791e-08,1.7034e-06,-6.9069e-05,0.0014265,-0.015817,0.091079,-0.24183,0.2662
-4.4056e-09,4.9249e-07,-2.1824e-05,0.00047955,-0.0053053,0.02563,-0.023649,0.021266
2.7502e-09,-3.1343e-07,1.3729e-05,-0.00028417,0.0026563,-0.0064023,-0.035514,0.19132
4.5309e-09,-4.5739e-07,1.8399e-05,-0.0003797,0.0043283,-0.02724,0.084923,0.044576
-3.1489e-09,3.733e-07,-1.7807e-05,0.00043288,-0.0055833,0.035769,-0.090618,0.12471
-4.5764e-10,4.089e-08,-1.3869e-06,2.1533e-05,-0.00013218,-4.8986e-05,0.0025208,0.024001
-4.5041e-09,4.4746e-07,-1.7382e-05,0.00033371,-0.00329,0.015525,-0.025527,0.037194
1.7223e-09,-1.5891e-07,5.5705e-06,-9.2109e-05,0.00071531,-0.0019852,-0.0021912,0.10948
1.5363e-09,-1.2145e-07,2.9371e-06,-2.4078e-06,-0.00092597,0.014169,-0.077807,0.23631
2.693e-09,-3.6736e-07,1.8915e-05,-0.00046915,0.0058384,-0.034194,0.081465,0.040993
9.3262e-09,-1.0201e-06,4.3774e-05,-0.00093034,0.010187,-0.054692,0.12662,0.0037109
-1.9162e-09,2.4399e-07,-1.2886e-05,0.00035402,-0.0051947,0.037478,-0.10438,0.16112
-1.1041e-08,9.3833e-07,-2.8248e-05,0.00030874,0.00079488,-0.038073,0.21163,-0.13093
-2.5678e-09,2.3592e-07,-8.0477e-06,0.00011905,-0.00054259,-0.0034399,0.033681,0.022041
-2.2488e-09,2.2007e-07,-8.5881e-06,0.00017263,-0.0019273,0.011801,-0.034289,0.077518
-6.1062e-09,6.4317e-07,-2.6741e-05,0.00055493,-0.0059712,0.031102,-0.062214,0.060467
-2.2811e-09,2.3552e-07,-9.3758e-06,0.00017842,-0.0015989,0.0051893,0.0017023,0.019636
-6.8709e-09,6.5895e-07,-2.4804e-05,0.00046369,-0.0044854,0.021311,-0.043428,0.12777
-1.1804e-08,1.1592e-06,-4.5084e-05,0.00088207,-0.0090826,0.046368,-0.09273,0.13397
2.7706e-09,-2.8306e-07,1.1448e-05,-0.00023538,0.0026592,-0.016994,0.060453,0.031085
9.9481e-09,-9.4971e-07,3.5316e-05,-0.00064497,0.0059987,-0.026899,0.05382,0.012319
-2.0974e-09,2.2025e-07,-9.3987e-06,0.00020854,-0.0025345,0.016102,-0.046143,0.093259
2.6233e-09,-3.2443e-07,1.5898e-05,-0.00039867,0.0054787,-0.040657,0.14748,-0.13228
1.6085e-09,-1.9272e-07,9.0006e-06,-0.00020907,0.0025191,-0.014619,0.032155,0.059942
1.1279e-08,-1.2165e-06,5.1904e-05,-0.0011091,0.012382,-0.068709,0.16604,-0.065949
6.3259e-09,-6.5921e-07,2.7486e-05,-0.00058302,0.006607,-0.038376,0.097875,0.029792
-4.3031e-09,4.3782e-07,-1.8097e-05,0.00038883,-0.0045807,0.028322,-0.078496,0.1326
-1.0349e-08,9.2951e-07,-3.0876e-05,0.00045108,-0.0024346,-0.0023677,0.044361,0.042274
1.0817e-08,-1.2379e-06,5.6481e-05,-0.001323,0.017026,-0.11915,0.41565,-0.44031
-1.0191e-08,1.0209e-06,-4.0736e-05,0.00082443,-0.0089139,0.049531,-0.1209,0.17275
-5.2354e-09,5.5331e-07,-2.2917e-05,0.0004683,-0.0048531,0.023023,-0.033908,0.072305
-3.2609e-09,3.8989e-07,-1.9374e-05,0.00051122,-0.0075957,0.061973,-0.24676,0.41232
4.6503e-10,-5.4678e-08,3.088e-06,-0.00010064,0.0018313,-0.016772,0.062842,0.0067956
1.3777e-09,-1.4816e-07,6.2461e-06,-0.00013263,0.0015493,-0.010721,0.045898,0.020945
5.5134e-09,-6.181e-07,2.753e-05,-0.00062479,0.0077359,-0.052116,0.17859,-0.13728
-3.544e-09,3.2753e-07,-1.156e-05,0.00018986,-0.0013192,0.00055684,0.027842,0.036896
4.0488e-09,-4.3803e-07,1.9356e-05,-0.00044777,0.0057217,-0.038529,0.11532,-0.049371
1.2843e-08,-1.9117e-06,0.00011836,-0.0039478,0.076489,-0.85939,5.1764,-12.861
2.5788e-09,-2.6604e-07,1.1098e-05,-0.00023934,0.0028209,-0.017573,0.050898,-0.0068786
4.0663e-09,-4.3818e-07,1.9075e-05,-0.00042925,0.0052894,-0.034649,0.10776,-0.076367
2.1072e-09,-2.267e-07,9.923e-06,-0.00022545,0.0027991,-0.018199,0.053454,0.011526
1.733e-09,-1.6236e-07,5.9468e-06,-0.00010754,0.0010033,-0.0047328,0.011295,0.037403
-1.8808e-09,2.0271e-07,-8.7187e-06,0.00018907,-0.0021324,0.011351,-0.019283,0.029003
1.1871e-08,-1.3592e-06,6.3146e-05,-0.001529,0.020599,-0.15217,0.56178,-0.66557
-4.0627e-09,4.6392e-07,-2.1275e-05,0.00050109,-0.0064288,0.043895,-0.14403,0.20619
-6.9785e-10,-2.7068e-08,7.1142e-06,-0.00033687,0.007022,-0.070905,0.32175,-0.43052
3.773e-09,-4.4459e-07,2.0694e-05,-0.00048636,0.0061065,-0.039673,0.1168,-0.0085922
4.805e-09,-6.4914e-07,3.4538e-05,-0.0009314,0.013578,-0.10521,0.39417,-0.51557
1.1432e-09,-1.7954e-07,1.1061e-05,-0.00034393,0.0057593,-0.051295,0.22373,-0.30895
2.7349e-09,-2.7101e-07,1.0533e-05,-0.00020459,0.0021133,-0.011668,0.034252,0.0078408
-1.3487e-09,1.8243e-07,-9.4644e-06,0.00024347,-0.0033088,0.022906,-0.066798,0.11203
-5.4498e-09,5.9084e-07,-2.6231e-05,0.00061254,-0.0080358,0.05848,-0.21464,0.32302
4.9233e-08,-4.9474e-06,0.00020089,-0.004221,0.048774,-0.30324,0.91176,-0.89476
2.6249e-09,-3.0955e-07,1.4362e-05,-0.00033398,0.0041098,-0.026099,0.077942,-0.018515
-2.9856e-10,6.9188e-09,9.9332e-07,-5.8395e-05,0.0013182,-0.014592,0.076114,-0.0019769
-1.8967e-09,1.3145e-07,-1.9749e-06,-5.3636e-05,0.0020362,-0.023089,0.09664,-0.027762
-3.7925e-09,3.7926e-07,-1.4823e-05,0.0002826,-0.0026494,0.010421,-0.0050423,0.047404
5.5795e-09,-5.8065e-07,2.4188e-05,-0.00051398,0.0058736,-0.035091,0.10196,-0.057279
2.9134e-09,-3.065e-07,1.2695e-05,-0.00026273,0.0028468,-0.015459,0.036891,0.003513
1.0556e-09,-1.4101e-07,7.5534e-06,-0.00020894,0.003173,-0.025714,0.09859,-0.10182
1.5976e-08,-1.7602e-06,7.8525e-05,-0.0018192,0.023316,-0.1623,0.55404,-0.62478
-4.1226e-09,4.3802e-07,-1.8561e-05,0.00040005,-0.0046512,0.028725,-0.08607,0.13259
-1.5689e-09,1.6414e-07,-6.9033e-06,0.00014842,-0.001703,0.0097283,-0.0215,0.052078
-4.7077e-09,4.0303e-07,-1.2176e-05,0.00013882,-2.2427e-05,-0.0090803,0.040677,0.097584
-8.1633e-11,7.4565e-09,-2.2141e-07,1.9244e-06,1.1932e-05,-0.00011579,-0.0015706,0.069958
-6.0167e-09,6.8386e-07,-3.1737e-05,0.00077045,-0.010384,0.075847,-0.2717,0.40653
-2.4079e-08,2.5066e-06,-0.00010289,0.0021087,-0.022511,0.11806,-0.24667,0.17805
-3.1252e-09,3.5485e-07,-1.6083e-05,0.00036951,-0.0044931,0.026887,-0.056181,0.094152
1.0125e-09,-5.2752e-08,-4.6682e-07,7.4953e-05,-0.0016271,0.013111,-0.032603,0.14422
6.4566e-09,-6.6062e-07,2.6899e-05,-0.00055315,0.0059763,-0.031452,0.061947,0.064977
5.2557e-09,-5.6545e-07,2.4864e-05,-0.00057474,0.0074393,-0.052618,0.18193,-0.14914
5.0649e-09,-4.9181e-07,1.8226e-05,-0.00031898,0.0025894,-0.0070549,-0.011613,0.086322
3.5485e-09,-3.9274e-07,1.6598e-05,-0.00033928,0.0035175,-0.018124,0.046839,0.025979
1.925e-09,-2.0822e-07,9.1359e-06,-0.00020832,0.0026202,-0.017854,0.061352,0.0060267
1.2532e-08,-1.252e-06,5.0356e-05,-0.0010424,0.011758,-0.070319,0.19963,-0.1545
-6.9401e-09,6.3017e-07,-2.1796e-05,0.00035339,-0.0025785,0.0048602,0.025088,0.02946
6.0445e-09,-6.4735e-07,2.7978e-05,-0.00062293,0.0075375,-0.047775,0.13877,-0.057728
3.0508e-09,-3.1222e-07,1.2714e-05,-0.00026291,0.002918,-0.016926,0.048496,0.029191
1.3122e-09,-1.2251e-07,4.543e-06,-8.5491e-05,0.00086311,-0.0044961,0.010159,0.04276
1.1018e-09,-1.2554e-07,5.6933e-06,-0.00013219,0.0016739,-0.011157,0.033038,0.058481
1.9423e-09,-1.8773e-07,6.9211e-06,-0.00011874,0.00087036,-0.00076416,-0.014562,0.13195
1.3654e-09,-1.4543e-07,6.3254e-06,-0.00014385,0.0018059,-0.012027,0.036732,0.010412
-9.4999e-09,8.1e-07,-2.6768e-05,0.0004247,-0.003159,0.0076968,0.013884,0.029096
-3.9073e-09,3.716e-07,-1.3294e-05,0.00021438,-0.0013415,-0.0010948,0.038664,-0.0030014
7.2437e-09,-8.0406e-07,3.6264e-05,-0.0008489,0.010901,-0.074299,0.23643,-0.15971
-2.9734e-10,4.961e-08,-3.1711e-06,9.8758e-05,-0.0015778,0.012383,-0.041302,0.1302
2.1139e-09,-2.3284e-07,1.0447e-05,-0.00024473,0.0031614,-0.021512,0.06572,0.00050372
1.1332e-08,-1.0809e-06,4.091e-05,-0.00078759,0.0082232,-0.04574,0.12159,-0.026141
8.2635e-09,-9.035e-07,3.9269e-05,-0.00086035,0.0099396,-0.057823,0.14748,-0.045377
1.1874e-08,-1.225e-06,5.0172e-05,-0.0010381,0.011422,-0.064492,0.16556,-0.026808
-4.7198e-09,4.445e-07,-1.6167e-05,0.00028214,-0.0023388,0.0070518,0.0039926,0.088828
-4.8459e-09,4.9397e-07,-1.9526e-05,0.0003749,-0.0035761,0.015476,-0.024038,0.1104
3.7782e-09,-4.7029e-07,2.3579e-05,-0.00061469,0.0089657,-0.073062,0.3105,-0.49367
9.4136e-09,-1.0193e-06,4.4551e-05,-0.0010048,0.012359,-0.079794,0.23058,-0.13108
9.1105e-10,-7.765e-08,2.2486e-06,-1.9044e-05,-0.00025032,0.0058631,-0.036428,0.096606
1.2731e-09,-1.2088e-07,4.6322e-06,-9.3961e-05,0.0011076,-0.0075846,0.02689,0.044961
-5.8082e-09,5.5007e-07,-1.9269e-05,0.00028874,-0.0011849,-0.011911,0.10557,-0.081356
-6.145e-09,6.4352e-07,-2.6892e-05,0.00057232,-0.0065604,0.039151,-0.10473,0.16386
-1.3367e-09,1.0925e-07,-3.1107e-06,3.1683e-05,5.3395e-05,-0.0026398,0.013338,0.020729
-6.7365e-09,6.7097e-07,-2.6571e-05,0.00053433,-0.0058025,0.033502,-0.090067,0.14301
-1.576e-10,4.2286e-08,-3.1809e-06,0.00010734,-0.0018207,0.01514,-0.050602,0.097298
-4.9912e-09,5.1307e-07,-2.1252e-05,0.00045454,-0.0053388,0.033795,-0.10562,0.19192
4.0772e-09,-4.6871e-07,2.1712e-05,-0.00051861,0.0067793,-0.047368,0.15877,-0.13386
-2.1386e-08,1.9448e-06,-7.054e-05,0.001298,-0.012681,0.061968,-0.12106,0.10003
7.3956e-10,-1.6748e-07,1.0827e-05,-0.00030825,0.004244,-0.026946,0.069253,-0.014757
9.8351e-10,-9.8498e-08,4.0327e-06,-9.003e-05,0.0012271,-0.010265,0.045446,0.015707
1.8469e-09,-2.4235e-07,1.2622e-05,-0.00033331,0.0047171,-0.034638,0.11591,-0.031433
1.0876e-08,-1.2506e-06,5.8269e-05,-0.0014098,0.018831,-0.13567,0.46903,-0.47278
-1.5472e-08,1.4648e-06,-5.4396e-05,0.0010027,-0.0095888,0.045188,-0.087549,0.1717
1.7478e-09,-2.4403e-07,1.2862e-05,-0.00033014,0.004334,-0.026943,0.053166,0.12849
-2.6036e-08,2.8911e-06,-0.00013048,0.0030761,-0.040483,0.29345,-1.0649,1.5632
-9.299e-10,5.569e-08,-8.6828e-07,-3.3767e-06,0.00011721,0.0002446,-0.0025377,0.046091
4.93e-10,-5.7359e-08,2.6521e-06,-6.3735e-05,0.00087471,-0.006977,0.029954,-0.0034477
-3.7548e-09,3.6571e-07,-1.3243e-05,0.00020933,-0.0010551,-0.0062934,0.066213,-0.03011
1.8428e-08,-2.0536e-06,9.2845e-05,-0.0021919,0.028947,-0.21169,0.7805,-0.99854
-4.7856e-09,4.8179e-07,-1.9512e-05,0.00040324,-0.0044235,0.023888,-0.046751,0.083831
3.8948e-10,-3.7669e-08,1.4202e-06,-2.6343e-05,0.00024899,-0.0010911,0.0012493,0.016979
7.3676e-09,-8.4739e-07,3.9205e-05,-0.00093835,0.012448,-0.090931,0.33759,-0.41756
1.4364e-09,-1.5199e-07,6.3265e-06,-0.00013075,0.0013966,-0.0073742,0.017718,0.021349
-1.2191e-09,1.6062e-07,-8.1028e-06,0.00020009,-0.0025457,0.016019,-0.042383,0.07575
3.7025e-09,-6.8006e-07,4.1277e-05,-0.0011775,0.01746,-0.13488,0.50256,-0.58091
2.3861e-09,-2.2681e-07,8.149e-06,-0.00013576,0.0010021,-0.0020219,-0.0054808,0.12873
-1.8645e-09,2.0079e-07,-8.6594e-06,0.00019028,-0.0022318,0.01324,-0.035391,0.1008
8.7947e-09,-8.7193e-07,3.3931e-05,-0.0006554,0.0065469,-0.032267,0.07274,-0.040253
-3.4827e-09,4.5974e-07,-2.5077e-05,0.00072673,-0.011968,0.11079,-0.52767,1.0245
-2.0921e-09,2.1992e-07,-9.5575e-06,0.00021821,-0.0027354,0.017903,-0.05146,0.070716
1.4318e-09,-1.6476e-07,7.561e-06,-0.00017994,0.002408,-0.018106,0.069735,-0.034984
-7.6088e-09,8.6871e-07,-3.9324e-05,0.00089297,-0.010546,0.059892,-0.12686,0.11605
-9.8146e-09,1.0432e-06,-4.4805e-05,0.0009906,-0.011908,0.075913,-0.23226,0.38476
-4.8505e-10,3.6928e-08,-8.3526e-07,-1.7741e-06,0.00033547,-0.0050126,0.028885,0.047299
-3.6379e-09,3.45e-07,-1.2678e-05,0.00022309,-0.0018099,0.0042618,0.011975,0.10274
7.5993e-09,-8.5002e-07,3.7956e-05,-0.00086149,0.010429,-0.063824,0.15962,0.045708
3.3863e-10,-3.8438e-08,1.7748e-06,-4.2524e-05,0.00055513,-0.0037453,0.010612,0.022185
-5.2724e-10,2.6046e-08,1.5274e-06,-0.00013659,0.0036609,-0.043365,0.22438,-0.27893
2.9897e-09,-3.6577e-07,1.766e-05,-0.00042935,0.0055375,-0.036419,0.10638,0.01419
3.0341e-09,-3.3625e-07,1.4685e-05,-0.00031862,0.0035465,-0.018572,0.033758,0.041696
6.8981e-09,-7.3751e-07,3.1682e-05,-0.00070125,0.0085294,-0.056299,0.18577,-0.17264
3.8066e-08,-5.0295e-06,0.00027508,-0.0080486,0.13561,-1.3113,6.7217,-13.931
3.9807e-09,-4.1488e-07,1.7084e-05,-0.00035219,0.0037993,-0.020526,0.050094,0.047488
1.1457e-08,-1.2628e-06,5.5809e-05,-0.0012676,0.015743,-0.10453,0.32995,-0.25218
3.7387e-09,-3.3177e-07,1.1334e-05,-0.00018576,0.0014638,-0.0046107,0.0023391,0.087997
-1.3336e-08,1.444e-06,-6.2505e-05,0.0013847,-0.016733,0.10917,-0.35562,0.54802
1.4563e-09,-1.4344e-07,5.1242e-06,-7.3915e-05,0.00018334,0.0042375,-0.022395,0.050843
2.1973e-09,-2.2287e-07,8.9373e-06,-0.00018139,0.0019987,-0.012083,0.038264,-0.031029
-2.1539e-09,2.308e-07,-9.9131e-06,0.00021727,-0.0025675,0.016139,-0.050836,0.10263
-5.1364e-10,9.0136e-08,-5.3809e-06,0.00015253,-0.0022668,0.017826,-0.069756,0.22388
2.0969e-08,-2.3548e-06,0.00010768,-0.0025713,0.034098,-0.24587,0.87192,-1.0677
7.9977e-09,-8.7855e-07,3.8651e-05,-0.00087621,0.010996,-0.076512,0.27723,-0.2765
-4.1392e-10,3.2552e-08,-8.9182e-07,8.5561e-06,2.9518e-05,-0.001064,0.0064294,0.006506
-1.5713e-10,7.8348e-08,-5.6713e-06,0.00015977,-0.0020058,0.010521,-0.017157,0.071686
-6.069e-09,8.5441e-07,-4.9023e-05,0.001474,-0.024817,0.23066,-1.0771,2.0097
-1.556e-09,1.7371e-07,-7.616e-06,0.00016485,-0.0017945,0.0085736,-0.0096776,0.040139
-1.5255e-09,1.6903e-07,-7.3727e-06,0.00016014,-0.0018036,0.0099301,-0.022138,0.05969
4.7552e-09,-4.9332e-07,2.0539e-05,-0.00043985,0.0051332,-0.031384,0.085283,0.022268
3.2952e-09,-3.0014e-07,1.048e-05,-0.00018014,0.0017002,-0.0099761,0.038652,0.017119
-5.3079e-09,4.8337e-07,-1.775e-05,0.00033568,-0.003434,0.017864,-0.035012,0.070386
-5.9553e-09,5.9966e-07,-2.4138e-05,0.00049726,-0.0055608,0.032809,-0.089951,0.13323
-8.5578e-09,9.0237e-07,-3.7547e-05,0.0007787,-0.0083258,0.042271,-0.076179,0.089715
-5.0431e-09,4.6318e-07,-1.5958e-05,0.0002579,-0.0020147,0.0066432,-0.0027156,0.030417
1.1904e-08,-1.447e-06,7.1159e-05,-0.0017897,0.02384,-0.15534,0.39048,-0.27989
7.3339e-09,-7.3246e-07,2.8796e-05,-0.00056461,0.0057493,-0.028569,0.060431,0.0046654
4.0853e-09,-4.7283e-07,2.2049e-05,-0.00053157,0.0070694,-0.051156,0.18377,-0.18221
3.8548e-12,-1.5054e-08,1.2088e-06,-3.697e-05,0.00053658,-0.0037816,0.011688,0.039706
1.1175e-08,-1.2233e-06,5.4296e-05,-0.0012538,0.01606,-0.11219,0.38642,-0.41835
1.4258e-08,-1.6093e-06,7.3143e-05,-0.0017115,0.021831,-0.14753,0.47107,-0.44464
-3.7914e-09,4.2615e-07,-1.9241e-05,0.00044485,-0.0055439,0.035706,-0.1016,0.15026
4.0625e-09,-3.8781e-07,1.5062e-05,-0.00030745,0.0035435,-0.023029,0.08073,-0.039406
7.2641e-09,-7.848e-07,3.4332e-05,-0.00077719,0.009636,-0.063492,0.19615,-0.14367
2.3719e-09,-2.3313e-07,8.8491e-06,-0.00016264,0.0014855,-0.0062251,0.010274,0.010702
2.1602e-09,-1.9479e-07,6.4784e-06,-9.5154e-05,0.00053529,0.00018932,-0.0063201,0.045417
5.1655e-09,-5.0008e-07,1.864e-05,-0.00032968,0.0027046,-0.0080819,0.0046432,0.074535
4.491e-09,-4.8699e-07,2.1307e-05,-0.00048062,0.0059035,-0.037895,0.10619,0.061585
-2.0398e-09,2.6708e-07,-1.3794e-05,0.00036038,-0.0050629,0.037462,-0.13166,0.19632
-1.4677e-09,1.7307e-07,-8.2366e-06,0.00020209,-0.0027045,0.01914,-0.062978,0.13026
-3.0568e-08,3.11e-06,-0.00012817,0.0027441,-0.03243,0.20581,-0.61533,0.68886
-1.5418e-09,1.3833e-07,-4.6675e-06,6.8991e-05,-0.00026407,-0.0044233,0.051904,-0.099426
7.444e-10,-1.6006e-07,1.0582e-05,-0.00032531,0.0052172,-0.043855,0.17751,-0.13689
1.8813e-08,-1.7432e-06,6.5308e-05,-0.0012674,0.013598,-0.080361,0.24667,-0.25585
-6.6229e-10,5.6186e-08,-1.6469e-06,1.5968e-05,9.0614e-05,-0.0024129,0.011032,0.02963
3.1803e-10,-2.364e-08,3.376e-07,1.4117e-05,-0.00053222,0.0065497,-0.032036,0.14034
-1.2367e-09,1.4599e-07,-7.1804e-06,0.00019065,-0.0029717,0.027718,-0.14699,0.40969
-1.0325e-08,1.1084e-06,-4.8648e-05,0.0011216,-0.014527,0.10484,-0.38981,0.68244
9.2569e-08,-9.0458e-06,0.00036203,-0.0076519,0.091752,-0.621,2.1914,-3.0523
5.7464e-10,-3.5285e-08,3.5471e-08,4.2821e-05,-0.0012261,0.014112,-0.069485,0.14367
1.0527e-09,-7.0206e-08,9.891e-07,2.6449e-05,-0.00090246,0.0087063,-0.024693,0.062732
3.7401e-09,-4.02e-07,1.7432e-05,-0.00038856,0.004691,-0.029769,0.090861,-0.061675
1.6141e-09,-1.7086e-07,7.2706e-06,-0.00015856,0.0018616,-0.011242,0.030868,0.017012
-9.6665e-09,9.9799e-07,-4.1536e-05,0.00089046,-0.010395,0.063793,-0.17843,0.21994
5.5076e-09,-5.7515e-07,2.3887e-05,-0.00050109,0.0055763,-0.031629,0.077795,0.061419
-1.1484e-08,1.232e-06,-5.3563e-05,0.0012054,-0.014869,0.097952,-0.30824,0.42018
5.0238e-09,-5.8981e-07,2.8134e-05,-0.00070425,0.0099524,-0.078912,0.32347,-0.49293
-1.9039e-09,2.1599e-07,-9.7976e-06,0.00022763,-0.002888,0.019756,-0.066512,0.095277
1.3501e-08,-1.5736e-06,7.3247e-05,-0.0017405,0.022384,-0.15249,0.50113,-0.56697
4.3274e-09,-4.2194e-07,1.6742e-05,-0.00035472,0.004455,-0.034161,0.1465,-0.2071
-4.2527e-10,1.1579e-08,1.0665e-06,-5.9118e-05,0.0011091,-0.0087871,0.025894,0.040936
3.4467e-09,-3.6954e-07,1.5587e-05,-0.00032974,0.0037282,-0.022659,0.07136,-0.036397
4.8167e-09,-6.1504e-07,3.0881e-05,-0.00079115,0.011146,-0.085973,0.3341,-0.43165
1.1215e-08,-1.1238e-06,4.4726e-05,-0.00090158,0.0097226,-0.05486,0.15331,-0.051228
-3.7905e-10,5.6812e-08,-3.2686e-06,9.3671e-05,-0.0014162,0.010714,-0.033397,0.055262
5.5729e-09,-6.4281e-07,2.9658e-05,-0.00069881,0.0088953,-0.059633,0.19135,-0.10146
-5.3122e-09,5.7523e-07,-2.502e-05,0.00055571,-0.0066086,0.040125,-0.10639,0.14591
-1.8737e-09,2.0063e-07,-8.5606e-06,0.00018485,-0.0021127,0.012097,-0.028287,0.11535
-3.8998e-09,3.4537e-07,-1.0192e-05,6.7266e-05,0.0021634,-0.044256,0.28456,-0.47075
-2.3191e-08,2.6727e-06,-0.00012769,0.0032669,-0.048125,0.40559,-1.7939,3.2249
-7.6978e-10,1.0232e-07,-5.3538e-06,0.00014144,-0.0019906,0.014241,-0.043274,0.1058
1.8229e-09,-2.2101e-07,1.0673e-05,-0.00026185,0.0034384,-0.023219,0.069416,-0.019101
5.5837e-09,-5.8812e-07,2.52e-05,-0.0005682,0.0072709,-0.052619,0.19695,-0.20745
2.6415e-09,-2.2431e-07,6.8814e-06,-8.7428e-05,0.00029875,0.0018353,-0.0093207,0.072833
-8.936e-09,9.8396e-07,-4.3047e-05,0.00094744,-0.010921,0.061801,-0.13784,0.14805
5.1233e-10,-1.18e-08,-1.7977e-06,0.00010214,-0.0021275,0.020079,-0.078991,0.13912
-6.9508e-09,6.5142e-07,-2.4119e-05,0.00044629,-0.0042932,0.020215,-0.039241,0.071263
2.5493e-09,-2.2944e-07,7.279e-06,-8.3898e-05,-0.00016111,0.0090957,-0.043628,0.10739
6.6138e-10,-1.823e-07,1.2958e-05,-0.00040933,0.0065649,-0.053806,0.20883,-0.22063
3.424e-09,-3.5033e-07,1.4013e-05,-0.00027631,0.0027893,-0.013818,0.033253,0.018572
-3.1214e-09,3.1238e-07,-1.2303e-05,0.00024153,-0.0024659,0.012368,-0.024736,0.047046
3.6126e-09,-4.353e-07,2.1498e-05,-0.00056271,0.0083731,-0.069398,0.2799,-0.31498
1.5645e-09,-1.8418e-07,8.9178e-06,-0.00023034,0.0033962,-0.027557,0.10406,-0.025853
-1.9983e-09,2.3996e-07,-1.1541e-05,0.00028247,-0.003689,0.024442,-0.068581,0.070179
9.8497e-09,-1.0173e-06,4.1512e-05,-0.00085173,0.009284,-0.05279,0.14884,-0.12824
4.6162e-09,-5.7579e-07,2.9214e-05,-0.00077631,0.011565,-0.095428,0.39759,-0.5366
4.2716e-10,-6.9368e-08,4.2534e-06,-0.00012814,0.0019959,-0.015175,0.047131,0.033725
-1.0526e-08,1.069e-06,-4.3946e-05,0.00093725,-0.011026,0.069954,-0.21476,0.29364
6.7745e-10,-1.2885e-07,8.3728e-06,-0.00026185,0.0043639,-0.038941,0.17095,-0.22465
-1.1672e-08,1.2876e-06,-5.7547e-05,0.0013354,-0.0171,0.11803,-0.39295,0.51562
-2.2319e-08,2.6446e-06,-0.00012744,0.0032113,-0.045294,0.35453,-1.4133,2.2288
-1.8682e-09,2.4991e-07,-1.3244e-05,0.00035667,-0.0051684,0.038969,-0.13446,0.24961
-3.1829e-09,3.7913e-07,-1.8581e-05,0.00048318,-0.0071657,0.060426,-0.26809,0.50625
5.2727e-09,-5.5751e-07,2.3463e-05,-0.00049819,0.0055539,-0.030572,0.070063,0.067356
-5.2946e-09,5.742e-07,-2.473e-05,0.00053852,-0.0062664,0.037884,-0.1036,0.20655
1.7955e-09,-2.1268e-07,1.0048e-05,-0.00024177,0.0031367,-0.021332,0.067183,-0.02368
-8.9515e-09,1.0348e-06,-4.9534e-05,0.0012719,-0.018913,0.16258,-0.74147,1.4407
-9.084e-09,9.8053e-07,-4.2537e-05,0.00094737,-0.011449,0.072413,-0.20571,0.26945
2.3468e-10,-6.3616e-08,4.3564e-06,-0.0001285,0.0018372,-0.012638,0.041294,-0.0083311
-2.822e-09,3.3801e-07,-1.6167e-05,0.00039677,-0.0053438,0.039161,-0.14332,0.26783
3.016e-10,-6.641e-09,-6.7462e-07,2.8445e-05,-0.00031893,-0.00018089,0.015251,0.031768
-1.4356e-09,1.2471e-07,-3.9971e-06,5.6727e-05,-0.00032871,0.00048681,0.0017133,0.036733
-6.3423e-09,6.4832e-07,-2.5504e-05,0.00047964,-0.0043496,0.01761,-0.043241,0.24686
5.9787e-09,-6.0865e-07,2.4614e-05,-0.0005032,0.0054636,-0.030061,0.070053,0.0092673
1.7052e-08,-2.0215e-06,9.8301e-05,-0.002526,0.036742,-0.29863,1.2263,-1.8044
5.1448e-10,-5.8119e-08,2.7807e-06,-7.2187e-05,0.0010631,-0.0083753,0.029839,-0.00064296
-5.9916e-09,5.7786e-07,-2.1832e-05,0.00040748,-0.0038912,0.017792,-0.031316,0.089393
-6.2187e-09,6.9666e-07,-3.1155e-05,0.0007038,-0.0083827,0.050141,-0.13004,0.18133
1.1937e-10,-6.4176e-08,5.1528e-06,-0.00017301,0.0029147,-0.025238,0.10289,-0.047167
1.0726e-08,-1.1572e-06,5.0979e-05,-0.0011822,0.015495,-0.11376,0.42366,-0.5207
-3.277e-07,2.2876e-05,-0.00062687,0.0085378,-0.060156,0.20436,-0.26597,0.13052
5.4437e-09,-5.7052e-07,2.3656e-05,-0.00049435,0.0055076,-0.031975,0.086674,-0.040069
3.2998e-10,-4.0993e-08,2.0576e-06,-5.2443e-05,0.00069363,-0.0042605,0.0077901,0.059085
3.1167e-09,-3.446e-07,1.5178e-05,-0.00033766,0.0039401,-0.022259,0.045764,0.035381
-1.6259e-08,1.9179e-06,-9.3112e-05,0.0023985,-0.035144,0.28951,-1.2115,1.9718
2.8625e-10,-2.1116e-08,4.3983e-07,1.9877e-06,-0.00018245,0.0021652,-0.0060083,0.039675
2.6428e-09,-2.476e-07,9.1428e-06,-0.00017119,0.001764,-0.010293,0.032078,0.0168
-1.7034e-09,1.5289e-07,-5.0903e-06,7.2946e-05,-0.00028589,-0.0030957,0.030138,-0.011467
4.883e-09,-4.9792e-07,2.0127e-05,-0.00041008,0.0044325,-0.024535,0.061482,-0.039135
8.7292e-09,-9.2066e-07,3.8199e-05,-0.00076836,0.0070138,-0.0090984,-0.25981,1.2351
-1.3438e-09,1.4644e-07,-6.3855e-06,0.00014171,-0.0016774,0.010049,-0.02543,0.044463
6.9289e-09,-8.3368e-07,4.0648e-05,-0.0010291,0.014362,-0.10737,0.37668,-0.34983
-1.9638e-09,2.2884e-07,-1.1081e-05,0.00028664,-0.0041827,0.032779,-0.11622,0.17425
2.8527e-09,-3.1962e-07,1.4198e-05,-0.0003227,0.004073,-0.029069,0.10875,-0.01705
-3.0139e-08,3.2585e-06,-0.00014174,0.0031737,-0.038867,0.25576,-0.82949,1.1794
-1.7255e-10,-2.8735e-08,3.3885e-06,-0.00012293,0.0019843,-0.01447,0.043743,0.023851
1.8121e-11,-1.4314e-08,1.2571e-06,-4.4652e-05,0.00077251,-0.0065964,0.025439,0.0043728
4.7021e-09,-5.0478e-07,2.1993e-05,-0.00049587,0.0060654,-0.038449,0.11432,-0.094203
1.4415e-08,-1.663e-06,7.7844e-05,-0.0018944,0.025493,-0.1855,0.64972,-0.71499
7.4288e-10,-8.668e-08,3.9939e-06,-9.1516e-05,0.0010685,-0.0056221,0.0072021,0.072066
-3.2301e-09,3.0941e-07,-1.161e-05,0.0002153,-0.0020307,0.0086725,-0.0086817,0.060997
3.2553e-09,-3.3691e-07,1.3888e-05,-0.00029083,0.0032836,-0.019747,0.058444,-0.017032
-7.8018e-10,3.6238e-08,4.8938e-07,-5.5942e-05,0.0011704,-0.009513,0.028914,0.032357
-2.7912e-09,2.9901e-07,-1.2938e-05,0.00028879,-0.0035113,0.022409,-0.065021,0.12811
-7.0494e-09,6.1671e-07,-1.9995e-05,0.00028181,-0.0012633,-0.0065815,0.06408,0.006123
-7.2345e-09,7.6174e-07,-3.1673e-05,0.00065487,-0.0068844,0.032371,-0.038761,0.047685
-7.58e-09,8.2128e-07,-3.5599e-05,0.00078938,-0.0095123,0.061298,-0.19513,0.32672
3.1495e-09,-3.736e-07,1.7525e-05,-0.00041706,0.0053556,-0.03614,0.11195,-0.076078
-5.8539e-09,6.1733e-07,-2.5622e-05,0.00052787,-0.0055606,0.027266,-0.04791,0.12283
-1.7419e-08,1.7765e-06,-7.2298e-05,0.0014957,-0.01658,0.094999,-0.24453,0.24959
-5.9425e-09,4.9901e-07,-1.6333e-05,0.00026203,-0.0020305,0.004412,0.025575,-0.0057777
-2.4675e-09,2.5011e-07,-9.8847e-06,0.00019308,-0.0019633,0.010341,-0.028571,0.12124
-3.6751e-09,4.3591e-07,-2.0583e-05,0.00049336,-0.0063476,0.042905,-0.1415,0.2336
-6.7792e-09,6.6214e-07,-2.6475e-05,0.00055937,-0.0067075,0.045222,-0.15487,0.26175
-1.4255e-08,1.4756e-06,-6.1362e-05,0.0013178,-0.015682,0.1031,-0.34599,0.5782
6.8205e-10,-5.0389e-08,1.2527e-06,-1.1735e-05,6.6738e-05,-0.0013717,0.012946,0.0088685
-6.7602e-10,1.3425e-07,-8.3192e-06,0.00023285,-0.0031872,0.019953,-0.042226,0.11569
-1.1015e-08,1.2058e-06,-5.236e-05,0.0011423,-0.01304,0.073427,-0.1708,0.18573
-1.4178e-09,1.2063e-07,-3.7586e-06,4.8945e-05,-0.00014725,-0.0020294,0.015643,0.032166
-4.2191e-09,4.3198e-07,-1.8115e-05,0.00040212,-0.0050708,0.035821,-0.12769,0.2396
-9.0446e-10,9.3428e-08,-3.7473e-06,7.1721e-05,-0.00062919,0.0016305,0.0048937,0.04507
7.3917e-10,-2.6145e-08,-1.5889e-06,0.00010748,-0.002364,0.023683,-0.10414,0.19874
9.2612e-09,-1.1524e-06,5.7979e-05,-0.0015208,0.022322,-0.18181,0.74781,-1.0961
2.7282e-09,-3.1901e-07,1.489e-05,-0.00035541,0.004584,-0.030947,0.098299,-0.045669
7.4389e-09,-8.6848e-07,4.1597e-05,-0.0010513,0.015015,-0.11995,0.48756,-0.65237
-7.2782e-09,7.909e-07,-3.4732e-05,0.00078834,-0.0097841,0.063907,-0.1852,0.23645
-1.2765e-09,1.4224e-07,-6.0716e-06,0.00012688,-0.0013915,0.0083423,-0.028975,0.11277
-9.2299e-09,9.7048e-07,-4.1e-05,0.00089016,-0.010501,0.064592,-0.17248,0.19865
-1.1156e-08,1.1306e-06,-4.5736e-05,0.00093809,-0.010209,0.055874,-0.12689,0.13817
-4.3477e-10,7.1336e-09,1.475e-06,-7.399e-05,0.0014235,-0.013048,0.056997,-0.033435
-1.3552e-09,1.0254e-07,-2.2612e-06,-4.4663e-06,0.0007559,-0.0088929,0.031258,0.11951
-2.2638e-09,2.4115e-07,-1.029e-05,0.00022429,-0.0026265,0.015796,-0.041306,0.064733
5.7081e-09,-6.516e-07,2.9702e-05,-0.00068835,0.0085406,-0.054731,0.15949,-0.084016
-2.557e-09,2.8008e-07,-1.229e-05,0.00027358,-0.0031879,0.017572,-0.032408,0.090121
-1.015e-08,1.0641e-06,-4.397e-05,0.00089987,-0.0093348,0.044075,-0.06759,0.077724
-1.8043e-09,1.0507e-07,-8.4921e-08,-0.00011539,0.0031231,-0.034074,0.1597,-0.13629
-5.3944e-09,5.3912e-07,-2.1358e-05,0.0004245,-0.0044074,0.022577,-0.048801,0.071341
-1.2931e-08,1.3712e-06,-5.8824e-05,0.0013067,-0.015917,0.10273,-0.30378,0.34039
-1.0277e-09,8.9192e-08,-2.6754e-06,2.6514e-05,0.0001522,-0.0042581,0.023572,0.029441
-1.2291e-08,1.3662e-06,-6.1421e-05,0.0014312,-0.018401,0.12827,-0.4381,0.63534
-3.1467e-09,3.3822e-07,-1.4492e-05,0.00031424,-0.0036064,0.02063,-0.047279,0.11068
-3.0073e-09,3.1591e-07,-1.3349e-05,0.00028985,-0.0034276,0.021609,-0.066633,0.11901
1.303e-10,3.5126e-09,-9.7525e-07,4.1525e-05,-0.00076935,0.0069948,-0.029848,0.086866
-4.9273e-09,4.3203e-07,-1.3941e-05,0.00019609,-0.00099562,-0.0014168,0.024771,0.02762
4.7421e-09,-5.2501e-07,2.3254e-05,-0.00052552,0.0064011,-0.040823,0.12149,-0.065821
-6.0356e-11,1.4176e-08,-8.5483e-07,2.1019e-05,-0.00021006,0.00028928,0.0067129,0.01898
-2.8913e-09,2.9698e-07,-1.2629e-05,0.00028562,-0.0036244,0.024499,-0.073029,0.16728
3.9645e-09,-4.0623e-07,1.6217e-05,-0.00031735,0.0031329,-0.01432,0.025031,0.052225
1.4972e-09,-1.3356e-07,4.4884e-06,-7.0377e-05,0.0005144,-0.0014376,-0.00034153,0.063036
1.2308e-10,-1.5952e-08,8.9067e-07,-2.7794e-05,0.00050938,-0.0051411,0.023631,0.0042277
-1.6035e-09,7.021e-08,1.4893e-06,-0.00013039,0.002561,-0.019181,0.037661,0.18065
-4.5944e-09,5.2473e-07,-2.4218e-05,0.00057492,-0.0073588,0.048268,-0.13778,0.21227
6.8485e-09,-8.377e-07,4.1459e-05,-0.0010628,0.014982,-0.11324,0.40761,-0.46725
-6.3977e-10,4.3413e-08,-8.2808e-07,-3.6178e-06,0.00029415,-0.0033988,0.015233,0.020715
-1.6097e-09,1.2899e-07,-3.1975e-06,5.4963e-06,0.00090472,-0.013156,0.062714,0.0079018
-7.91e-09,8.4604e-07,-3.6231e-05,0.00078906,-0.0091286,0.052804,-0.12523,0.12514
7.8529e-09,-8.0106e-07,3.2672e-05,-0.00067863,0.0075168,-0.041957,0.10141,-0.014572
1.1321e-08,-1.1424e-06,4.5728e-05,-0.00092143,0.0097804,-0.052158,0.12205,-0.0092784
-9.2941e-10,9.5451e-08,-3.93e-06,8.1579e-05,-0.00087279,0.0043959,-0.0088981,0.08857
-7.8752e-10,7.9475e-08,-3.07e-06,5.6451e-05,-0.00050267,0.0020531,-0.0041097,0.020236
-2.0977e-09,1.7537e-07,-5.1925e-06,5.9029e-05,-4.5548e-05,-0.0031972,0.014229,0.025061
5.0413e-09,-4.6328e-07,1.6888e-05,-0.00031209,0.0031072,-0.016386,0.041554,0.027216
-5.4041e-09,5.3885e-07,-2.0885e-05,0.00039184,-0.00355,0.012291,0.0057127,0.071887
-2.0103e-09,2.0251e-07,-8.0779e-06,0.00016245,-0.0017351,0.0094569,-0.022505,0.061071
-3.2954e-09,3.1748e-07,-1.205e-05,0.00023019,-0.0023508,0.012472,-0.029117,0.11425
-2.7164e-09,2.7616e-07,-1.0822e-05,0.00020274,-0.001786,0.0054134,0.0074116,0.034955
-3.4172e-09,2.7593e-07,-7.7545e-06,7.1503e-05,0.00051645,-0.013969,0.084807,-0.098457
6.4232e-09,-6.5934e-07,2.689e-05,-0.00055154,0.0058915,-0.029984,0.054525,0.071302
3.9601e-09,-3.9935e-07,1.6001e-05,-0.00032558,0.0035776,-0.020995,0.062531,0.013579
-2.8113e-10,1.1794e-08,3.3543e-07,-2.7661e-05,0.00060241,-0.0058244,0.02526,0.032876
-6.9205e-09,7.647e-07,-3.3963e-05,0.00076977,-0.0092846,0.05601,-0.14279,0.19369
-6.3341e-09,6.8561e-07,-2.9857e-05,0.00066789,-0.0081197,0.052239,-0.16008,0.25007
-8.1256e-10,8.1958e-08,-3.6188e-06,9.1599e-05,-0.0013719,0.010727,-0.030647,0.079333
-3.3697e-09,3.3699e-07,-1.2835e-05,0.0002254,-0.001618,-0.00045771,0.050502,-0.052455
-1.0018e-08,1.0638e-06,-4.5637e-05,0.0010086,-0.0121,0.075778,-0.21691,0.27347
-2.3142e-10,1.6252e-08,-1.0335e-07,-1.7865e-05,0.00056222,-0.0063959,0.027015,0.020728
-6.3868e-09,6.0317e-07,-2.2676e-05,0.00043363,-0.0044819,0.024662,-0.066463,0.14814
