1.0001,1.0003,1.0039,1,0.00044738,24.656,4.1358
1.0002,1.0003,1.0054,1,0.00039694,55.821,5.6638
1.0004,1.0008,1.0071,1,0.00097205,13.153,2.7635
1.0001,1.0001,1.0006,1,7.1194e-05,8.1643,1.7371
1.0001,1.0001,1.0009,1,0.00013539,10.35,2.5177
1.0001,1.0002,1.0024,1,0.00028407,20.515,3.678
1,1,1.0012,1,6.7436e-05,158.02,10.696
1.0001,1.0001,1.0008,1,0.00013173,6.3212,1.834
1,1,1.0004,1,3.1502e-05,44.925,5.6482
1.0002,1.0003,1.0021,1,0.00027592,8.3454,1.9552
1.0001,1.0001,1.0007,1,9.2582e-05,9.1193,1.9028
1,1.0001,1.0006,1,7.0804e-05,19.32,3.1016
1.0004,1.0008,1.0057,1,0.000885,9.0169,2.169
1.0003,1.0006,1.0027,1,0.00049331,3.8025,1.0567
1,1.0001,1.0004,1,5.633e-05,10.896,2.4681
1.0001,1.0002,1.0036,1,0.00039833,28.858,4.5539
1,1.0001,1.0004,1,5.8985e-05,3.2067,0.65901
1.0001,1.0001,1.0013,1,0.00017405,8.4418,2.0357
1.0001,1.0001,1.0007,1,0.00013347,3.3548,1.0036
1.0001,1.0002,1.0046,1,0.00039586,56.577,6.599
1.0001,1.0001,1.0009,1,0.00015109,5.8543,1.6278
1.0003,1.0005,1.0061,1,0.00084806,15.338,3.3048
1,1.0001,1.0006,1,6.9244e-05,16.032,3.0555
1,1,1.0003,1,4.2044e-05,7.7489,2.1259
1,1.0001,1.0009,1,0.00011497,14.56,2.9858
1.0002,1.0004,1.0077,1,0.00063806,47.736,5.7135
1.0001,1.0002,1.0013,1,0.00023228,4.3536,1.2516
1.0001,1.0003,1.0014,1,0.00027349,3.2497,1.0469
1.0005,1.001,1.0112,1,0.0009295,25.241,3.1867
1.0001,1.0001,1.0021,1,0.00022039,18.921,3.4399
1.0006,1.0011,1.0055,1,0.00090626,5.4632,1.431
1.0002,1.0003,1.0022,1,0.00037285,6.4406,1.8671
1.0001,1.0001,1.0009,1,0.0001459,7.0818,1.9552
1.0001,1.0002,1.0014,1,0.00018436,9.1073,1.9432
1.0001,1.0001,1.0013,1,0.00018925,9.9255,2.3895
1.0001,1.0001,1.0013,1,0.00014061,21.608,3.5694
1,1.0001,1.0012,1,0.00011861,19.274,2.9728
1,1.0001,1.0005,1,5.7938e-05,7.899,1.8309
1.0002,1.0004,1.0046,1,0.00066144,12.243,2.7652
1.0001,1.0001,1.0009,1,0.00012968,8.6464,1.9083
1.0001,1.0001,1.0012,1,0.0001197,25.869,3.7476
1,1,1.0001,1,2.2255e-05,4.1072,1.1042
1.0002,1.0003,1.002,1,0.00031219,7.7211,1.9592
1.0001,1.0002,1.0008,1,0.00012291,5.6228,1.4839
1.0005,1.001,1.0054,1,0.00081184,5.1998,1.1264
1,1.0001,1.0008,1,0.00014227,9.1311,2.4587
1.0007,1.0013,1.0092,1,0.0014767,6.5239,1.8242
1.0001,1.0002,1.0013,1,0.00015196,7.8674,1.6142
1.0001,1.0002,1.0015,1,0.00020043,9.1551,2.0748
1.0005,1.001,1.0083,1,0.0011492,10.865,2.3825
1.0003,1.0005,1.0048,1,0.00068569,10.385,2.5358
1.0001,1.0002,1.0016,1,0.00025796,7.7972,2.0854
1.0001,1.0002,1.0022,1,0.00027879,13.532,2.7724
1.0001,1.0001,1.0013,1,0.00014283,13.138,2.4633
1.0003,1.0006,1.0056,1,0.00078474,14.112,2.9114
1.0004,1.0008,1.0087,1,0.0010266,22.481,3.664
1.0005,1.001,1.0099,1,0.0014238,10.853,2.5932
1.0008,1.0015,1.0108,1,0.001614,6.6005,1.7165
1.0002,1.0004,1.0032,1,0.00048875,8.8074,2.1937
1.0003,1.0005,1.0029,1,0.00043409,6.4387,1.6154
1.0001,1.0002,1.0019,1,0.00023718,13.684,2.6891
1.0001,1.0001,1.0017,1,0.00021908,10.879,2.6609
1.0001,1.0003,1.0015,1,0.00025694,5.0909,1.4256
1.0003,1.0006,1.0088,1,0.0010527,22.655,4.085
1.0001,1.0001,1.0012,1,0.00012349,13.85,2.737
1.0001,1.0002,1.0022,1,0.00027235,13.966,2.9658
1.0001,1.0002,1.0014,1,0.00018969,9.6722,2.2718
1,1,1.0006,1,8.2109e-05,14.018,3.1538
1,1,1.0004,1,4.0495e-05,11.82,2.4553
1.0002,1.0004,1.011,1,0.00067536,113.99,9.3836
1.0001,1.0002,1.0018,1,0.00024665,12.16,2.7022
1.0001,1.0003,1.0011,1,0.0002271,2.9682,0.83803
1.0003,1.0006,1.0035,1,0.00051115,6.6179,1.7464
1.0001,1.0001,1.0012,1,0.00014459,13.813,2.6518
1.0003,1.0005,1.0038,1,0.00072056,6.8885,2.0248
1.0001,1.0001,1.0012,1,0.00020863,7.5721,2.1799
1.0002,1.0003,1.0016,1,0.00024196,5.4663,1.3494
1.0003,1.0005,1.0041,1,0.0006527,6.2528,1.7898
1.0005,1.0009,1.0056,1,0.00084475,7.0539,1.7412
1.0001,1.0001,1.0007,1,0.00010694,5.7296,1.5581
1.0002,1.0004,1.0025,1,0.00034655,6.7477,1.5744
1.0001,1.0002,1.0018,1,0.00021334,7.4017,1.5019
1.0003,1.0005,1.0038,1,0.00062224,8.7748,2.3207
1.0001,1.0001,1.0009,1,0.00013525,5.4267,1.4726
1.0001,1.0002,1.0019,1,0.00023105,17.796,3.4001
1.0001,1.0002,1.0028,1,0.00041099,16.498,3.3275
1.0003,1.0005,1.0054,1,0.0005735,17.666,2.9437
1.0001,1.0001,1.0012,1,0.0001365,12.808,2.6837
1.0006,1.0011,1.0212,1,0.0020798,35.404,5.0598
1.0001,1.0001,1.0011,1,0.00017238,6.2224,1.7686
1.0006,1.0011,1.0081,1,0.0012733,9.1107,2.2455
1.0004,1.0007,1.0079,1,0.00074419,22.513,3.2933
1,1.0001,1.0012,1,0.00011419,31.263,4.5304
1.0002,1.0005,1.0019,1,0.00034295,3.5739,1.077
1.0001,1.0001,1.0006,1,0.00010127,4.5373,1.2944
1.0001,1.0002,1.0014,1,0.00024269,5.4741,1.758
1.0003,1.0006,1.0055,1,0.00072507,11.221,2.4058
1.0006,1.0011,1.0097,1,0.0013097,13.693,2.9755
1,1.0001,1.0004,1,5.0778e-05,4.278,0.87049
1,1,1.0005,1,5.9829e-05,25.354,4.204
1.0001,1.0002,1.0019,1,0.00035949,5.9987,1.8909
1,1,1.0003,1,2.9093e-05,15.494,2.836
1.0001,1.0002,1.0012,1,0.00017473,9.0474,2.0779
1.0006,1.0011,1.0093,1,0.0012181,13.655,2.8188
1,1.0001,1.0014,1,0.0001421,30.265,4.5959
1.0007,1.0013,1.0063,1,0.0013707,3.4968,1.0448
1.0001,1.0002,1.0022,1,0.00022404,22.896,3.5495
1.0002,1.0004,1.0037,1,0.00038328,9.9533,1.8655
1.0002,1.0005,1.0024,1,0.00045155,5.3559,1.615
1,1,1.0006,1,7.4671e-05,26.992,4.5707
1.0001,1.0003,1.0018,1,0.00028172,5.9664,1.7163
1.0004,1.0008,1.005,1,0.00079391,6.0637,1.6231
1.0003,1.0006,1.0074,1,0.00074954,25.94,3.9039
1.0003,1.0006,1.0034,1,0.00065609,5.5701,1.6298
1.0001,1.0003,1.0015,1,0.00027139,4.8972,1.5642
1.0004,1.0008,1.0052,1,0.00080496,5.4224,1.4803
1.0002,1.0003,1.0027,1,0.00039986,11.256,2.6243
1.0001,1.0002,1.001,1,0.00019696,3.3841,1.0196
1.0001,1.0002,1.0018,1,0.00024267,13.995,2.9888
1.0001,1.0002,1.0016,1,0.0002114,5.8172,1.4325
1.0002,1.0003,1.0016,1,0.00026977,3.8326,0.9695
1.0001,1.0002,1.0014,1,0.00017868,7.3009,1.576
1.0001,1.0002,1.0017,1,0.00018647,13.914,2.5598
1.0006,1.0011,1.0104,1,0.0013735,12.053,2.7263
1.0006,1.0011,1.015,1,0.0024304,15.607,3.5414
1.0004,1.0007,1.0035,1,0.00088998,3.9688,1.4901
1,1.0001,1.0011,1,7.985e-05,51.801,5.1559
1.0002,1.0003,1.002,1,0.00038262,6.0119,1.8799
1.0001,1.0001,1.0028,1,0.00021853,48.073,5.537
1,1.0001,1.0006,1,7.2485e-05,10.966,2.3493
1,1.0001,1.0013,1,0.0001264,33.95,4.7059
1.0001,1.0002,1.0012,1,0.00020613,4.194,1.1134
1.0002,1.0003,1.0025,1,0.00035799,7.1333,1.8839
1.0002,1.0004,1.0059,1,0.00060907,30.983,4.3298
1.0003,1.0005,1.0057,1,0.00074945,10.49,2.4251
1.0001,1.0001,1.0006,1,9.9251e-05,5.782,1.4252
1,1.0001,1.001,1,0.00012161,17.293,3.3013
1.0001,1.0001,1.001,1,0.0001277,11.002,2.2458
1.0001,1.0002,1.0015,1,0.00030739,7.1307,2.1755
1.0001,1.0003,1.0016,1,0.00028684,6.5983,1.8358
1,1.0001,1.0007,1,8.8675e-05,9.6394,2.1933
1.0003,1.0005,1.0041,1,0.00054745,6.6529,1.7196
1.0005,1.001,1.0041,1,0.0008079,2.7598,0.68527
1.0001,1.0002,1.0026,1,0.00021117,35.406,4.4456
1.0001,1.0001,1.001,1,0.00012908,8.511,1.8171
1.0002,1.0004,1.0048,1,0.00036817,31.508,3.8859
1.0001,1.0003,1.0026,1,0.00020836,34.692,3.9486
1.0001,1.0001,1.0008,1,0.00012313,5.5678,1.5674
1.0004,1.0008,1.0041,1,0.00074058,4.9181,1.4022
1.0001,1.0002,1.0017,1,0.0002128,17.277,3.4147
1.0002,1.0004,1.0053,1,0.00076981,17.925,3.757
1.0001,1.0003,1.0027,1,0.00028332,12.549,2.2416
1,1,1.0004,1,5.3158e-05,11.175,2.5269
1.0001,1.0001,1.0011,1,0.0001329,12.709,2.4845
1.0004,1.0007,1.0058,1,0.00074745,8.5599,1.7924
1.0002,1.0003,1.0033,1,0.00032548,14.931,2.6309
1.0001,1.0002,1.0026,1,0.0003677,12.53,2.7475
1.0001,1.0002,1.0061,1,0.00040303,78.873,7.2606
1,1.0001,1.0007,1,0.00010156,10.11,2.3579
1,1.0001,1.0008,1,0.00011165,10.937,2.5459
1.0005,1.0009,1.0033,1,0.00045773,4.5517,0.73335
1.0001,1.0002,1.0019,1,0.0002702,6.3383,1.7348
1,1,1.0004,1,4.6937e-05,15.698,3.1212
1.0002,1.0004,1.0037,1,0.00055067,12.204,2.8665
1.0001,1.0002,1.0017,1,0.00021303,11.002,2.3463
1,1,1.0004,1,3.6182e-05,41.844,5.1551
1.0001,1.0001,1.0011,1,0.00012993,10.284,2.3179
1.0001,1.0001,1.0013,1,0.00019201,10.55,2.5813
1,1,1.0002,1,2.8374e-05,8.659,2.1021
1.0003,1.0006,1.0058,1,0.00068503,14.357,2.8461
1.0003,1.0006,1.0033,1,0.00050994,9.392,2.278
1.0001,1.0002,1.0022,1,0.00036127,11.606,2.8836
1.0001,1.0002,1.0024,1,0.00023169,25.481,3.8508
1.0002,1.0004,1.0041,1,0.00058076,17.546,3.6518
1.0008,1.0015,1.0122,1,0.0014496,21.64,3.78
1.0002,1.0003,1.0033,1,0.00030535,17.637,2.5501
1.0001,1.0002,1.0015,1,0.00019326,7.2296,1.8223
1.0001,1.0003,1.0016,1,0.00018349,8.2194,1.5518
1.0003,1.0006,1.0086,1,0.00095396,22.832,4.0798
1.0006,1.0012,1.0052,1,0.00078403,5.819,1.1037
1.0002,1.0003,1.0038,1,0.00050075,22.491,4.0519
1.0005,1.0009,1.0055,1,0.00071576,6.6054,1.4697
1.0001,1.0002,1.0027,1,0.00029934,14.946,3.0239
1,1,1.0002,1,2.945e-05,16.652,3.376
1.0002,1.0003,1.0052,1,0.00050408,29.377,4.374
1.0005,1.001,1.0042,1,0.00084435,3.6813,1.0431
1.0003,1.0005,1.0047,1,0.00078852,11.7,2.8769
1.0003,1.0006,1.0027,1,0.00030782,10.491,1.9235
1.0002,1.0003,1.001,1,0.00018414,3.8298,0.81061
1.0003,1.0005,1.0018,1,0.00033688,3.7008,0.78496
1.0001,1.0002,1.0039,1,0.00038775,19.395,3.4306
1.0003,1.0005,1.0019,1,0.00039381,2.9909,0.90811
1.0001,1.0002,1.0022,1,0.00029735,9.2928,2.1192
1.0001,1.0001,1.0009,1,0.00012267,7.9456,1.9978
1.0001,1.0003,1.0035,1,0.00027043,38.499,3.9777
1.0001,1.0002,1.0016,1,0.00024066,5.4083,1.5476
1.0006,1.0011,1.0048,1,0.00083886,5.3653,1.5062
1.0001,1.0002,1.0006,1,0.00013245,3.5124,1.0421
1.0001,1.0001,1.0018,1,0.00016373,23.887,3.3932
1.0003,1.0006,1.004,1,0.00062742,7.2279,1.8542
1.0001,1.0002,1.0021,1,0.00031759,9.9192,2.3686
1.0003,1.0006,1.0054,1,0.00062227,9.9595,2.0741
1.0003,1.0006,1.0047,1,0.00048611,20.408,3.3149
1.0001,1.0003,1.0018,1,0.00031525,5.2533,1.504
1.0001,1.0002,1.0011,1,0.00022528,4.241,1.4319
1.0003,1.0006,1.006,1,0.00074302,9.3657,2.2786
1,1,1.0006,1,6.4159e-05,17.426,3.2173
1.0002,1.0003,1.0012,1,0.00019802,3.2252,0.58249
1.0001,1.0003,1.0013,1,0.00019906,4.8928,1.2814
1,1.0001,1.0015,1,0.00014615,39.662,5.1905
1.0003,1.0007,1.0025,1,0.00049442,2.8506,0.68962
1.0002,1.0004,1.0014,1,0.00025512,2.9305,0.76074
1.0002,1.0004,1.0017,1,0.00026942,2.9002,0.52318
1.0003,1.0005,1.004,1,0.00053369,15.717,3.1241
1.0002,1.0005,1.003,1,0.00057283,8.601,2.3558
1,1,1.001,1,8.1063e-05,65.99,6.9254
1.0001,1.0001,1.0018,1,0.0002188,20.117,3.6263
1.0001,1.0002,1.0013,1,0.00017413,9.8186,2.3009
1.0004,1.0008,1.0066,1,0.0010521,13.236,2.8954
1,1,1.0005,1,4.7395e-05,30.183,4.5732
1.0001,1.0002,1.0017,1,0.00021118,10.961,2.5266
1.0001,1.0002,1.0013,1,0.00017858,8.4573,2.195
1.0001,1.0001,1.0005,1,9.8587e-05,4.7203,1.4628
1.0004,1.0007,1.0055,1,0.00083793,7.5159,2.042
1.0003,1.0005,1.0037,1,0.00053216,9.5866,2.3589
1.0004,1.0007,1.0027,1,0.00051312,2.9502,0.59132
1.0008,1.0016,1.006,1,0.0012277,3.2136,0.87075
1.0006,1.0011,1.0043,1,0.00067528,3.724,0.40626
1.0013,1.0026,1.0212,1,0.0020754,16.235,2.6102
1.0004,1.0007,1.0026,1,0.00037626,5.0207,1.2733
1.0004,1.0007,1.0048,1,0.00056951,7.362,1.5817
1.0003,1.0006,1.0025,1,0.00038857,4.4938,0.78286
1.0003,1.0006,1.0021,1,0.00026571,4.3428,0.87576
1.0002,1.0004,1.0031,1,0.00048264,7.1577,1.9052
1.0004,1.0008,1.0103,1,0.0013307,14.469,3.1274
1.0001,1.0001,1.001,1,0.00016193,7.7611,2.03
1,1.0001,1.0004,1,5.8477e-05,9.4781,2.0623
1.0001,1.0003,1.0018,1,0.00018553,10.202,1.8215
1.0003,1.0006,1.0041,1,0.00056928,10.259,2.1246
1.0006,1.0012,1.0083,1,0.0011661,8.4083,1.8295
1.0008,1.0015,1.0058,1,0.0010681,3.4258,0.7889
1.0005,1.001,1.0057,1,0.00065075,7.5198,1.2801
1.0005,1.001,1.0059,1,0.00086347,7.7046,1.783
1.0004,1.0007,1.0046,1,0.00081337,6.0862,1.8138
1.0002,1.0004,1.0027,1,0.00045319,5.7903,1.6929
1,1.0001,1.0003,1,5.8536e-05,4.3883,1.2986
1.0003,1.0007,1.0023,1,0.0004559,2.7843,0.6034
1.0004,1.0007,1.0047,1,0.00061601,11.411,2.4033
1.0007,1.0013,1.0058,1,0.00082357,5.3461,1.0399
1.0001,1.0001,1.0013,1,0.0002042,6.6171,2.0428
1.0005,1.0009,1.004,1,0.00080543,3.7331,1.1465
1.0006,1.0012,1.003,1,0.00060048,2.5631,-0.10276
1.0005,1.001,1.0041,1,0.00048656,8.2061,1.4126
1.0001,1.0001,1.0003,1,6.9587e-05,2.48,0.32018
1.0006,1.0011,1.0139,1,0.0016665,18.113,3.5887
1.0001,1.0001,1.0006,1,9.2971e-05,6.3392,1.6249
1.0021,1.0041,1.0205,1,0.0028531,6.738,1.2929
1.0007,1.0014,1.0034,1,0.00056587,3.2462,0.30436
1.0001,1.0002,1.0021,1,0.00018424,20.66,3.2489
1.0002,1.0004,1.0019,1,0.00031409,7.0604,1.7872
1.0008,1.0016,1.0077,1,0.0010923,5.828,1.1455
1.0003,1.0007,1.0027,1,0.0004041,4.0258,0.97565
1.0001,1.0002,1.0013,1,0.00015027,14.173,2.9999
1.0002,1.0003,1.0016,1,0.00017972,11.093,2.0605
1.0001,1.0002,1.0014,1,0.00023317,9.7007,2.4941
1.0009,1.0017,1.0052,1,0.0011158,2.0948,0.14436
1.001,1.0019,1.0095,1,0.0010679,5.9967,1.043
1.0008,1.0015,1.0051,1,0.00086051,3.2524,0.44051
1.0001,1.0003,1.0011,1,0.00018472,3.6457,0.7447
1.0004,1.0008,1.0028,1,0.00047543,2.2582,0.22623
1.0005,1.001,1.0064,1,0.001118,6.0215,1.7706
1.0007,1.0013,1.006,1,0.0011713,3.8935,1.2206
1,1.0001,1.0011,1,0.00014613,15.085,3.3516
1.0006,1.0011,1.0052,1,0.00082035,6.2565,1.5222
1.0001,1.0002,1.0011,1,0.00022001,4.3008,1.3722
1,1.0001,1.0018,1,0.00012225,50.724,4.9718
1.001,1.002,1.0062,1,0.00087944,5.6437,0.39728
1.0003,1.0006,1.0049,1,0.0007361,10.073,2.5972
1.0001,1.0003,1.002,1,0.0002813,8.9456,2.18
1,1.0001,1.0017,1,0.00013358,46.838,5.6031
1.0005,1.001,1.0037,1,0.00081764,2.1855,0.49672
1.0002,1.0005,1.0014,1,0.00026207,3.0248,0.38264
1.0005,1.0009,1.0047,1,0.0007109,4.3123,1.0602
1.0001,1.0002,1.0017,1,0.00019329,10.609,2.1525
1.0006,1.0011,1.0028,1,0.00054693,2.7896,-0.39766
1.0008,1.0015,1.0107,1,0.0010025,13.436,1.8125
1.0005,1.0009,1.0028,1,0.00051561,2.8166,0.1752
1.0005,1.0009,1.0063,1,0.00095567,9.0818,2.2072
1.0003,1.0007,1.0102,1,0.0012042,26.61,4.4623
1.0001,1.0003,1.0018,1,0.0002525,9.5632,2.1514
1.0002,1.0004,1.005,1,0.00059331,16.658,3.3677
1.0009,1.0016,1.0071,1,0.0010396,6.2699,1.1407
1.0003,1.0007,1.0061,1,0.00094394,12.351,2.8642
1.0006,1.0011,1.0044,1,0.00062868,6.196,0.93465
1.0009,1.0017,1.0079,1,0.0012301,5.1151,1.2008
1.0004,1.0007,1.0054,1,0.00095463,10.258,2.7036
1.0005,1.001,1.0041,1,0.00058481,3.7519,0.48972
1.0001,1.0002,1.0014,1,0.00016262,7.6724,1.615
1.0013,1.0025,1.0201,1,0.0024816,19.059,3.5628
1.0005,1.001,1.0074,1,0.0013201,9.0309,2.4381
1.0005,1.001,1.005,1,0.00070556,5.6511,1.3144
1.0002,1.0005,1.0022,1,0.00026671,5.7825,1.2143
1.0003,1.0006,1.0016,1,0.00030217,2.7736,0.015132
1.0003,1.0005,1.0019,1,0.00027549,5.3407,1.2816
1.0002,1.0003,1.0035,1,0.00032672,20.216,3.2682
1.0003,1.0007,1.0026,1,0.00044295,4.2398,0.73032
1.0003,1.0006,1.004,1,0.00062461,9.7514,2.3832
1.0001,1.0002,1.0012,1,0.00019424,5.2627,1.4848
1.0002,1.0003,1.0015,1,0.00019122,8.7964,1.6911
1,1,1.0001,1,9.7089e-06,8.4051,2.1556
1.0008,1.0015,1.0044,1,0.00091226,2.7487,0.31269
1.0001,1.0002,1.0009,1,0.00012524,6.0371,1.4371
1.0004,1.0008,1.0036,1,0.00062658,3.7954,0.92949
1.0005,1.001,1.0037,1,0.00065376,3.5375,0.56658
1.0008,1.0016,1.0096,1,0.0013615,8.5381,2.0039
1.0008,1.0015,1.0055,1,0.0010513,2.9055,0.55423
1.0003,1.0007,1.0045,1,0.00053254,6.7282,1.382
1.0005,1.0009,1.0067,1,0.00073747,12.737,2.0897
1.0011,1.0021,1.0111,1,0.0014672,9.9749,1.9531
1.0001,1.0002,1.002,1,0.00033032,10.265,2.6786
1.0008,1.0015,1.0103,1,0.0011188,21.024,3.3137
1.0004,1.0007,1.0025,1,0.00038593,3.4221,0.37836
1.0001,1.0003,1.0007,1,0.00012092,3.0032,0.52954
1.0003,1.0006,1.0016,1,0.00028591,3.1543,0.070844
1.0002,1.0003,1.0012,1,0.00012813,9.7377,1.4241
1.0001,1.0002,1.0014,1,0.00015525,13.281,2.3547
1,1.0001,1.0005,1,9.3851e-05,6.1417,1.7446
1,1.0001,1.001,1,0.00010946,16.961,3.0702
1.0005,1.001,1.0038,1,0.0006367,4.0574,0.71491
1.0001,1.0001,1.0005,1,9.6338e-05,2.9122,0.44369
1.0005,1.001,1.0043,1,0.00066333,4.4133,0.77107
1.0002,1.0003,1.0039,1,0.00047861,16.415,3.199
1.0007,1.0013,1.0053,1,0.00081568,4.7227,0.71092
1.0007,1.0013,1.0104,1,0.00093416,19.128,2.4641
1.0001,1.0003,1.0028,1,0.00034292,11.266,2.5571
1.0001,1.0002,1.0038,1,0.00028808,45.409,4.9133
1.0005,1.0009,1.0038,1,0.00066208,4.4947,0.93057
1.0003,1.0006,1.0039,1,0.00052545,7.392,1.5764
1.0003,1.0006,1.0038,1,0.00035249,14.218,2.2377
1.0001,1.0001,1.0048,1,0.00026793,181.08,11.971
1,1.0001,1.0011,1,6.9132e-05,84.228,7.3951
1.0004,1.0007,1.0033,1,0.00036312,8.6933,1.4302
1,1.0001,1.0004,1,5.7995e-05,4.4515,0.81915
1.0001,1.0003,1.0011,1,0.00022578,2.7966,0.40397
1.0002,1.0003,1.0019,1,0.0003837,4.9453,1.5413
1.0004,1.0007,1.0094,1,0.0010282,17.586,3.1566
1.0015,1.0029,1.0084,1,0.0017887,2.6022,0.30478
1.0008,1.0014,1.0113,1,0.0014916,8.7866,2.1196
1.0006,1.0011,1.003,1,0.00050441,2.8845,0.10782
1.0003,1.0005,1.0124,1,0.00081142,67.248,6.3811
1.0002,1.0004,1.0024,1,0.00034185,7.8492,1.9331
1.0004,1.0007,1.0078,1,0.00087312,27.072,4.2687
1.0003,1.0006,1.0018,1,0.00029718,2.5809,0.39789
1.0002,1.0004,1.0025,1,0.00041351,7.5819,2.0528
1.0001,1.0002,1.0014,1,0.0001904,8.4766,2.0233
1.0001,1.0002,1.0019,1,0.00020641,19.893,3.3806
1.0005,1.0009,1.0043,1,0.0006077,7.3119,1.4752
1.0001,1.0003,1.0034,1,0.00039323,12.113,2.6283
1.0002,1.0003,1.0018,1,0.00028376,5.083,1.2269
1.0005,1.0009,1.0058,1,0.00096559,6.9711,1.8916
1.0002,1.0003,1.0016,1,0.00027725,5.2608,1.486
1.0006,1.0011,1.0145,1,0.0012225,35.122,4.6835
1.0002,1.0003,1.0017,1,0.00027484,4.5022,1.0764
1.0002,1.0003,1.0012,1,0.00017975,4.4759,0.74402
1.0012,1.0024,1.0071,1,0.0012374,4.0447,0.657
1.0005,1.001,1.0024,1,0.00039391,3.7526,-0.25889
1.0001,1.0002,1.0024,1,0.00024468,25.245,4.2205
1.0009,1.0018,1.0044,1,0.00079249,3.6989,0.45143
1.0001,1.0001,1.0007,1,0.00010805,8.8481,2.1004
1.0001,1.0003,1.0053,1,0.00040413,44.017,5.1686
1.0005,1.0009,1.0083,1,0.0010276,11.717,2.6083
1.0005,1.001,1.0029,1,0.00048653,2.8961,0.30804
1.0002,1.0004,1.0047,1,0.00052166,22.141,3.9072
1.0002,1.0004,1.0034,1,0.00047119,7.2204,1.898
1.0001,1.0002,1.0007,1,0.0001216,3.5162,0.64931
1.0005,1.001,1.0054,1,0.00070488,8.1404,1.7053
1.0002,1.0004,1.0037,1,0.00061388,11.62,2.8823
1.0005,1.001,1.0039,1,0.0005563,3.7811,0.43779
1.0004,1.0007,1.0021,1,0.0003769,3.4475,0.37683
1.0001,1.0001,1.0013,1,0.00014743,9.0395,1.8545
1.0001,1.0001,1.0009,1,9.8569e-05,15.648,2.7691
1.0002,1.0003,1.0035,1,0.00061208,11.567,2.9158
1.0007,1.0013,1.0139,1,0.0012104,32.19,4.0812
1.0002,1.0003,1.0017,1,0.00024502,5.7714,1.5432
1.0001,1.0002,1.0023,1,0.00024984,11.637,2.464
1,1.0001,1.0006,1,9.8518e-05,12.675,2.8957
1,1.0001,1.0006,1,9.5881e-05,9.4943,2.6266
1.0002,1.0004,1.0015,1,0.0002325,3.6335,0.70594
1.0002,1.0003,1.0025,1,0.0003285,12.107,2.7435
1.0003,1.0006,1.0023,1,0.00027111,6.1028,0.71789
1.0003,1.0006,1.0037,1,0.00040638,10.28,1.5206
1.0002,1.0003,1.0017,1,0.00022844,7.6004,1.803
1.0003,1.0005,1.0015,1,0.00018788,4.8557,0.017468
1.0003,1.0005,1.0021,1,0.00033772,4.0442,0.7719
1,1.0001,1.0007,1,7.2027e-05,12.445,2.1534
1.0004,1.0008,1.0027,1,0.00045294,3.3474,0.53791
1.0005,1.001,1.007,1,0.0010979,8.5027,2.197
1.0002,1.0003,1.0026,1,0.00034695,13.139,2.49
1.0003,1.0005,1.0076,1,0.00060465,38.75,4.6336
1,1,1.0009,1,4.2754e-05,178.99,11.098
1.0001,1.0002,1.0014,1,0.00021925,10.582,2.468
1.0003,1.0005,1.0025,1,0.0004984,5.3745,1.7429
1.0005,1.0009,1.0057,1,0.00085275,7.9328,1.9747
1.0003,1.0005,1.0025,1,0.00050639,3.8395,1.2782
1.0002,1.0004,1.0047,1,0.00043066,36.99,4.7375
1.0008,1.0016,1.0039,1,0.00052971,5.4429,-0.047212
1.0003,1.0006,1.0046,1,0.00055042,10.882,1.9715
1.0005,1.001,1.0086,1,0.0012124,9.9543,2.4213
1.0002,1.0003,1.0031,1,0.00040565,14.027,3.0445
1.0002,1.0004,1.0021,1,0.00044154,5.4517,1.6718
1.0003,1.0006,1.0051,1,0.00056311,18.378,3.0319
1.0002,1.0003,1.0018,1,0.00028775,7.8788,1.919
1.0002,1.0003,1.0034,1,0.00049252,14.001,3.1794
1.0003,1.0005,1.0017,1,0.00032753,2.2538,0.37466
1.0003,1.0005,1.0017,1,0.00034856,2.408,0.53436
1.0001,1.0002,1.0007,1,0.00011756,3.5745,0.8316
1.0002,1.0004,1.0011,1,0.00016694,3.8519,0.25174
1.0003,1.0006,1.0036,1,0.00057849,7.6845,1.9451
1.0004,1.0007,1.0035,1,0.00068262,3.6409,1.0035
1.001,1.002,1.0087,1,0.0013092,5.4065,1.1084
1.0002,1.0004,1.0015,1,0.00025188,3.5458,0.56428
1.0001,1.0001,1.0005,1,7.8046e-05,4.3122,0.84277
1.0003,1.0006,1.0021,1,0.00027935,5.5495,0.8303
1.0003,1.0005,1.0029,1,0.00056401,5.1161,1.7487
1.0002,1.0004,1.0018,1,0.00022736,8.4221,1.6631
1.0005,1.001,1.0044,1,0.00055413,11.149,1.8285
1.0007,1.0013,1.0042,1,0.0006714,3.7473,0.20365
1.0001,1.0002,1.0014,1,0.00025995,11.629,2.9686
1.0002,1.0004,1.0021,1,0.00023321,12.41,2.2367
1.0002,1.0004,1.0016,1,0.00027476,4.7443,1.2169
1.0001,1.0003,1.002,1,0.00027922,9.822,2.2699
1.0001,1.0002,1.0008,1,0.00012188,5.2381,1.2059
1.0002,1.0004,1.0018,1,0.00025365,4.9129,1.2249
1.0001,1.0003,1.0017,1,0.00030531,10.234,2.636
1.0005,1.0009,1.0034,1,0.00052649,5.0215,1.1391
1.0002,1.0004,1.0013,1,0.00024506,3.073,0.5998
1.0003,1.0005,1.0029,1,0.00044244,6.433,1.6423
1.0001,1.0002,1.004,1,0.00057688,19.092,3.9359
1.0002,1.0003,1.0029,1,0.00047757,10.245,2.5516
1.0004,1.0007,1.0036,1,0.0004832,5.421,1.5037
1.0001,1.0003,1.0008,1,0.00011117,5.9462,0.59489
1.0004,1.0007,1.0028,1,0.0003695,4.4258,0.33812
1.0003,1.0007,1.0022,1,0.00033443,3.8182,0.72366
1.0002,1.0004,1.0012,1,0.00019803,3.5586,0.67096
1.0002,1.0003,1.0031,1,0.00040217,9.9319,2.1987
1.0004,1.0007,1.0033,1,0.00049577,3.8025,0.95781
1.0003,1.0006,1.0019,1,0.00037558,3.1929,0.73842
1.0001,1.0003,1.0011,1,0.0001254,5.5237,0.77305
1.0001,1.0001,1.0009,1,0.00014944,9.8836,2.5527
1.0007,1.0013,1.0053,1,0.0010405,3.1862,0.72063
1.0001,1.0001,1.002,1,0.00028661,13.951,3.1676
1.0001,1.0002,1.0015,1,0.00028377,7.1676,2.0614
1.0002,1.0004,1.0034,1,0.00036216,19.027,3.3093
1.0002,1.0003,1.0019,1,0.00032348,4.5301,1.344
1.0003,1.0005,1.0069,1,0.00098677,19.058,3.9196
1.0006,1.0012,1.0186,1,0.0018589,23.375,3.8528
1,1.0001,1.0006,1,8.8328e-05,14.719,3.2578
1.0001,1.0002,1.003,1,0.00037938,21.934,4.1255
1.0001,1.0002,1.0027,1,0.00025927,36.326,4.7769
1,1,1.0002,1,1.9791e-05,9.388,1.842
1.0001,1.0002,1.004,1,0.00040522,35.339,5.062
1,1,1,1,5.0145e-06,4.4487,1.1843
1,1,1.0004,1,3.2641e-05,49.087,6.067
1.0001,1.0002,1.0014,1,0.00027501,3.9431,1.3559
1.0001,1.0002,1.0021,1,0.00022827,17.519,3.0917
1,1.0001,1.0014,1,0.00014021,25.913,4.2741
1.0001,1.0002,1.0018,1,0.00027225,8.9272,2.2983
1,1,1.0001,1,1.8544e-05,3.9033,1.017
1,1,1.0002,1,4.0322e-05,10.289,2.6219
1.0001,1.0002,1.0011,1,0.00021157,4.5296,1.5317
1.0001,1.0001,1.0008,1,0.00010775,9.3845,2.2612
1,1.0001,1.001,1,0.0001445,10.996,2.6541
1,1,1.0001,1,1.4538e-05,3.8161,0.58323
1,1,1.0006,1,5.7196e-05,39.885,5.0398
1,1,1.0008,1,7.5023e-05,52.484,6.2276
1,1.0001,1.0005,1,0.00010217,7.3182,2.1989
1,1.0001,1.0007,1,9.2974e-05,14.647,3.0181
1,1.0001,1.0034,1,0.0002258,148.07,11.569
1,1,1.0002,1,1.497e-05,151.82,11.128
1.0001,1.0002,1.0027,1,0.00027821,25.85,4.1551
1,1,1.0003,1,2.9531e-05,34.872,4.9672
1.0002,1.0004,1.004,1,0.00051551,15.763,3.3621
1,1.0001,1.0015,1,0.0001398,37.576,4.9716
1,1,1.0003,1,4.448e-05,7.0312,1.8174
1.0001,1.0002,1.0029,1,0.00024292,36.91,4.7705
1,1,1.0006,1,8.3302e-05,17.028,3.5171
1,1.0001,1.0014,1,0.00012544,37.647,4.862
1.0001,1.0001,1.002,1,0.00021216,23.187,3.9582
1,1,1.0006,1,9.6538e-05,15.585,3.4849
1,1.0001,1.001,1,0.00011061,21.436,3.8564
1,1.0001,1.0038,1,0.00040957,61.128,7.5619
1,1,1.0002,1,2.1682e-05,7.1487,1.8146
1,1.0001,1.0014,1,0.00013485,39.877,5.3086
1,1,1,1,3.4591e-06,21.956,3.9061
1,1,1.0008,1,7.9553e-05,34.222,4.8178
1.0002,1.0003,1.0025,1,0.00034699,9.7742,2.323
1.0001,1.0002,1.0044,1,0.00058454,22.776,4.2812
1.0001,1.0002,1.0063,1,0.00056118,56.224,6.8727
1,1.0001,1.0007,1,8.4124e-05,13.757,2.7161
1.0001,1.0001,1.0022,1,0.00017469,32.715,4.2296
1.0001,1.0002,1.0019,1,0.00028572,13.115,3.1734
1,1.0001,1.0012,1,0.00013189,19.4,3.3331
1.0001,1.0002,1.0022,1,0.00029352,14.362,3.0392
1,1,1,1,1.815e-06,10.629,2.5144
1,1,1.0002,1,1.4438e-05,25.806,3.7054
1,1,1.0012,1,0.00010686,43.066,5.6149
1,1,1.0001,1,9.6151e-06,53.318,6.515
1,1,1.0003,1,4.0237e-05,17.06,3.1723
1,1,1.0002,1,2.6954e-05,10.131,2.0654
1,1,1.0015,1,7.424e-05,210.29,13.147
1,1,1.0008,1,4.8545e-05,135.61,9.9522
1.0002,1.0005,1.0066,1,0.00082318,24.653,4.2788
1.0001,1.0001,1.0004,1,6.0935e-05,4.2106,0.73607
1.0001,1.0001,1.001,1,0.00016762,8.3725,2.1752
1,1,1.0002,1,3.0031e-05,23.439,4.1746
1,1.0001,1.0035,1,0.00023826,75.982,7.4157
1,1.0001,1.0018,1,0.00016705,33.653,4.6839
1,1.0001,1.001,1,0.00012568,10.353,2.43
1,1.0001,1.0018,1,0.00017724,51.47,6.4458
1.0003,1.0005,1.0016,1,0.00023677,3.8057,-0.12533
1.0001,1.0003,1.0042,1,0.00036652,25.498,3.4527
1,1,1,1,3.0338e-06,3.9641,0.90417
1,1.0001,1.0048,1,0.00021928,229.11,13.052
1,1,1.0003,1,5.3572e-05,7.7005,2.1424
1,1.0001,1.0013,1,0.00010376,35.174,4.4294
1,1,1.0005,1,4.7231e-05,26.03,4.1446
1,1,1.0021,1,0.00010735,222.93,13.225
1.0001,1.0001,1.0009,1,0.00015245,4.6196,1.3528
1,1.0001,1.0018,1,0.00015736,56.751,6.8809
1.0001,1.0001,1.0015,1,0.00023543,18.307,3.757
1.0001,1.0002,1.0015,1,0.00025049,7.263,2.061
1,1.0001,1.0013,1,0.00013321,16.882,3.2221
1.0001,1.0002,1.0012,1,0.00021917,5.5965,1.5365
1.0001,1.0002,1.0024,1,0.00040529,11.018,2.7597
1,1,1.0011,1,0.00010833,42.708,5.6842
1,1,1.0001,1,2.103e-05,6.1132,1.7967
1,1.0001,1.0005,1,0.00011175,5.01,1.7122
1,1,1.0006,1,4.9846e-05,46.235,5.404
1.0002,1.0004,1.0065,1,0.00069258,32.843,4.8879
1,1.0001,1.0014,1,0.0001533,21.11,3.5992
1,1.0001,1.0011,1,0.00010452,23.585,3.8442
1,1.0001,1.0003,1,5.691e-05,5.2844,1.6063
1,1.0001,1.0005,1,8.8055e-05,9.3616,2.4724
1,1.0001,1.001,1,0.00011987,12.366,2.5755
1,1,1,1,8.2175e-06,5.0276,1.6539
1.0001,1.0001,1.0026,1,0.00019043,51.715,5.7912
1,1,1.0002,1,2.3543e-05,23.895,3.8012
1,1,1.0006,1,6.2095e-05,22.438,3.6468
1,1,1.0002,1,3.9174e-05,7.983,2.227
1.0001,1.0001,1.0017,1,0.00016726,35.276,4.7787
1,1,1.0007,1,7.6024e-05,24.263,4.0459
1,1.0001,1.0002,1,5.9689e-05,2.5243,0.93036
1,1,1.0001,1,4.4573e-06,97.397,8.9194
1.0001,1.0003,1.0031,1,0.00034914,17.525,3.1877
1,1,1,1,3.0723e-06,29.576,4.8751
1.0001,1.0002,1.0019,1,0.00021414,15.512,2.8279
1,1,1.0003,1,3.2352e-05,39.92,5.5332
1,1,1.0003,1,1.6716e-05,144.07,10.14
1,1,1.0004,1,4.8417e-05,30.252,4.6208
1,1.0001,1.0008,1,0.0001137,12.402,2.9071
1.0001,1.0001,1.0026,1,0.00026779,33.632,5.0718
1.0001,1.0002,1.0021,1,0.00030403,12.056,2.8713
1.0001,1.0002,1.0017,1,0.0002702,7.9993,2.0512
1.0001,1.0001,1.0005,1,0.00013493,2.6188,0.90186
1,1,1.0007,1,7.1272e-05,32.827,4.6966
1,1,1.0009,1,8.3259e-05,57.354,6.5233
1.0002,1.0003,1.004,1,0.00050709,19.689,3.7947
1.0001,1.0002,1.0033,1,0.00030999,28.581,3.9651
1.0001,1.0003,1.002,1,0.00033851,5.0777,1.6157
1.0001,1.0002,1.0021,1,0.00031102,16.015,3.444
1.0002,1.0004,1.0036,1,0.0004988,10.602,2.5029
1.0002,1.0004,1.0033,1,0.00053335,6.9503,1.9906
1.0001,1.0001,1.0013,1,0.00014877,13.491,2.6281
1,1,1.0007,1,8.0299e-05,24.991,4.3855
1,1,1.0003,1,5.0641e-05,10.527,2.7423
1,1,1.0012,1,8.7577e-05,55.885,6.0531
1.0001,1.0001,1.0008,1,0.00013769,8.1307,2.1755
1.0001,1.0002,1.0013,1,0.00023533,4.4376,1.3436
1.0001,1.0002,1.0011,1,0.00021756,4.3412,1.3226
1,1.0001,1.001,1,0.00011567,13.089,2.6958
1,1,1.0002,1,1.6697e-05,32.725,4.8965
1,1,1.0006,1,6.7647e-05,21.379,3.8172
1.0002,1.0003,1.0022,1,0.00035497,5.2014,1.5034
1.0001,1.0001,1.0023,1,0.0002827,18.772,3.6221
1.0001,1.0001,1.0008,1,8.9273e-05,13.44,2.4631
1.0001,1.0001,1.0024,1,0.00025827,28.755,4.5574
1.0001,1.0002,1.0014,1,0.00023888,5.619,1.6951
1.0001,1.0002,1.0035,1,0.0002724,66.175,7.0776
1,1,1.0003,1,5.3074e-05,5.6863,1.7985
1.0001,1.0001,1.001,1,0.00012102,10.296,2.1188
1,1.0001,1.0007,1,0.00011315,8.2269,2.1191
1,1,1.0018,1,0.00016569,73.03,7.8221
1.0001,1.0002,1.0021,1,0.00021244,18.407,2.9831
1.0001,1.0002,1.0028,1,0.00032128,16.989,3.242
1.0001,1.0002,1.005,1,0.00044875,32.819,4.5283
1,1.0001,1.0026,1,0.00021209,78.12,7.8799
1,1,1.0003,1,2.6085e-05,28.652,4.529
1,1.0001,1.0067,1,0.00037251,154.42,10.88
1,1.0001,1.0018,1,0.00018288,30.223,4.9163
1,1,1.0008,1,6.0818e-05,48.514,5.5149
1.0001,1.0002,1.0013,1,0.00021408,10.247,2.4676
1,1,1.0006,1,6.0282e-05,34.162,5.0125
1.0001,1.0001,1.0012,1,0.00019395,12.728,2.9777
1,1,1.0007,1,6.9944e-05,32.7,4.8911
1,1.0001,1.0007,1,9.5761e-05,12.746,2.935
1.0001,1.0002,1.0016,1,0.00027627,5.9172,1.6734
1,1,1.0003,1,2.6725e-05,29.463,3.8089
1,1,1.0012,1,0.0001138,48.499,5.9711
1,1.0001,1.0007,1,8.7034e-05,15.866,3.2274
1,1.0001,1.0009,1,0.00010219,10.93,2.4733
1,1,1.0008,1,0.00010218,22.945,4.2216
1,1.0001,1.0076,1,0.00035237,289.85,15.812
1,1.0001,1.0013,1,0.00011422,45.862,5.7185
1,1.0001,1.0014,1,0.00014417,19.794,3.4708
1,1,1.0005,1,4.6671e-05,30.782,4.4082
1,1.0001,1.0008,1,8.4589e-05,18.563,3.4338
1.0002,1.0003,1.0032,1,0.00035609,16.125,2.8596
1,1,1.0002,1,2.1116e-05,15.022,3.2554
1.0001,1.0001,1.0027,1,0.0003522,20.748,4.0157
1,1.0001,1.0013,1,0.00012955,38.524,4.8637
1,1,1.0004,1,3.1584e-05,28.044,3.802
1,1,1.0004,1,3.4209e-05,45.244,4.9623
1,1,1.0006,1,8.1252e-05,17.003,3.5799
1,1.0001,1.0016,1,0.00013888,64.022,7.0853
1,1,1.0004,1,2.9749e-05,41.728,5.3297
1.0001,1.0001,1.0015,1,0.00030197,9.5568,2.7098
1,1.0001,1.0009,1,0.00011386,25.112,4.2323
1.0001,1.0003,1.0031,1,0.00027327,24.963,3.1813
1,1.0001,1.0006,1,6.4133e-05,14.205,2.6564
1.0001,1.0001,1.0014,1,0.00016425,11.63,2.5243
1,1,1.0004,1,8.652e-05,10.036,2.7257
1.0002,1.0003,1.003,1,0.0004271,6.7614,1.7832
1.0001,1.0002,1.002,1,0.00028976,12.357,2.9105
1,1.0001,1.0018,1,0.0001786,37.655,5.4247
1,1,1.0002,1,2.3009e-05,13.456,2.6018
1,1.0001,1.0004,1,7.3392e-05,6.8201,1.9063
1,1,1.0004,1,6.3178e-05,11.687,2.7778
1,1,1.0002,1,2.1949e-05,11.428,2.3779
1.0001,1.0001,1.0024,1,0.00025853,23.278,4.1852
1.0003,1.0006,1.0041,1,0.0007131,6.1666,1.8234
1,1.0001,1.003,1,0.00019703,95.08,8.0893
1.0001,1.0001,1.0015,1,0.00018703,15.133,3.0625
1,1,1.0008,1,0.0001124,18.948,3.7028
1.0002,1.0003,1.0027,1,0.00044443,10.355,2.5506
1.0002,1.0003,1.004,1,0.00050102,22.279,4.0495
1,1,1.0002,1,3.4072e-05,2.8945,0.79831
1,1.0001,1.0006,1,0.00011482,9.7009,2.5589
1,1,1.0005,1,6.9865e-05,10.471,2.5843
1,1.0001,1.0007,1,8.1013e-05,16.407,3.0594
1,1,1.0001,1,2.705e-05,5.6873,1.745
1.0001,1.0001,1.0011,1,0.00017226,13.024,2.9933
1,1,1.0006,1,7.6014e-05,18.964,3.4729
1,1,1.0004,1,5.8405e-05,13.592,3.2341
1,1,1.0003,1,2.9156e-05,45.899,5.3506
1,1.0001,1.0003,1,7.7788e-05,2.9773,1.0707
1.0001,1.0001,1.0011,1,0.000176,10.412,2.6556
1,1,1.0004,1,5.3001e-05,13.691,2.9163
1.0001,1.0001,1.0031,1,0.00020492,68.185,6.5107
1,1.0001,1.0008,1,0.00013531,9.2897,2.4332
1.0002,1.0004,1.003,1,0.00048076,9.1437,2.3471
1.0001,1.0002,1.0026,1,0.00026706,30.184,4.3652
1.0002,1.0004,1.0055,1,0.00069222,21.458,4.0656
1,1.0001,1.0008,1,0.00010644,9.7231,2.3204
1.0001,1.0001,1.0041,1,0.00043368,29.208,4.6469
1.0001,1.0001,1.0009,1,0.00014479,9.2762,2.3353
1.0004,1.0007,1.0066,1,0.00074948,16.661,2.8762
1,1.0001,1.0019,1,0.00019805,35.789,5.4258
1.0001,1.0003,1.003,1,0.00040979,10.694,2.6032
1,1.0001,1.0013,1,0.00010895,45.217,5.3364
1.0001,1.0001,1.0008,1,0.00012619,9.1463,2.2424
1,1.0001,1.0009,1,0.00010985,8.3048,2.017
1,1.0001,1.002,1,0.00017839,29.693,4.4388
1,1,1.0006,1,7.4462e-05,17.515,3.5534
1,1.0001,1.0008,1,0.00011508,13.542,3.0867
1.0002,1.0004,1.0042,1,0.000496,9.4832,2.0453
1,1,1.0001,1,6.0239e-06,27.043,4.3577
1.0002,1.0004,1.0036,1,0.00056611,10.888,2.6044
1.0001,1.0001,1.0015,1,0.00021628,10.353,2.5746
1,1.0001,1.0059,1,0.00033584,184.99,12.79
1.0002,1.0003,1.0039,1,0.00052499,19.01,3.6209
1.0001,1.0001,1.0008,1,0.0001373,4.7027,1.4813
1,1,1.0003,1,4.3285e-05,13.233,2.9726
1,1,1.0009,1,5.3836e-05,115.62,8.9998
1,1,1,1,6.9496e-06,5.0403,1.5153
1,1,1.0001,1,8.0064e-06,65.15,6.7161
1.0001,1.0001,1.0008,1,0.00012384,5.0816,1.4701
1,1,1.0003,1,3.782e-05,21.556,3.919
1.0001,1.0001,1.0009,1,0.00015013,6.385,1.7333
1,1,1.0002,1,3.4859e-05,4.4933,1.2473
1,1.0001,1.0006,1,6.8665e-05,13.009,2.6124
1.0002,1.0004,1.0033,1,0.00045675,7.5881,1.916
1,1,1.0001,1,8.9798e-06,21.456,3.5401
1.0001,1.0001,1.0006,1,0.00010031,4.5699,1.2186
1.0003,1.0005,1.0042,1,0.00059939,7.8041,1.9331
1,1,1.0002,1,3.2219e-05,6.9188,1.7125
1.0001,1.0001,1.0021,1,0.00021161,19.936,3.4531
1.0001,1.0002,1.0013,1,0.00020186,8.9409,2.1187
1.0001,1.0002,1.001,1,0.00020451,3.4934,1.2913
1.0002,1.0005,1.0119,1,0.00096164,45.386,5.5878
1.0001,1.0001,1.0022,1,0.00019392,31.475,4.5239
1.0001,1.0001,1.0011,1,0.00014244,15.412,3.1296
1,1,1,1,5.927e-06,17.711,3.5227
1,1,1,1,2.6255e-06,18.92,3.7344
1,1,1.0006,1,6.8393e-05,20.007,3.4847
1,1.0001,1.001,1,0.00013861,15.902,3.2262
1,1.0001,1.0011,1,0.00011665,30.121,4.5126
1.0001,1.0002,1.0025,1,0.0003024,12.985,2.7493
1,1,1,1,8.3544e-07,4.2013,0.80238
1,1,1.0005,1,4.9763e-05,42.616,5.6276
1.0001,1.0001,1.0022,1,0.00023183,32.026,4.6784
1,1,1.0001,1,8.7319e-06,17.903,3.2031
1.0001,1.0003,1.0018,1,0.00030774,7.7741,2.1124
1.0001,1.0001,1.0011,1,0.00013164,12.822,2.6383
1.0001,1.0002,1.0014,1,0.0001973,9.3126,2.3199
1,1.0001,1.0005,1,9.1869e-05,3.9769,1.211
1.0001,1.0001,1.0014,1,0.00020104,17.677,3.6802
1.0002,1.0005,1.0034,1,0.00048739,8.5232,2.1026
1,1,1.0012,1,0.00010567,66.991,7.4944
1,1,1.0004,1,5.3882e-05,9.3615,2.1774
1,1,1.0008,1,8.2542e-05,26.453,4.0816
1,1,1.0001,1,2.012e-05,7.393,1.4316
1.0001,1.0002,1.0051,1,0.00053152,24.191,4.2371
1,1.0001,1.0005,1,6.9496e-05,8.097,2.0729
1.0001,1.0001,1.0032,1,0.00023182,65.165,6.4601
1,1,1.0002,1,3.0344e-05,10.671,2.4602
1,1.0001,1.0017,1,0.0001682,40.951,5.4087
1,1,1.0003,1,5.3426e-05,5.5777,1.6147
1,1,1,1,3.249e-06,66.194,7.0635
1,1.0001,1.0007,1,0.00010905,10.286,2.6673
1.0001,1.0002,1.0021,1,0.00026115,17.183,3.1968
1.0003,1.0005,1.007,1,0.00050093,42.014,4.2398
1,1,1.0001,1,8.025e-06,31.08,4.5271
1.0001,1.0001,1.0008,1,0.00011123,11.433,2.4401
1.0001,1.0001,1.0005,1,0.00012733,3.2078,1.1629
1,1,1.0003,1,3.2311e-05,33.169,4.796
1.0002,1.0003,1.0042,1,0.00047408,17.832,3.2787
1,1,1.0009,1,9.3506e-05,56.991,6.9655
1.0001,1.0001,1.0037,1,0.00033892,38.595,5.3798
1.0001,1.0001,1.0011,1,0.00012541,13.86,2.8485
1,1,1.0007,1,6.5038e-05,27.053,3.9819
1,1,1.0004,1,4.7813e-05,14.597,2.8287
1.0001,1.0001,1.0008,1,0.00015343,5.5287,1.6466
1,1,1,1,4.2848e-06,21.506,3.5621
1,1.0001,1.0013,1,0.00013215,28.44,4.3767
1,1,1.0002,1,3.848e-05,8.8514,2.3422
1,1.0001,1.0004,1,7.3961e-05,5.3454,1.5488
1.0001,1.0002,1.0017,1,0.00027,7.2743,1.9676
1.0003,1.0005,1.0061,1,0.00069214,16.239,3.1574
1,1.0001,1.0013,1,0.00013249,25.077,3.8824
1,1.0001,1.0023,1,0.00022247,45.329,5.9029
1,1,1,1,4.0042e-07,5.8758,1.5868
1,1,1.0005,1,5.1057e-05,19.166,3.1904
1,1,1.0008,1,4.0628e-05,135.73,9.7344
1.0001,1.0001,1.0011,1,0.00015264,6.212,1.6625
1,1.0001,1.0007,1,9.0356e-05,13.005,2.7632
1,1.0001,1.0006,1,8.8172e-05,9.5581,2.3972
1.0005,1.0009,1.0061,1,0.0011118,6.2797,1.8546
1,1,1.0003,1,2.2054e-05,55.856,5.9567
1.0002,1.0004,1.0059,1,0.00059454,22.802,3.9551
1,1,1.0003,1,3.9791e-05,10.813,2.4432
1.0002,1.0003,1.002,1,0.0002873,8.5073,2.0537
1,1,1.0005,1,6.7659e-05,9.5457,2.4141
1,1.0001,1.0006,1,9.2676e-05,8.0879,1.9234
1.0001,1.0002,1.0015,1,0.00023878,8.2221,2.1762
1,1,1.0002,1,2.1979e-05,18.719,3.2967
1.0001,1.0001,1.0011,1,0.00019137,7.9234,2.107
1,1.0001,1.0017,1,0.00016057,34.287,4.7084
1.0001,1.0001,1.0014,1,0.00017508,14.103,2.833
1,1,1.0007,1,7.6781e-05,14.793,2.8744
1,1,1.0002,1,3.5778e-05,3.8447,1.1241
1,1,1.0009,1,8.6945e-05,32.295,4.9414
1,1.0001,1.0006,1,8.6394e-05,5.7646,1.4984
1,1.0001,1.0014,1,0.00013554,26.335,4.1232
1,1,1.0001,1,1.0353e-05,13.005,3.0125
1,1,1.0001,1,2.4551e-05,4.1183,1.5394
1.0001,1.0002,1.0044,1,0.00037534,56.755,6.4003
1,1,1.0003,1,2.9598e-05,35.716,5.4285
1,1,1.0017,1,0.0001444,52.762,6.5059
1.0001,1.0002,1.0039,1,0.00039656,38.267,5.3345
1,1,1.0002,1,4.0005e-05,6.6582,1.8064
1,1,1.0006,1,5.214e-05,33.538,4.8386
1.0001,1.0002,1.0023,1,0.00030538,15.985,3.2234
1,1,1.0001,1,1.8104e-05,16.812,3.1991
1,1,1.0005,1,6.1608e-05,23.911,4.0856
1.0001,1.0001,1.0015,1,0.00018443,16.324,3.2025
1,1,1.0001,1,1.0071e-05,25.744,4.6398
1.0002,1.0003,1.0056,1,0.00045768,28.223,3.7842
1.0001,1.0001,1.0009,1,0.00018515,6.5142,2.0235
1,1,1.0003,1,3.5038e-05,20.763,3.7907
1.0001,1.0002,1.0011,1,0.00019986,6.3228,1.9183
1.0004,1.0007,1.0081,1,0.0011838,13.369,2.9398
1,1.0001,1.0016,1,0.00015805,51.51,6.5352
1,1,1.0003,1,3.8531e-05,7.4341,1.902
1,1,1.0001,1,1.7171e-05,10.092,2.4283
1,1,1.001,1,6.0977e-05,81.964,6.9192
1.0001,1.0001,1.0008,1,0.00014546,4.0862,1.266
1,1.0001,1.0004,1,7.8512e-05,5.3905,1.8545
1.0001,1.0001,1.0017,1,0.00011093,60.227,5.2032
1,1,1.0002,1,2.3757e-05,19.03,3.6772
1.0001,1.0001,1.0004,1,6.2519e-05,3.5134,0.84404
1,1,1.0003,1,4.4048e-05,13.008,2.9455
1.0001,1.0001,1.0004,1,8.1399e-05,3.5396,0.65822
1,1,1.0004,1,3.1391e-05,28.361,4.0511
1,1,1.0001,1,9.0079e-06,94.5,8.6581
1.0001,1.0001,1.0034,1,0.00021396,89.796,7.8288
1.0001,1.0001,1.0009,1,0.00012177,7.0084,1.6613
1,1.0001,1.0007,1,9.6803e-05,7.4076,1.9104
1,1.0001,1.0002,1,4.4797e-05,3.1194,0.78243
1,1.0001,1.001,1,8.9635e-05,35.654,4.6099
1,1,1.0002,1,1.8603e-05,19.856,3.5745
1.0001,1.0001,1.0009,1,0.00011309,8.5657,1.8603
1,1,1,1,1.3463e-06,5.3623,1.5382
1,1,1.0002,1,1.5477e-05,25.558,3.8984
1,1,1.0002,1,1.3472e-05,157.32,11.157
1.0001,1.0001,1.001,1,0.00012874,9.3764,2.2475
1,1,1.0002,1,2.0283e-05,23.287,3.9716
1,1,1.0004,1,5.7361e-05,8.9651,2.0796
1.0001,1.0002,1.0017,1,0.00026511,9.0865,2.2381
1,1,1.0009,1,7.2973e-05,33.255,4.6331
1.0001,1.0001,1.001,1,0.00016387,13.05,3.0039
1.0001,1.0001,1.0036,1,0.00027111,52.353,5.6695
1,1,1.0001,1,2.2705e-05,6.101,1.735
1,1.0001,1.0004,1,6.4655e-05,8.503,2.2647
1,1.0001,1.0004,1,6.7015e-05,5.7519,1.6069
1,1.0001,1.0005,1,8.0666e-05,10.218,2.6219
1,1.0001,1.0011,1,0.00012238,30.535,4.7688
1,1.0001,1.0004,1,5.3658e-05,4.4295,1.1275
1.0001,1.0001,1.001,1,0.00013549,11.867,2.599
1,1,1.0008,1,6.8274e-05,50.644,5.8888
1,1,1.0008,1,7.921e-05,25.652,3.9557
1,1,1.0009,1,6.4118e-05,137.82,11.075
1.0001,1.0003,1.0089,1,0.00074197,63.813,7.0151
1,1,1.0003,1,3.556e-05,12.232,2.772
1,1.0001,1.0005,1,0.00010794,4.5131,1.5604
1,1.0001,1.0005,1,7.6342e-05,8.3223,2.1058
1,1,1.0018,1,9.9918e-05,143.92,10.347
1.0001,1.0002,1.0011,1,0.00020348,6.9474,2.0969
1.0001,1.0001,1.0029,1,0.00029649,41.366,5.3352
1,1,1.0006,1,7.7899e-05,17.262,3.5461
1,1.0001,1.0036,1,0.0001961,132.83,9.4008
1,1.0001,1.0034,1,0.00023372,88.727,8.2665
1.0001,1.0001,1.0008,1,0.00013118,3.8013,0.87292
1,1.0001,1.0003,1,5.2597e-05,3.4359,0.85266
1,1.0001,1.0002,1,2.5351e-05,4.0229,0.47313
1,1,1.0002,1,2.2419e-05,29.214,4.526
1,1,1.002,1,0.00014806,82.129,8.1266
1,1,1.0002,1,2.9706e-05,10.986,2.4888
1,1.0001,1.0006,1,6.9849e-05,8.9114,2.1146
1.0001,1.0001,1.0013,1,0.00018604,8.8831,2.1198
1.0001,1.0002,1.0026,1,0.00036563,15.558,3.2667
1,1.0001,1.0008,1,8.6046e-05,23.069,3.4479
1.0001,1.0001,1.0032,1,0.00026323,70.52,7.4885
1,1.0001,1.0003,1,6.5919e-05,3.275,1.0429
1,1,1.0004,1,7.2541e-05,8.6204,2.3613
1,1,1.0001,1,2.3317e-05,4.0308,1.0582
1.0001,1.0001,1.0018,1,0.00020281,13.767,2.7903
1,1.0001,1.0011,1,9.6846e-05,39.357,4.8582
1,1,1.0004,1,4.6494e-05,17.194,3.2574
1.0001,1.0002,1.0013,1,0.00018888,9.8762,2.1274
1,1,1.0003,1,4.3272e-05,9.7135,2.471
1,1,1.0003,1,4.9925e-05,13.499,3.07
1,1,1.0002,1,3.2172e-05,13.435,2.9265
1.0001,1.0002,1.0015,1,0.00021509,7.3313,1.7967
1.0001,1.0003,1.0034,1,0.00045624,18.374,3.7151
1,1,1.0001,1,1.8777e-05,6.5494,1.722
1,1,1.0006,1,4.7414e-05,52.784,6.2998
1.0001,1.0001,1.0024,1,0.00024034,23.502,4.0078
1,1.0001,1.0027,1,0.00020322,72.752,7.2606
1,1.0001,1.0007,1,0.00012467,7.3744,2.1475
1,1.0001,1.0017,1,0.00014136,48.882,6.0585
1.0001,1.0001,1.001,1,0.00012678,12.454,2.7248
1,1,1.0004,1,4.5893e-05,18.628,3.4223
1,1,1.001,1,9.0676e-05,70.658,7.7774
1,1.0001,1.0036,1,0.00025028,100.97,9.0894
1.0001,1.0001,1.001,1,0.00017783,6.2897,1.8305
1,1,1.0003,1,2.6581e-05,31.241,4.0616
1,1.0001,1.0004,1,8.2454e-05,5.009,1.46
1,1,1.0002,1,3.2767e-05,3.7906,1.1692
1,1,1.0004,1,3.033e-05,47.428,4.9993
1,1.0001,1.003,1,0.0002248,94.189,8.9236
1.0001,1.0002,1.0011,1,0.00019248,7.5564,1.8837
1,1.0001,1.0003,1,5.0927e-05,4.647,1.1567
1,1,1,1,6.2392e-06,8.8958,2.075
1,1.0001,1.0019,1,0.00016107,48.897,6.0045
1,1,1.0004,1,4.5395e-05,10.89,2.4521
1.0001,1.0001,1.0007,1,0.00011233,6.5305,1.8953
1,1,1.0001,1,1.7076e-05,7.4342,2.1078
1.0001,1.0002,1.0014,1,0.00024968,8.5422,2.3955
1,1,1.0006,1,5.2016e-05,37.979,4.8635
1,1.0001,1.0004,1,6.1786e-05,6.8406,1.8365
1.0001,1.0002,1.0008,1,0.00012592,3.507,0.71317
1.0001,1.0001,1.0011,1,0.00014889,7.9295,1.8202
1,1.0001,1.0008,1,7.0317e-05,18.671,2.5837
1,1,1.0006,1,9.5157e-05,13.606,3.148
1.0001,1.0001,1.0011,1,0.00016422,8.7216,2.2273
1,1.0001,1.0003,1,6.1515e-05,5.3542,1.6066
1,1,1.0001,1,1.3706e-05,10.007,2.1593
1,1,1.0002,1,2.9286e-05,11.373,2.5219
1,1,1.0005,1,2.9638e-05,93.08,8.1578
1,1,1.0001,1,2.5776e-05,4.214,1.4508
