1.0003,1.0006,1.0052,1,0.00082025,10.638,2.6607
1.0001,1.0002,1.0021,1,0.00024932,12.559,2.4827
1.0003,1.0005,1.0062,1,0.00072197,12.355,2.6736
1.0003,1.0007,1.0067,1,0.00074138,12.284,2.4843
1,1,1.0008,1,7.3272e-05,21.669,3.8439
1.0005,1.0009,1.0028,1,0.00043425,3.3913,0.65693
1.0002,1.0003,1.0028,1,0.00050619,8.3628,2.2987
1.0003,1.0005,1.0044,1,0.00070669,11.075,2.6241
1.0003,1.0006,1.0028,1,0.00060266,4.2149,1.3769
1,1,1.0004,1,3.2246e-05,34.682,4.2703
1,1,1.0001,1,1.46e-05,10.356,2.3427
1.0002,1.0004,1.002,1,0.00032027,5.9939,1.4856
1,1,1.0003,1,5.6746e-05,6.4859,1.9018
1.0001,1.0001,1.0014,1,0.00014163,25.766,3.9318
1.0005,1.0009,1.0059,1,0.0010419,6.4952,1.9443
1.0003,1.0007,1.0048,1,0.00069168,8.2895,2.066
1.0001,1.0001,1.0014,1,0.00015441,16.666,3.0166
1.0002,1.0004,1.0139,1,0.00099822,78.984,7.3146
1,1.0001,1.0006,1,8.0826e-05,10.008,2.4355
1.0001,1.0003,1.0015,1,0.00035006,3.4516,1.2353
1.0004,1.0009,1.0079,1,0.00079801,18.989,3.0798
1.0003,1.0006,1.0046,1,0.00068777,8.9997,2.2897
1.0004,1.0008,1.006,1,0.0010159,6.9823,1.9641
1.0001,1.0003,1.0037,1,0.00043136,12.625,2.594
1.0008,1.0016,1.0146,1,0.0020652,14.874,3.1788
1.0001,1.0002,1.0009,1,0.00014342,6.3144,1.585
1.0001,1.0003,1.0015,1,0.0002451,5.3635,1.558
1.0004,1.0007,1.003,1,0.00054443,4.1639,1.0241
1,1,1.0005,1,4.4508e-05,47.935,5.6021
1.0001,1.0001,1.0016,1,0.00012924,23.396,3.1261
1,1.0001,1.0005,1,6.8161e-05,8.2111,1.9568
1.0003,1.0005,1.0055,1,0.00061764,12.675,2.6285
1.0001,1.0002,1.0008,1,0.00016432,3.3898,1.1241
1.0001,1.0002,1.0022,1,0.00026581,11.658,2.2422
1.0001,1.0003,1.0067,1,0.00060718,50.768,6.3548
1.0003,1.0006,1.0029,1,0.00056557,4.0197,1.1639
1.0002,1.0004,1.0021,1,0.00041751,4.7186,1.4893
1.0004,1.0008,1.0053,1,0.0010746,3.7705,1.2954
1,1.0001,1.0028,1,0.00019311,98.086,8.7771
1.0001,1.0002,1.0011,1,0.00022814,6.9374,2.1335
1.0001,1.0001,1.0008,1,0.0001129,6.5353,1.706
1.0001,1.0002,1.001,1,0.00025895,2.2494,0.73925
1.0001,1.0002,1.0017,1,0.00015094,34.159,4.4635
1.0001,1.0002,1.0013,1,0.00023017,8.2573,2.2183
1.0001,1.0002,1.0016,1,0.00032301,6.3695,2.0091
1.0002,1.0004,1.0046,1,0.00044236,17.551,2.7234
1.0006,1.0012,1.0047,1,0.00046518,10.771,1.5262
1.0004,1.0008,1.006,1,0.00082211,8.8871,1.9616
1.0005,1.0009,1.0081,1,0.0012329,9.2039,2.3705
1,1,1.0001,1,1.4163e-05,8.8806,2.1641
1.0001,1.0001,1.0011,1,0.00018031,8.0066,2.1242
1,1,1.0005,1,3.344e-05,54.148,5.7788
1.0003,1.0006,1.0044,1,0.00062265,8.4404,1.9335
1.0002,1.0004,1.0017,1,0.0003569,2.7512,0.87744
1.0001,1.0003,1.0026,1,0.00028376,14.198,2.3527
1.0003,1.0005,1.0073,1,0.00074115,23.311,3.7468
1.0003,1.0005,1.007,1,0.00064252,27.745,4.1053
1.0005,1.0009,1.0028,1,0.00055431,2.8578,0.31149
1.0005,1.0009,1.0041,1,0.00077141,4.1799,1.2606
1.0002,1.0003,1.0014,1,0.00022245,3.233,0.7112
1,1.0001,1.0007,1,7.4515e-05,22.313,3.6728
1,1.0001,1.0003,1,4.8901e-05,6.5504,1.7945
1.0003,1.0005,1.0024,1,0.00043439,5.7767,1.617
1.0001,1.0002,1.0008,1,0.00014701,3.1086,0.53852
1.0003,1.0007,1.0029,1,0.0005541,3.2194,0.81274
1.0003,1.0006,1.006,1,0.00079207,15.081,3.1094
1.0002,1.0004,1.0027,1,0.00047839,6.1118,1.764
1,1,1.0003,1,3.4456e-05,15.767,3.3219
1.0002,1.0004,1.0015,1,0.00031231,3.3536,1.0122
1.0003,1.0005,1.0045,1,0.00043516,24.136,3.5875
1.0001,1.0001,1.0008,1,0.00015212,4.5832,1.3677
1.0002,1.0004,1.0044,1,0.00056481,10.999,2.5427
1,1.0001,1.0007,1,0.00013108,7.6821,2.2594
1.0001,1.0002,1.0029,1,0.00021482,55.642,5.7929
1.0001,1.0002,1.0011,1,0.0001997,4.3254,1.3231
1,1,1.0003,1,3.7744e-05,11.368,2.5213
1.0001,1.0002,1.0021,1,0.00020863,23.73,3.515
1.0005,1.0009,1.0062,1,0.0010137,6.3362,1.7632
1.0001,1.0002,1.0013,1,0.00020714,6.5907,1.8602
1.0002,1.0003,1.0031,1,0.00036942,13.181,2.6404
1.0002,1.0005,1.0026,1,0.00048445,6.4191,1.8695
1,1.0001,1.0007,1,0.00012499,10.11,2.6216
1,1.0001,1.0013,1,0.0001817,19.808,3.9389
1.0001,1.0001,1.0006,1,9.3369e-05,7.713,1.9453
1.0001,1.0001,1.007,1,0.00046857,119.67,10.078
1.0006,1.0012,1.0088,1,0.0010933,19.979,3.4933
1.0006,1.0012,1.0061,1,0.00098682,7.9992,1.9142
1.0007,1.0013,1.0073,1,0.001116,5.1536,1.407
1.0002,1.0004,1.0062,1,0.00060846,37.966,5.4051
1.0001,1.0002,1.0032,1,0.00040985,16.794,3.4704
1,1.0001,1.0015,1,0.00014843,21.117,3.4707
1.0002,1.0003,1.0025,1,0.0003014,14.038,2.7775
1.0002,1.0003,1.0066,1,0.00060451,56.597,6.5501
1.0001,1.0002,1.0016,1,0.00023738,14.075,3.1475
1.0001,1.0003,1.0013,1,0.00024232,4.353,1.2064
1.0002,1.0004,1.0068,1,0.00059894,46.872,5.647
1.0002,1.0003,1.0023,1,0.00032573,5.6995,1.5499
1.0007,1.0013,1.0075,1,0.001266,4.6865,1.4059
1.0001,1.0001,1.0027,1,0.00021651,49.451,5.6715
1.0004,1.0007,1.0078,1,0.00073473,33.197,4.4011
1,1,1.0002,1,2.4379e-05,6.1426,1.5031
1.0006,1.0012,1.0148,1,0.0017797,20.397,3.6475
1.0001,1.0001,1.0006,1,0.00010968,7.3722,1.9179
1.0003,1.0005,1.0139,1,0.00096432,100.94,8.8762
1,1.0001,1.0004,1,7.6444e-05,3.8077,1.0259
1.0003,1.0006,1.0038,1,0.00060986,6.9529,1.809
1.0001,1.0002,1.0012,1,0.00020992,5.234,1.5177
1.0001,1.0002,1.004,1,0.00033928,49.823,5.6065
1.0004,1.0007,1.0058,1,0.00082863,6.6509,1.7601
1.0001,1.0002,1.0024,1,0.00031908,13.24,2.9908
1.0007,1.0013,1.007,1,0.0011622,9.2844,2.3715
1.0002,1.0003,1.0022,1,0.00030163,5.7325,1.507
1,1.0001,1.0006,1,7.1195e-05,9.4352,1.8516
1.0001,1.0002,1.0032,1,0.00024636,44.389,4.8766
1.0002,1.0003,1.0017,1,0.00023678,5.6709,1.3097
1.0004,1.0008,1.0045,1,0.00070569,5.9437,1.4209
1.0001,1.0002,1.0015,1,0.00027696,6.4106,1.8327
1.0003,1.0006,1.0054,1,0.00080445,9.8051,2.4059
1.0003,1.0006,1.0058,1,0.00076796,11.2,2.5167
1.0001,1.0002,1.0023,1,0.00027945,12.688,2.6227
1.0001,1.0002,1.001,1,0.00016054,7.8008,2.0012
1.0003,1.0006,1.004,1,0.00057419,8.5848,2.1057
1.0001,1.0001,1.0017,1,0.00020957,21.266,3.9359
1,1,1.0004,1,5.481e-05,8.7419,2.2423
1,1,1.0002,1,3.3277e-05,8.0683,1.8853
1.0002,1.0004,1.0038,1,0.0006584,11.946,2.9295
1.0001,1.0002,1.0008,1,0.00013075,5.7574,1.4949
1.0001,1.0002,1.0023,1,0.00023545,13.886,2.4289
1.0002,1.0004,1.0021,1,0.00027961,8.4954,1.8594
1.0001,1.0002,1.0011,1,0.00020799,3.9804,1.2577
1.0001,1.0003,1.0026,1,0.00025614,13.067,2.4181
1.0004,1.0008,1.0049,1,0.00078693,6.5258,1.5919
1.0002,1.0004,1.0027,1,0.00046472,5.6078,1.6523
1.0001,1.0002,1.0025,1,0.00023254,21.119,3.2741
1.0003,1.0006,1.01,1,0.0011143,21.931,3.9439
1,1,1.0003,1,2.8319e-05,14.51,2.798
1.0001,1.0001,1.0034,1,0.00037876,35.186,5.3972
1,1.0001,1.001,1,8.9644e-05,27.805,4.1802
1.0005,1.0009,1.004,1,0.00068725,4.4752,1.2037
1.0001,1.0002,1.002,1,0.00032743,9.4954,2.5535
1,1.0001,1.0006,1,0.00011364,6.696,2.0872
1.0001,1.0002,1.0012,1,0.00021342,6.2299,1.7765
1.0003,1.0006,1.0044,1,0.00057703,8.5075,1.8338
1.0002,1.0004,1.0024,1,0.00035127,6.5155,1.5621
1.0001,1.0002,1.0052,1,0.00050328,40.672,5.4248
1.0004,1.0007,1.0048,1,0.00063743,8.1269,1.9181
1.0002,1.0004,1.0048,1,0.00072048,11.69,2.8467
1,1,1.0006,1,5.2582e-05,29.73,4.1339
1.0011,1.0021,1.0144,1,0.0022701,7.4928,1.921
1.0002,1.0004,1.0027,1,0.00038834,8.3081,2.0606
1.0001,1.0001,1.0011,1,0.00014108,10.583,2.5531
1.0006,1.0011,1.0117,1,0.0010878,25.197,3.5592
1.0005,1.001,1.0101,1,0.0012913,14.598,2.859
1.0004,1.0008,1.0064,1,0.00094458,6.4937,1.8408
1.0001,1.0001,1.0008,1,9.6376e-05,6.6366,1.6213
1.0002,1.0004,1.003,1,0.00035359,9.2096,1.8039
1.0001,1.0002,1.0009,1,0.00012303,4.9663,1.1345
1.0003,1.0006,1.0085,1,0.001086,19.806,3.7562
1.0002,1.0004,1.0029,1,0.00040688,7.5252,1.8155
1.0004,1.0007,1.0094,1,0.0010649,15.559,3.1169
1.0001,1.0002,1.0025,1,0.00022687,31.29,4.1103
1.0001,1.0001,1.0011,1,0.00012501,13.923,2.641
1.0002,1.0004,1.0027,1,0.00035654,7.4434,1.8656
1,1,1.0004,1,5.3657e-05,9.1467,2.1549
1.0001,1.0002,1.0012,1,0.00024768,4.9594,1.6308
1.0006,1.0011,1.0075,1,0.00093504,9.922,1.8545
1.0002,1.0004,1.0024,1,0.00037178,4.8051,1.3339
1.0003,1.0005,1.0026,1,0.00039357,4.3563,0.98271
1.0008,1.0016,1.0061,1,0.0012167,3.5916,0.97843
1.0001,1.0002,1.0044,1,0.00038753,28.66,4.4004
1.0002,1.0004,1.0047,1,0.0004513,19.975,3.0044
1.0002,1.0003,1.0023,1,0.00040628,9.361,2.4334
1.0003,1.0006,1.0047,1,0.00065634,14.091,2.8299
1.0003,1.0005,1.0054,1,0.00056232,15.455,2.7248
1.0002,1.0005,1.0063,1,0.00066843,20.101,3.3947
1.0002,1.0004,1.0027,1,0.00044652,6.1599,1.6593
1.0002,1.0003,1.0037,1,0.0004164,14.427,2.7663
1,1.0001,1.0012,1,0.0001213,24.76,4.1119
1,1,1.0008,1,8.3194e-05,24.165,4.1083
1.0003,1.0006,1.0064,1,0.00096993,10.215,2.5982
1.0003,1.0005,1.0042,1,0.00055389,9.3493,2.162
1.0004,1.0007,1.0037,1,0.00063898,6.5571,1.7046
1.0001,1.0001,1.0012,1,0.00017452,6.7045,1.8606
1.0004,1.0007,1.0061,1,0.00092233,7.7456,2.0311
1,1,1.0002,1,3.5442e-05,9.4657,2.4216
1.0002,1.0005,1.0029,1,0.00046089,6.9417,1.8919
1.0003,1.0005,1.003,1,0.00039177,6.249,1.3972
1.0002,1.0003,1.0027,1,0.00024772,23.335,3.1518
1.0006,1.0011,1.0127,1,0.0012948,18.12,2.8982
1.0001,1.0003,1.0032,1,0.00039809,18.228,3.5733
1.0003,1.0006,1.0058,1,0.00090996,11.724,2.8952
1,1.0001,1.0006,1,6.6417e-05,13.288,2.547
1.0004,1.0007,1.0044,1,0.00070742,5.734,1.5731
1.0002,1.0005,1.005,1,0.0005335,21.446,3.2065
1,1.0001,1.0018,1,0.00010935,119.96,9.0014
1.0009,1.0018,1.0076,1,0.0013359,3.8739,1.047
1.0005,1.0009,1.005,1,0.00095473,4.6345,1.3787
1.0004,1.0009,1.0079,1,0.00091691,14.744,2.6363
1.0001,1.0002,1.0016,1,0.00019002,11.85,2.2797
1.0007,1.0014,1.011,1,0.0018197,11.048,2.7548
1.0001,1.0001,1.0015,1,0.00020884,12.605,2.8423
1.0001,1.0001,1.0011,1,0.00018797,8.9013,2.2899
1.0005,1.0009,1.0163,1,0.0013623,28.411,4.0915
1.0004,1.0007,1.0089,1,0.00091446,15.771,2.9285
1,1.0001,1.0011,1,9.8841e-05,24.212,3.5814
1.0001,1.0002,1.0013,1,0.00022841,4.7023,1.4723
1,1,1.0006,1,7.948e-05,15.25,3.1905
1.0003,1.0006,1.0041,1,0.00061723,5.5545,1.568
1.0003,1.0006,1.0039,1,0.00058894,5.6824,1.5225
1.0004,1.0008,1.0034,1,0.00059076,4.3821,1.121
1.0004,1.0008,1.0043,1,0.00077535,5.1979,1.4594
1,1.0001,1.0004,1,6.028e-05,8.4346,2.0476
1.0001,1.0002,1.0008,1,0.00013647,4.3386,1.1233
1.0001,1.0002,1.001,1,0.00019149,4.3338,1.379
1.0001,1.0003,1.0023,1,0.00044326,6.8423,2.0707
1.0002,1.0003,1.0013,1,0.00023999,3.889,1.0521
1.0001,1.0002,1.0013,1,0.00019737,6.1733,1.4258
1.0001,1.0002,1.0018,1,0.00021321,11.667,2.2982
1.0001,1.0003,1.0016,1,0.00023297,5.6063,1.3876
1.0002,1.0005,1.0054,1,0.00052329,24.581,3.5342
1.0001,1.0001,1.001,1,0.00020387,7.3415,2.1515
1.0005,1.001,1.0056,1,0.0010703,5.8579,1.8225
1.0002,1.0004,1.0011,1,0.00020794,2.7677,0.38248
1.0002,1.0004,1.0039,1,0.00054316,9.0474,2.265
1.0001,1.0002,1.002,1,0.00023898,17.98,3.5696
1.0005,1.0009,1.0076,1,0.00098131,9.3114,2.0774
1.0002,1.0003,1.0022,1,0.00032297,6.9612,1.7978
1.0004,1.0008,1.0055,1,0.00084103,10.056,2.4226
1,1.0001,1.0006,1,8.2752e-05,9.9386,2.4097
1.0001,1.0001,1.0011,1,0.00016917,13.073,2.9654
1.0001,1.0001,1.0004,1,7.3583e-05,3.642,0.86531
1.0001,1.0001,1.0006,1,9.3286e-05,5.4403,1.3745
1.0001,1.0001,1.0014,1,0.00013017,15.801,2.2466
1.0001,1.0001,1.0008,1,0.00013714,5.2412,1.5145
1.0001,1.0001,1.0008,1,0.00011553,10.242,2.3242
1.0002,1.0003,1.0016,1,0.00024971,5.3838,1.3246
1.0001,1.0002,1.0018,1,0.00025833,12.218,2.8252
1.0001,1.0001,1.0013,1,0.00015385,13.266,2.5889
1.0001,1.0001,1.0008,1,0.00012021,7.7916,1.8282
1.0001,1.0002,1.0031,1,0.00033296,19.907,3.5236
1.0001,1.0002,1.0016,1,0.00019775,8.9878,1.9521
1.0005,1.001,1.0081,1,0.001385,8.6382,2.3915
1.0001,1.0002,1.0012,1,0.00017629,6.7587,1.5956
1.0002,1.0003,1.0046,1,0.00047846,30.599,4.4672
1.0002,1.0005,1.0042,1,0.00044513,14.476,2.4522
1,1.0001,1.0003,1,6.6195e-05,5.4756,1.5451
1,1,1.0003,1,4.0173e-05,5.2424,1.1284
1.0001,1.0003,1.0023,1,0.00031364,10.719,2.4838
1.0001,1.0002,1.0044,1,0.0003177,69.543,6.9464
1.0002,1.0004,1.0026,1,0.00033127,7.4168,1.7524
1,1.0001,1.0004,1,8.9064e-05,8.9512,2.5008
1.0002,1.0003,1.0011,1,0.00021944,3.719,0.96802
1,1.0001,1.001,1,0.00010962,24.521,4.0372
1,1.0001,1.0005,1,5.8888e-05,19.691,3.3517
1.0001,1.0001,1.0013,1,9.4703e-05,42.838,4.3089
1.0002,1.0003,1.0021,1,0.00028288,5.9737,1.2594
1.0001,1.0001,1.001,1,0.00015724,6.8463,1.8043
1.0004,1.0008,1.0037,1,0.00061559,5.0561,1.3505
1.0001,1.0001,1.0009,1,0.00013476,8.3625,2.2596
1,1.0001,1.0004,1,5.8427e-05,4.1028,1.062
1.0001,1.0001,1.0014,1,0.00017898,12.502,2.6614
1.0001,1.0002,1.0025,1,0.00022193,25.358,3.8344
1.0001,1.0001,1.001,1,0.00014066,9.8076,2.4516
1.0002,1.0005,1.003,1,0.00035287,7.7391,1.6817
1.0002,1.0005,1.0034,1,0.00058264,5.1189,1.5512
1,1.0001,1.0003,1,5.7336e-05,6.0777,1.6092
1.0001,1.0002,1.001,1,0.00016103,4.4035,1.0657
1.0001,1.0001,1.0007,1,0.00010225,10.661,2.4261
1.0001,1.0002,1.0013,1,0.00023637,3.6891,1.1865
1.0001,1.0001,1.0008,1,9.4816e-05,9.3575,2.066
1.0005,1.001,1.0056,1,0.001179,4.5657,1.5136
1.0002,1.0005,1.003,1,0.0004363,6.2077,1.5819
1.0002,1.0004,1.0017,1,0.00036157,3.1122,0.87337
1,1,1.0002,1,2.6055e-05,17.142,3.1512
1.0002,1.0005,1.003,1,0.00048279,4.8251,1.5292
1.0001,1.0002,1.0006,1,0.00014034,2.4064,0.48869
1,1,1.0007,1,8.6961e-05,17.667,3.6649
1.0003,1.0005,1.0028,1,0.00043977,6.0676,1.5829
1,1.0001,1.0006,1,8.8996e-05,6.7795,1.8154
1.0003,1.0005,1.0062,1,0.00078097,15.754,3.1566
1,1.0001,1.0004,1,5.8594e-05,8.7381,2.0866
1.0001,1.0003,1.0032,1,0.00032454,12.004,2.3285
1.0002,1.0003,1.0007,1,0.00012279,3.4048,-0.17551
1.0001,1.0003,1.0018,1,0.000292,6.9444,1.8972
1.0001,1.0001,1.0007,1,6.2967e-05,19.557,2.5199
1.0001,1.0002,1.0012,1,0.00020772,5.3407,1.5796
1.0001,1.0002,1.0015,1,0.00022466,10.085,2.2092
1.0001,1.0002,1.001,1,0.0001827,4.2356,1.3348
1.0002,1.0004,1.0047,1,0.00057503,16.327,3.0303
1.0002,1.0003,1.0032,1,0.00043549,10.353,2.5638
1.0001,1.0001,1.0012,1,0.0001995,7.5649,2.0874
1,1.0001,1.0013,1,0.00015786,19.422,3.6491
1.0004,1.0008,1.0033,1,0.00062406,4.0003,1.1108
1.0001,1.0001,1.0013,1,0.00016339,9.5661,2.1625
1,1.0001,1.0006,1,8.2069e-05,12.486,2.7811
1.0001,1.0002,1.0018,1,0.00020758,11.879,2.3236
1.0001,1.0001,1.0016,1,0.00020622,13.723,3.0125
1.0001,1.0002,1.0015,1,0.00024242,6.5513,1.7956
1.0001,1.0001,1.0016,1,0.00016079,25.301,3.7407
1.0001,1.0001,1.0018,1,0.00020913,15.68,3.182
1.0002,1.0004,1.0019,1,0.00035709,4.16,1.2413
1,1.0001,1.001,1,0.00010421,23.613,3.7552
1.0004,1.0007,1.0077,1,0.0010878,11.693,2.7691
1.0002,1.0003,1.0039,1,0.00052717,15.002,3.1472
1.0003,1.0006,1.0032,1,0.00047535,4.7609,1.2318
1.0001,1.0001,1.001,1,0.00011179,9.8038,2.0236
1,1.0001,1.0014,1,0.00012027,28.747,3.8847
1.0001,1.0001,1.0009,1,0.00014421,8.4053,2.1055
1.0005,1.001,1.0034,1,0.00067207,2.7935,0.56077
1.0002,1.0004,1.002,1,0.0003305,5.1064,1.3632
1,1.0001,1.0011,1,0.00012165,18.718,3.414
1.0003,1.0005,1.0027,1,0.00047491,4.3974,1.2057
1.0001,1.0002,1.0037,1,0.00040706,21.965,3.9451
1.0001,1.0002,1.0021,1,0.00023092,14.318,2.7517
1.0002,1.0004,1.0029,1,0.00038218,7.0599,1.5275
1.0002,1.0005,1.0026,1,0.00047663,6.0717,1.7661
1.0002,1.0004,1.0024,1,0.00042408,8.02,2.1614
1.0002,1.0004,1.0032,1,0.00048845,9.7117,2.3927
1.0002,1.0004,1.002,1,0.00046508,3.0471,1.1106
1.0001,1.0002,1.0011,1,0.00018578,5.4511,1.5277
1.0004,1.0007,1.0035,1,0.00058459,5.5588,1.5428
1.0001,1.0001,1.0028,1,0.00016304,105.23,7.8796
1.0003,1.0006,1.0059,1,0.00082284,15.571,3.3254
1.0003,1.0005,1.0048,1,0.00070443,13.105,2.9475
1.0004,1.0008,1.0068,1,0.00098224,11.312,2.5672
1,1,1.0004,1,6.7733e-05,8.9112,2.347
1.0001,1.0002,1.0019,1,0.00020514,12.87,2.4572
1.0001,1.0001,1.0006,1,9.4202e-05,4.3028,1.0312
1,1.0001,1.0006,1,8.027e-05,6.6843,1.7641
1.0001,1.0002,1.0019,1,0.00022629,12.163,2.8057
1,1.0001,1.0009,1,9.2972e-05,16.492,2.8296
1.0002,1.0004,1.0037,1,0.00054008,7.5804,2.0245
1.0001,1.0003,1.0026,1,0.00026039,20.017,3.0863
1.0002,1.0005,1.0051,1,0.00066909,18.14,3.6822
1.0001,1.0003,1.0039,1,0.0004402,25.764,4.4656
1.0001,1.0002,1.0008,1,0.00015517,3.7182,0.98129
1.0002,1.0003,1.0056,1,0.00055618,31.601,4.4634
1.0005,1.001,1.0058,1,0.00092703,8.4897,2.1289
1.0002,1.0003,1.0026,1,0.00047597,8.2038,2.343
1,1.0001,1.0014,1,0.0001434,25.818,4.023
1.0001,1.0002,1.0043,1,0.0003384,44.125,4.762
1.0013,1.0024,1.0123,1,0.0020879,5.9698,1.6184
1.0001,1.0002,1.0039,1,0.00027786,47.032,4.9711
1.0001,1.0002,1.0011,1,0.0002005,4.6732,1.4258
1,1.0001,1.0009,1,7.4525e-05,25.487,3.4766
1.0002,1.0004,1.002,1,0.00032725,7.3053,1.8884
1.0001,1.0002,1.0013,1,0.00020577,6.3653,1.6716
1.0003,1.0005,1.0029,1,0.0004477,6.497,1.6984
1.0001,1.0002,1.0011,1,0.00016905,9.0196,2.129
1,1.0001,1.0005,1,6.9752e-05,6.2295,1.3736
1,1.0001,1.0006,1,5.5371e-05,14.337,2.7098
1,1.0001,1.0006,1,0.00010615,6.0718,1.719
1.0001,1.0001,1.0025,1,0.00025813,22.696,3.6412
1,1.0001,1.0006,1,8.6232e-05,7.743,2.0268
1.0002,1.0004,1.0022,1,0.00040337,4.557,1.4151
1.0003,1.0006,1.0031,1,0.00054197,3.8974,1.1359
1,1.0001,1.0005,1,5.7186e-05,11.894,2.0399
1.0002,1.0004,1.0028,1,0.00038432,8.1436,1.6966
1,1,1,1,4.2295e-06,4.524,1.4963
1.0008,1.0015,1.02,1,0.0013628,54.34,4.8876
1.0004,1.0007,1.0028,1,0.00050307,4.0219,1.0628
1.0004,1.0008,1.0047,1,0.00074918,8.9473,2.214
1,1,1.0002,1,3.5976e-05,4.0373,0.97579
1,1.0001,1.0007,1,6.3803e-05,24.459,3.4146
1.0009,1.0018,1.0118,1,0.0016501,8.1853,1.9485
1.0001,1.0003,1.0014,1,0.00026683,5.598,1.6447
1.0001,1.0002,1.0018,1,0.00023629,6.8418,1.6796
1.0001,1.0001,1.001,1,0.00013886,10.644,2.5128
1.0001,1.0001,1.0006,1,9.2997e-05,5.5915,1.3365
1.0001,1.0001,1.0011,1,0.00011136,10.505,2.0626
1,1.0001,1.0008,1,0.00012766,10.659,2.7105
1.0001,1.0001,1.0011,1,0.00013935,11.086,2.5766
1.0001,1.0001,1.0005,1,0.00010234,2.8311,0.70248
1.0002,1.0005,1.004,1,0.0004371,11.058,1.9591
1.0001,1.0002,1.001,1,0.00012873,8.3028,1.8782
1.0001,1.0002,1.0041,1,0.00065552,19.391,4.0509
1.0002,1.0004,1.0026,1,0.00033122,10.303,2.2985
1.0003,1.0005,1.0023,1,0.00036199,4.849,1.3308
1.0001,1.0001,1.0015,1,0.00012439,25.642,3.1837
1.0003,1.0006,1.0044,1,0.0007525,7.3138,2.1037
1.0003,1.0006,1.0043,1,0.00060379,14.237,3.0137
1.0002,1.0003,1.0028,1,0.00038043,9.0417,2.191
1.0002,1.0004,1.0024,1,0.0003955,6.6948,1.7947
1.0001,1.0001,1.0014,1,0.00015944,14.661,2.8604
1.0003,1.0006,1.006,1,0.00081793,12.803,2.8614
1.0001,1.0002,1.0042,1,0.00050871,25.141,4.4105
1.0002,1.0004,1.0039,1,0.00058848,8.7747,2.2314
1,1,1.0008,1,7.1936e-05,31.303,4.3802
1.0003,1.0006,1.0034,1,0.00052765,6.4851,1.6787
1.0001,1.0002,1.0009,1,0.00016414,4.6009,1.3389
1.0004,1.0007,1.0031,1,0.00052478,5.6031,1.3189
1.0002,1.0003,1.0045,1,0.00038093,26.06,3.273
1.0002,1.0004,1.0054,1,0.00048105,33.309,4.3814
1.0001,1.0002,1.0008,1,0.00017127,3.3363,1.0526
1.0008,1.0016,1.0048,1,0.00087979,2.625,0.080158
1.0003,1.0005,1.0017,1,0.00031646,3.9369,0.97579
1.0001,1.0003,1.0028,1,0.00042935,9.1099,2.4532
1.0004,1.0008,1.0161,1,0.0019349,23.93,4.4538
1.0002,1.0004,1.0023,1,0.00034881,4.4911,1.0296
1.0001,1.0002,1.0023,1,0.00031083,13.542,3.0245
1.0008,1.0015,1.0048,1,0.00093202,2.5822,0.1486
1.001,1.0018,1.0104,1,0.0012133,13.899,2.1148
1.0004,1.0007,1.0049,1,0.00078193,7.757,2.0811
1.0008,1.0016,1.0037,1,0.00059629,3.955,-0.56046
1.0002,1.0003,1.0018,1,0.00033082,5.7516,1.6919
1.0005,1.001,1.0035,1,0.00064244,3.6427,0.69894
1.0006,1.0011,1.0067,1,0.00088606,10.44,1.8884
1.0005,1.0009,1.0044,1,0.00079433,3.8951,1.0942
1.0011,1.002,1.0069,1,0.0011285,4.093,0.44053
1.0009,1.0018,1.0067,1,0.0012067,3.4372,0.76817
1.0002,1.0003,1.0014,1,0.00022213,5.0231,1.3261
1.0003,1.0005,1.0039,1,0.00046628,17.7,3.1575
1.0003,1.0006,1.0031,1,0.00045549,6.1054,1.2528
1.0005,1.001,1.004,1,0.00080996,2.6217,0.71602
1.0004,1.0008,1.0038,1,0.00049151,4.6757,0.96516
1.0001,1.0003,1.003,1,0.00040464,12.39,2.7514
1.0005,1.0009,1.0023,1,0.00040077,3.0723,0.10967
1.0001,1.0002,1.0011,1,0.00018438,5.581,1.488
1.0006,1.0011,1.0054,1,0.00061407,11.044,1.7527
1.0006,1.0011,1.0173,1,0.0017736,24.024,3.8028
1.0007,1.0013,1.0058,1,0.00078835,4.6174,0.61755
1.0015,1.0028,1.007,1,0.0015443,2.0055,-0.31493
1.0003,1.0006,1.0061,1,0.0010302,10.676,2.8107
1.0003,1.0006,1.0027,1,0.00043135,4.4375,1.0887
1,1.0001,1.0005,1,9.7314e-05,5.7048,1.6783
1.0009,1.0018,1.0093,1,0.0013181,7.0512,1.5669
1.0001,1.0002,1.0019,1,0.00030201,7.3424,1.8543
1.0002,1.0004,1.002,1,0.00038635,3.7476,1.0632
1.0005,1.0009,1.0059,1,0.00064478,7.9487,1.0373
1.0008,1.0016,1.0056,1,0.00069193,9.4252,1.5718
1.0002,1.0004,1.0026,1,0.00038273,8.3103,2.1262
1.0004,1.0008,1.0029,1,0.00052403,3.4206,0.62541
1.0002,1.0005,1.0049,1,0.00043454,20.344,2.7488
1.0008,1.0016,1.0048,1,0.00073344,4.1548,0.90318
1.0008,1.0016,1.0078,1,0.00099977,5.1368,0.89838
1.0011,1.0021,1.0083,1,0.0013307,5.0746,1.3643
1.0006,1.0011,1.0046,1,0.00055558,6.8385,0.82018
1.0005,1.0009,1.0016,1,0.00035202,3.1165,-0.70594
1.0005,1.001,1.0025,1,0.00043497,3.5482,0.56964
1.0005,1.0009,1.0053,1,0.00065404,5.3165,1.0951
1.0003,1.0006,1.003,1,0.00054932,3.005,0.70078
1.0004,1.0007,1.0022,1,0.00027832,5.8479,1.0971
1.0006,1.0011,1.0029,1,0.00045708,3.7607,0.12552
1.0005,1.0009,1.0082,1,0.00071063,21.164,2.7075
1.0005,1.0009,1.0034,1,0.00062972,3.3106,0.76772
1.0006,1.0012,1.0038,1,0.00072978,2.9094,0.36354
1.0004,1.0008,1.0038,1,0.00077317,3.4767,1.0337
1.0003,1.0005,1.0026,1,0.00038318,6.9427,1.4043
1.0007,1.0014,1.0046,1,0.00077401,3.5131,0.35699
1.0007,1.0013,1.0035,1,0.00048305,4.5489,0.55883
1.0004,1.0007,1.0032,1,0.00053289,3.943,1.1192
1,1.0001,1.0012,1,0.00013517,19.536,3.6955
1.0002,1.0003,1.0029,1,0.00036207,15.897,3.0099
1.0006,1.0012,1.0068,1,0.00091032,9.7737,2.0223
1.0007,1.0013,1.006,1,0.00079651,5.0877,0.847
1.0001,1.0001,1.0012,1,9.7493e-05,26.028,3.4082
1.0002,1.0004,1.0026,1,0.00045278,9.3353,2.4008
1.0006,1.0011,1.0055,1,0.00075465,5.3311,1.0615
1.0008,1.0016,1.0094,1,0.0012389,7.2793,1.5735
1.0001,1.0003,1.0025,1,0.00022964,22.988,3.2682
1.0006,1.0011,1.0082,1,0.0008637,22.36,3.318
1.0006,1.0012,1.0064,1,0.00089874,4.2191,0.87003
1.0006,1.0012,1.0052,1,0.00076671,6.395,1.2568
1.0005,1.001,1.0047,1,0.00061698,7.0528,1.3741
1.0002,1.0004,1.0054,1,0.00068681,23.177,4.3047
1.0002,1.0005,1.0027,1,0.00040509,7.4088,1.9407
1.0005,1.0009,1.0041,1,0.00066856,4.187,0.92707
1.0001,1.0003,1.0021,1,0.00030241,6.817,1.7946
1.0008,1.0015,1.0075,1,0.0015756,4.6103,1.5219
1.0004,1.0007,1.007,1,0.00098484,14.267,3.0567
1.0006,1.0012,1.0036,1,0.00052823,4.0147,0.20763
1.0003,1.0005,1.0019,1,0.00037475,3.2262,0.53767
1.0007,1.0013,1.0046,1,0.00075259,3.8755,0.62694
1.001,1.0018,1.0111,1,0.0015124,11.624,2.3243
1.0002,1.0004,1.0022,1,0.00030057,7.8321,1.7803
1.0012,1.0023,1.0062,1,0.0011562,2.9374,-0.17352
1.0003,1.0007,1.0012,1,0.00023292,3.8972,-0.8595
1.0006,1.0011,1.0046,1,0.00071466,3.3939,0.48661
1.0008,1.0015,1.0051,1,0.00083788,2.8361,0.11262
1.0005,1.001,1.003,1,0.00047679,3.2145,0.33393
1.0001,1.0001,1.002,1,0.000185,29.589,4.3068
1.0007,1.0014,1.0045,1,0.0008201,2.9386,0.26864
1.0005,1.001,1.005,1,0.00081419,4.2419,1.1073
1.0001,1.0003,1.003,1,0.00043513,12.31,2.9236
1.0004,1.0008,1.0052,1,0.00078543,6.2049,1.5369
1.0003,1.0005,1.0052,1,0.00078595,13.856,3.1216
1.0003,1.0005,1.0024,1,0.00032881,5.0156,1.1969
1.002,1.0038,1.014,1,0.0022054,4.0157,0.50216
1.0001,1.0002,1.0022,1,0.00028065,11.044,2.6346
1.0003,1.0006,1.0048,1,0.00060125,10.096,1.9913
1.0005,1.0009,1.0037,1,0.0005328,4.817,0.72621
1.0001,1.0002,1.0008,1,0.00010033,6.4402,1.2237
1.0009,1.0017,1.0058,1,0.00096051,3.375,0.49839
1.0003,1.0007,1.0052,1,0.00074761,6.1418,1.6731
1.0002,1.0004,1.0018,1,0.00025341,6.1664,1.2958
1.0004,1.0007,1.0048,1,0.00060731,11.905,2.3083
1.0003,1.0006,1.0056,1,0.0008237,9.1556,2.3956
1.0016,1.003,1.0099,1,0.001869,3.3893,0.61185
1.0008,1.0016,1.0052,1,0.00078046,4.3591,0.81799
1.0005,1.0009,1.0026,1,0.00041544,3.961,0.24765
1.0004,1.0007,1.0048,1,0.00050503,11.679,2.3109
1.0008,1.0015,1.01,1,0.0011693,6.553,1.2121
1,1,1.0002,1,3.4192e-05,8.5464,2.1099
1.0008,1.0015,1.0073,1,0.0010018,4.7344,0.7588
1.0005,1.0009,1.0024,1,0.00050418,2.5883,-0.0048204
1.0003,1.0006,1.0032,1,0.00033788,13.388,2.2765
1.0007,1.0013,1.0096,1,0.0010922,9.7763,1.7821
1.0005,1.0011,1.0048,1,0.00081324,4.3359,1.0641
1.0002,1.0004,1.0029,1,0.00043047,11.119,2.5783
1.0004,1.0007,1.0088,1,0.00092207,32.017,4.5544
1.0005,1.001,1.0058,1,0.00069258,8.1118,1.9276
1.0001,1.0003,1.0036,1,0.0004959,19.699,3.8995
1.0002,1.0003,1.0024,1,0.0002394,14.032,2.103
1.0006,1.0011,1.003,1,0.00062618,2.1951,-0.095707
1.0002,1.0003,1.002,1,0.00034301,8.7488,2.3018
1.0002,1.0003,1.0024,1,0.00034384,7.6213,2.0444
1.0006,1.0011,1.0054,1,0.0010067,5.9498,1.6576
1.0006,1.0012,1.0043,1,0.00080736,4.2606,1.1268
1.0002,1.0005,1.0025,1,0.00033351,6.7259,1.5694
1.0005,1.001,1.0071,1,0.00070691,19.51,2.7751
1.0005,1.0009,1.0052,1,0.00085474,5.6009,1.5491
1.0003,1.0005,1.0035,1,0.00051627,9.25,2.1451
1.0003,1.0006,1.0028,1,0.00046128,4.4476,1.2169
1.0006,1.0012,1.0027,1,0.00043433,3.1693,-0.23129
1.0002,1.0003,1.003,1,0.00024031,39.376,4.1099
1.0004,1.0007,1.0043,1,0.00047505,9.0142,1.8642
1.0007,1.0013,1.0062,1,0.00081142,7.0443,0.9991
1.0005,1.0009,1.0027,1,0.00040149,4.212,0.12409
1.0005,1.001,1.0061,1,0.00074124,13.42,2.5102
1.0008,1.0015,1.0047,1,0.0010091,2.5663,0.35311
1.0003,1.0006,1.0014,1,0.00024033,3.847,0.046005
1.0004,1.0008,1.004,1,0.00053442,7.4311,1.4679
1.0008,1.0015,1.0072,1,0.0009511,5.6606,0.94511
1.001,1.002,1.0101,1,0.001256,8.9347,1.5464
1.0003,1.0006,1.0036,1,0.00047686,5.9675,1.1315
1.0013,1.0024,1.0104,1,0.0014845,8.4016,1.8692
1.0001,1.0002,1.0029,1,0.00040722,16,3.4597
1.0007,1.0013,1.0049,1,0.00082153,4.6908,0.72325
1.001,1.0019,1.0062,1,0.0011076,2.8691,0.21092
1.0008,1.0016,1.0041,1,0.00079676,2.7144,-0.18426
1.0002,1.0003,1.0034,1,0.00044795,20.458,3.7764
1.0018,1.0034,1.0104,1,0.0017941,2.8871,0.011706
1.0005,1.001,1.0081,1,0.00071519,29.913,3.8804
1.0007,1.0013,1.0037,1,0.00077024,2.4484,0.016597
1.0003,1.0006,1.0033,1,0.00063206,4.2653,1.3143
1,1.0001,1.0007,1,7.7233e-05,13.276,2.6837
1.0003,1.0005,1.0025,1,0.00036283,6.6789,1.5017
1.0007,1.0013,1.0188,1,0.0017127,31.509,4.2182
1.0009,1.0017,1.0051,1,0.0010772,2.3644,0.21291
1.0006,1.0011,1.005,1,0.00062458,6.1912,0.79551
1.0006,1.0012,1.0036,1,0.00060452,2.8342,-0.022345
1.0005,1.001,1.0068,1,0.00079917,13.399,2.557
1.0007,1.0013,1.005,1,0.00076552,3.3669,0.40867
1.0006,1.0012,1.0037,1,0.00057181,3.4532,0.24703
1.0004,1.0008,1.0104,1,0.0014602,15.464,3.4507
1.0007,1.0014,1.0065,1,0.0010518,4.0535,1.0024
1.0004,1.0007,1.0042,1,0.00067021,6.5341,1.6219
1.0001,1.0003,1.0023,1,0.00021919,37.616,4.7994
1.0002,1.0004,1.0037,1,0.00058268,10.201,2.6214
1.0005,1.001,1.0042,1,0.00060853,6.2403,1.2517
1.0001,1.0003,1.0013,1,0.00013179,12.213,2.0082
1.0007,1.0013,1.0071,1,0.00094794,5.1684,0.99826
1.0002,1.0004,1.001,1,0.00020397,2.4551,0.20747
1.0002,1.0003,1.0017,1,0.00024015,8.6599,1.8542
1.0004,1.0007,1.0021,1,0.00034154,4.2459,0.24367
1.0004,1.0008,1.0032,1,0.00050605,5.2778,0.95991
1.0002,1.0004,1.0038,1,0.00056373,13.92,3.2133
1.0007,1.0013,1.0051,1,0.0008595,3.7615,0.65304
1.0001,1.0002,1.003,1,0.00045902,14.103,3.3111
1.0003,1.0005,1.0063,1,0.0008041,12.719,2.862
1.0001,1.0002,1.0016,1,0.00021757,9.4848,2.143
1.0009,1.0017,1.0046,1,0.00090962,2.4985,-0.25642
1.0002,1.0003,1.0046,1,0.0003904,29.717,4.0772
1.0012,1.0023,1.0058,1,0.0010732,2.9059,-0.18501
1.0001,1.0001,1.0019,1,0.00026365,14.658,3.271
1.0008,1.0015,1.0067,1,0.00091409,8.438,1.8453
1.0004,1.0008,1.0055,1,0.00064933,11.339,1.9767
1.0006,1.0011,1.0041,1,0.00064911,4.2934,0.89189
1.0003,1.0006,1.0044,1,0.00048227,10.852,1.8566
1.0004,1.0008,1.0049,1,0.00046032,10.315,1.0429
1.0003,1.0006,1.0035,1,0.00046617,6.0578,1.5529
1.0006,1.0012,1.0025,1,0.00040046,3.5808,0.15824
1.0005,1.001,1.0096,1,0.001164,15.063,2.9139
1.0001,1.0002,1.0023,1,0.00029557,11.119,2.7029
1.0003,1.0005,1.0039,1,0.0004413,14.052,2.588
1.0008,1.0015,1.006,1,0.00081116,5.1089,0.93036
1.0005,1.0009,1.0033,1,0.00056514,4.1275,0.84407
1.0006,1.0011,1.004,1,0.00059093,5.1197,0.50159
1.0006,1.0012,1.0037,1,0.00073859,2.5168,0.26034
1.0008,1.0014,1.0044,1,0.00065966,3.1191,0.10266
1.0016,1.0031,1.0138,1,0.0017361,4.7048,0.76857
1.0006,1.0011,1.0047,1,0.00074885,4.3443,0.75432
1.0006,1.0012,1.0111,1,0.0010947,17.765,2.8672
1.0003,1.0005,1.0029,1,0.00049657,6.5387,1.9408
1.0004,1.0008,1.0076,1,0.0011207,12.185,2.8788
1.0002,1.0003,1.0021,1,0.00031855,10.503,2.4447
1,1.0001,1.0003,1,5.8807e-05,3.1298,0.56932
1.0004,1.0008,1.0033,1,0.00054378,2.9087,0.3556
1.0005,1.001,1.0102,1,0.001546,10.947,2.7821
1.0008,1.0016,1.0082,1,0.0016886,4.145,1.3085
1.0001,1.0002,1.0012,1,0.00020443,5.8724,1.7412
1.0007,1.0013,1.0031,1,0.00051169,3.4162,0.057183
1.0005,1.001,1.0051,1,0.0006988,5.6738,1.1567
1.0006,1.0011,1.0056,1,0.00073295,6.579,1.0124
1.0004,1.0008,1.0041,1,0.00066104,4.3976,1.1552
1.0006,1.0011,1.003,1,0.00055326,3.0792,-0.13705
1.0003,1.0005,1.0168,1,0.0012422,62.41,6.3461
1.0003,1.0005,1.0028,1,0.00039581,5.3058,1.3302
1.0001,1.0002,1.0023,1,0.00020794,29.011,4.0519
1.0001,1.0002,1.0015,1,0.00019151,9.3258,2.1487
1.0003,1.0005,1.0024,1,0.00038317,5.1828,1.3734
1.0001,1.0003,1.0029,1,0.00032007,21.445,3.6902
1.0001,1.0002,1.0008,1,0.00011491,5.5122,1.226
1.0008,1.0014,1.0044,1,0.00082531,2.9448,0.096366
1.0004,1.0008,1.011,1,0.0012285,20.388,3.5721
1.0005,1.0009,1.0034,1,0.00051943,3.2202,0.17718
1.0003,1.0006,1.0032,1,0.00053548,5.244,1.5549
1.0001,1.0003,1.0023,1,0.00031267,9.1457,2.158
1.0009,1.0017,1.0078,1,0.0011962,5.0788,1.0777
1.0004,1.0009,1.0081,1,0.00078215,13.754,1.958
1.0008,1.0015,1.0032,1,0.00047415,3.701,-0.089242
1.0001,1.0001,1.0008,1,0.00014281,7.1391,2.0954
1.0002,1.0005,1.0017,1,0.000277,3.709,0.50556
1.0007,1.0014,1.005,1,0.00088525,2.6099,0.27372
1.0005,1.0009,1.0053,1,0.00062098,10.264,1.7113
1.0008,1.0015,1.0126,1,0.0014379,16.479,2.9224
1.0012,1.0022,1.0129,1,0.0013805,11.264,1.5824
1.0008,1.0015,1.0097,1,0.0014818,6.4236,1.6695
1.0007,1.0013,1.0045,1,0.00076183,3.1873,0.32291
1.0007,1.0013,1.0048,1,0.00077758,3.5759,0.62789
1.0007,1.0014,1.004,1,0.00093601,2.0927,0.33558
1.0004,1.0008,1.0034,1,0.00061081,3.9033,1.0607
1.0002,1.0004,1.0018,1,0.000236,5.0761,1.0223
1.0001,1.0003,1.0016,1,0.00025009,6.6973,1.5231
1.0007,1.0014,1.0091,1,0.0011239,12.493,2.4364
1.0005,1.0009,1.0036,1,0.00048249,8.125,1.7709
1.0009,1.0017,1.0081,1,0.0012879,6.1528,1.4233
1.0007,1.0014,1.0045,1,0.00089657,3.262,0.87089
1.0012,1.0023,1.0157,1,0.0018979,10.778,2.2776
1.0003,1.0005,1.0037,1,0.00064179,7.0436,1.9244
1.0004,1.0009,1.0036,1,0.00071267,3.5195,0.9469
1.0003,1.0006,1.0047,1,0.0009105,8.7795,2.5047
1.0009,1.0017,1.0105,1,0.0013948,12.2,2.5693
1.0006,1.0012,1.0049,1,0.0007893,4.9926,0.92365
1.0008,1.0015,1.0043,1,0.00078287,2.7311,0.26803
1.0004,1.0008,1.0089,1,0.0010017,13.864,2.7195
1.0005,1.001,1.0046,1,0.00066051,5.4138,1.0446
1.0003,1.0007,1.0029,1,0.00051554,3.9667,1.0396
1.0001,1.0001,1.0008,1,9.9542e-05,13.352,2.3813
1.0004,1.0008,1.003,1,0.00053333,3.2783,0.62202
1.0001,1.0002,1.0014,1,0.00026517,7.1794,2.0565
1.0005,1.001,1.0073,1,0.00075462,18.633,2.7329
1.0007,1.0013,1.0118,1,0.001464,14.076,2.8325
1.0008,1.0016,1.0064,1,0.0011664,3.569,0.86516
1.0001,1.0002,1.0006,1,9.1134e-05,5.2409,1.2758
1.0001,1.0002,1.0009,1,0.00018793,3.0436,0.65622
1.0003,1.0005,1.006,1,0.00074465,13.353,2.834
1.0002,1.0004,1.0024,1,0.00034953,7.9432,1.7965
1.0009,1.0018,1.0059,1,0.0010476,3.5706,0.48127
1.0001,1.0002,1.0032,1,0.00032064,20.398,3.5841
1.0002,1.0003,1.0033,1,0.00047002,16.466,3.2806
1.0009,1.0016,1.0112,1,0.0015935,7.9274,1.8487
1.0001,1.0003,1.0033,1,0.00033582,22.482,3.6394
1.0008,1.0015,1.0043,1,0.00071476,3.0811,-0.36947
1.0006,1.0011,1.0069,1,0.0010675,8.6603,2.1425
1.0001,1.0001,1.0005,1,7.9535e-05,3.7003,0.65242
1.0009,1.0016,1.0083,1,0.0012229,8.6672,1.9893
1.0005,1.0009,1.004,1,0.00059181,3.4359,0.29618
1.0003,1.0006,1.0115,1,0.0013063,26.204,4.5307
1.0006,1.0011,1.0063,1,0.00073891,7.2613,1.2643
1.0021,1.004,1.0263,1,0.0035697,12.227,2.6507
1.0004,1.0007,1.0033,1,0.00037996,8.2541,1.5441
1.0015,1.0028,1.0089,1,0.0016311,3.1162,0.41454
1.0004,1.0008,1.0031,1,0.0004064,4.7468,1.0171
1.0011,1.0022,1.0073,1,0.0013411,3.3092,0.53958
1.0002,1.0003,1.0018,1,0.00033821,4.9921,1.5552
1.0003,1.0005,1.0031,1,0.00035587,6.6498,1.3772
1.0005,1.0009,1.0089,1,0.0012376,13.424,2.9105
1.0003,1.0005,1.0034,1,0.00041658,12.267,2.2664
1.0003,1.0005,1.003,1,0.00035493,9.4087,1.1493
1.0004,1.0008,1.0028,1,0.00041165,3.501,-0.41317
1.0002,1.0005,1.0021,1,0.00034779,2.8052,0.46869
1.0007,1.0014,1.0076,1,0.0011466,8.7677,2.019
1.0003,1.0005,1.0025,1,0.00038163,4.5229,0.87397
1.0007,1.0014,1.0057,1,0.0010797,3.2699,0.69965
1.0003,1.0006,1.002,1,0.00029562,4.5798,1.0785
1,1.0001,1.0005,1,9.2091e-05,5.7998,1.7309
1.0009,1.0017,1.0083,1,0.0011361,5.8364,1.183
1.0004,1.0008,1.0032,1,0.00046087,6.4795,1.6625
1.0004,1.0007,1.0018,1,0.00033687,3.3214,0.36642
1.0003,1.0006,1.0032,1,0.00062462,5.2407,1.5566
1.0009,1.0018,1.0061,1,0.0012071,2.3321,0.22258
1.0002,1.0003,1.0032,1,0.00038148,13.507,2.5533
1.0006,1.0011,1.0041,1,0.0004461,6.0955,0.54885
1.001,1.002,1.0047,1,0.00076176,3.6751,-0.65088
1.0005,1.0009,1.0056,1,0.0009136,6.6843,1.8019
1.0009,1.0016,1.004,1,0.00063659,3.2784,0.035037
1.0001,1.0002,1.0014,1,0.00014847,14.387,2.6036
1.0006,1.0011,1.003,1,0.00047995,4.438,0.67077
1.0001,1.0002,1.0004,1,6.9969e-05,3.3774,0.32419
1.0005,1.0009,1.0027,1,0.00056915,2.681,0.42486
1.0004,1.0008,1.0076,1,0.00081339,12.353,2.1609
1.0006,1.0012,1.0024,1,0.00043258,3.2382,-0.13164
1.0009,1.0018,1.0059,1,0.0010476,3.1033,0.27371
1.0001,1.0002,1.001,1,0.0001541,4.4284,0.97363
1.0008,1.0016,1.0076,1,0.00095129,6.3658,0.84708
1.0005,1.0009,1.0031,1,0.00050492,2.929,-0.0073462
1.0001,1.0002,1.0021,1,0.00022742,16.254,3.1173
1.0005,1.001,1.0043,1,0.00072648,3.0344,0.52678
1.0012,1.0023,1.006,1,0.0012239,2.6159,-0.22534
1.0003,1.0007,1.0036,1,0.00050473,7.4693,1.3965
1.0002,1.0004,1.0014,1,0.00028408,2.8656,0.5195
1.0005,1.0009,1.0041,1,0.00064546,6.0578,1.4183
1.0008,1.0016,1.0041,1,0.00087164,2.6848,0.05694
1.0007,1.0013,1.0049,1,0.00064706,5.6308,1.1547
1.0027,1.0051,1.0258,1,0.003336,5.7188,0.95948
1.0009,1.0017,1.0126,1,0.0015119,11.405,2.3842
1.0009,1.0018,1.0076,1,0.0010697,6.7551,1.1773
1.0003,1.0005,1.0022,1,0.00034737,4.9481,1.1976
1.0012,1.0022,1.0072,1,0.0011025,4.0273,0.11019
1.0002,1.0004,1.002,1,0.00022129,8.3364,1.2776
1.0016,1.0031,1.0091,1,0.0019012,2.4828,0.30976
1,1,1.0002,1,2.6185e-05,18.397,2.909
1.0005,1.0009,1.0044,1,0.0005014,11.381,1.9455
1.0009,1.0018,1.0085,1,0.0011939,4.4434,0.76542
1.0007,1.0014,1.0048,1,0.00096703,3.0321,0.63542
1.0004,1.0008,1.0022,1,0.00032346,3.3157,0.4427
1.0003,1.0006,1.0068,1,0.00075679,12.501,2.6726
1.0003,1.0007,1.006,1,0.00046839,37.918,4.0325
1.0007,1.0014,1.0075,1,0.00093258,10.362,2.2139
1.0004,1.0008,1.0057,1,0.00064827,7.5404,1.6561
1.0005,1.001,1.0054,1,0.00079166,6.607,1.511
1.0005,1.0009,1.0021,1,0.00042704,2.7253,-0.12648
1.0004,1.0008,1.0021,1,0.00043458,2.2374,-0.12931
1.0005,1.0009,1.0024,1,0.00045094,2.9876,0.12253
1.0005,1.0009,1.0037,1,0.00073764,2.2396,0.2634
1.0001,1.0002,1.0015,1,0.00018858,8.5516,1.8785
1.0001,1.0003,1.0019,1,0.00024939,9.1647,2.1809
1.0002,1.0003,1.0013,1,0.00019233,6.1928,1.2113
1.001,1.002,1.0096,1,0.00097991,17.275,2.4313
1.0006,1.0012,1.003,1,0.00041733,4.7615,-0.70578
1.0003,1.0006,1.0033,1,0.00036227,12.742,1.8843
1.0001,1.0002,1.0013,1,0.00019507,7.0579,1.8647
1,1.0001,1.0011,1,0.00012872,16.858,3.1923
1.0009,1.0017,1.0082,1,0.0012123,6.4575,1.3743
1.0002,1.0003,1.0018,1,0.00032472,6.2158,1.7065
1,1,1.0007,1,8.6821e-05,16.991,3.4885
1.0001,1.0002,1.0011,1,0.00018562,5.8835,1.7248
1.0001,1.0002,1.0006,1,0.00010972,3.0208,0.5994
1.0001,1.0001,1.0003,1,5.7036e-05,3.7813,0.6142
1.0002,1.0004,1.0011,1,0.00016345,4.2852,0.41694
1.0002,1.0004,1.0032,1,0.0002673,41.385,4.6718
1.0003,1.0006,1.002,1,0.00035994,3.8173,1.0113
1.0004,1.0008,1.0053,1,0.00058145,14.21,2.6028
1.0002,1.0004,1.0014,1,0.00033202,3.175,1.0334
1.0003,1.0006,1.0026,1,0.00037587,4.6419,1.112
1.0002,1.0005,1.0037,1,0.00053033,10.996,2.5007
1.0003,1.0005,1.003,1,0.0005633,5.0038,1.5243
1.0004,1.0007,1.0018,1,0.00037328,2.4646,0.35274
1.0002,1.0004,1.0041,1,0.00054372,16.883,3.3519
1.0003,1.0005,1.0016,1,0.00031793,2.9025,0.52742
1.0002,1.0003,1.0015,1,0.00023479,4.3775,1.0615
1.0004,1.0009,1.0035,1,0.00048549,6.2782,1.1865
1.0004,1.0007,1.0033,1,0.0004576,5.733,1.2002
1.0001,1.0001,1.0021,1,0.00031936,15.032,3.5346
1.0002,1.0003,1.0041,1,0.00068367,14.295,3.459
1.0003,1.0005,1.004,1,0.00079314,7.8484,2.2968
1.0001,1.0002,1.0013,1,0.00011829,16.02,2.0079
1,1.0001,1.0008,1,0.00014422,9.3436,2.5941
1.001,1.0018,1.0048,1,0.00082301,3.2261,0.31796
1.0001,1.0001,1.0012,1,0.00016657,13.351,2.9512
1.0001,1.0003,1.0017,1,0.00027091,6.239,1.656
1.0012,1.0023,1.0068,1,0.00131,2.7763,0.20247
1,1,1.0004,1,5.0543e-05,10.164,2.4136
1.0005,1.0009,1.006,1,0.00064075,11.234,1.9467
1.0001,1.0002,1.0032,1,0.00047189,17.743,3.7821
1.0002,1.0004,1.0031,1,0.00037672,7.9224,1.7953
1.0004,1.0008,1.0061,1,0.00058093,14.982,2.3472
1.0003,1.0006,1.0019,1,0.00037315,2.9448,0.61866
1.0004,1.0009,1.0037,1,0.00052142,5.6518,1.2002
1.0004,1.0007,1.0044,1,0.00086914,6.3006,1.9129
1.0002,1.0004,1.0015,1,0.00021594,4.0283,0.89705
1.0003,1.0005,1.0029,1,0.00055692,6.4311,1.8876
1.0003,1.0006,1.0027,1,0.00034393,6.0922,1.1066
1.0005,1.0011,1.0053,1,0.00081382,5.3219,1.2714
1.0001,1.0002,1.0007,1,0.00013031,3.5949,1.037
1.0003,1.0006,1.0017,1,0.00036101,3.0421,0.57606
1.0001,1.0002,1.0007,1,0.00011289,4.2497,0.83539
1.0002,1.0004,1.0016,1,0.00024113,6.6369,1.508
1.0002,1.0004,1.0037,1,0.0004976,10.584,2.4384
1.0005,1.001,1.0084,1,0.0011809,12.02,2.7123
1.0006,1.0012,1.0096,1,0.0013692,13.737,2.8863
1.0004,1.0008,1.0024,1,0.00033894,3.5246,0.20661
1.0004,1.0008,1.0064,1,0.00072936,17.265,3.0433
1.0003,1.0006,1.0019,1,0.00032257,2.9285,0.45091
1.0003,1.0006,1.0044,1,0.00055548,7.5372,1.7789
1.0004,1.0008,1.0029,1,0.0004684,5.0962,1.1558
1.0002,1.0004,1.0048,1,0.00083963,13.977,3.3531
1.0006,1.0012,1.0037,1,0.00064094,2.9373,0.17214
1.0009,1.0018,1.0035,1,0.00070968,2.8316,-0.3319
1.0001,1.0002,1.0016,1,0.00022192,12.861,2.9616
1.0004,1.0007,1.002,1,0.00039747,2.6748,0.48426
1.0001,1.0001,1.0019,1,0.00017714,28.582,4.3042
1.0005,1.001,1.0032,1,0.00049113,3.0047,0.2843
1.0003,1.0006,1.002,1,0.00025337,5.7369,0.54579
1.0004,1.0007,1.0022,1,0.00034761,3.1261,0.21014
1.0001,1.0002,1.0021,1,0.00027303,16.466,3.3217
1.0001,1.0003,1.0028,1,0.00034385,11.365,2.5284
1,1.0001,1.0006,1,7.5607e-05,13.383,2.8097
1.0003,1.0005,1.0018,1,0.00041861,2.4329,0.67316
1.0003,1.0006,1.0043,1,0.00057395,9.1839,2.1475
1.0004,1.0009,1.0058,1,0.00080182,6.7203,1.6244
1.0003,1.0005,1.0043,1,0.00062714,8.7222,2.1728
1.0002,1.0004,1.0018,1,0.00035314,5.4744,1.6492
1.0009,1.0017,1.0063,1,0.00088412,4.4137,0.77771
1.0005,1.001,1.0043,1,0.00062718,3.9609,0.15565
1.0004,1.0008,1.0047,1,0.00045963,12.967,1.7254
1.0006,1.0012,1.0045,1,0.00054953,6.3338,0.745
1.0006,1.0012,1.0078,1,0.0012908,6.1054,1.7237
1.0001,1.0002,1.0023,1,0.00025894,14.744,2.7021
1.0001,1.0002,1.0009,1,0.00018322,2.7046,0.69604
1.0002,1.0004,1.0025,1,0.00041109,8.529,2.1208
1.0002,1.0003,1.0017,1,0.00027757,6.7598,1.8212
1.0003,1.0006,1.0051,1,0.00078532,10.499,2.6037
1.0004,1.0008,1.0037,1,0.00053634,5.671,1.2111
1.0004,1.0007,1.002,1,0.00034408,2.7833,0.31416
1.0006,1.0011,1.0069,1,0.00085352,7.3629,1.5809
1.0005,1.001,1.004,1,0.00074039,4.9785,1.3532
1.0007,1.0014,1.006,1,0.00088774,4.9856,1.1864
1.0005,1.001,1.0071,1,0.00068666,25.591,3.6388
1.0003,1.0007,1.0023,1,0.00028482,5.0535,0.43274
1.0002,1.0005,1.0013,1,0.00023824,3.3815,0.6998
1.0004,1.0007,1.0051,1,0.00054368,13.146,1.9558
1.0001,1.0003,1.004,1,0.00039901,26.072,4.1444
1.0009,1.0017,1.0089,1,0.0018366,3.9981,1.3294
1.0001,1.0002,1.0009,1,0.00014825,4.9565,1.4205
1.0002,1.0004,1.001,1,0.00016209,3.9139,-0.44061
1.0003,1.0006,1.0019,1,0.00027614,3.9333,0.40573
1.0002,1.0004,1.0012,1,0.00023506,3.3856,0.67107
1.0003,1.0005,1.0018,1,0.00027665,3.3849,0.24426
1.0005,1.0009,1.0033,1,0.00038831,5.3941,0.54349
1.0002,1.0004,1.0047,1,0.00063537,18.131,3.6957
1.0001,1.0001,1.0005,1,8.7361e-05,5.3936,1.426
1.0003,1.0006,1.0046,1,0.00076069,7.9276,2.0923
1.0001,1.0002,1.0015,1,0.00020269,8.633,1.9123
1.0002,1.0003,1.0009,1,0.00014289,4.1474,0.26663
1.0001,1.0001,1.0005,1,6.5526e-05,8.2966,1.7024
1.0004,1.0008,1.0031,1,0.00048453,4.5473,1.1472
1.0005,1.0009,1.0032,1,0.00050635,5.5304,1.2976
1.0007,1.0014,1.0056,1,0.0011184,3.4515,0.89924
1.0006,1.0012,1.0043,1,0.00054482,5.5612,0.64447
1.0003,1.0006,1.006,1,0.00086714,11.082,2.692
1.0001,1.0002,1.0012,1,0.0002132,8.4255,2.2494
1.0004,1.0008,1.0014,1,0.00027549,4.1998,-1.2272
1.0001,1.0001,1.001,1,0.00017282,7.3111,2.0762
1.0001,1.0002,1.0019,1,0.00020375,21.72,3.5516
1.0002,1.0004,1.0058,1,0.00062477,19.561,3.5846
1.0002,1.0005,1.0013,1,0.00025944,3.0275,0.599
1.0006,1.0012,1.0038,1,0.00059627,4.7617,0.80493
1.0001,1.0003,1.0011,1,0.0001864,3.1544,0.78082
1.0003,1.0007,1.0023,1,0.00030192,7.8118,1.308
1.0004,1.0008,1.003,1,0.00039786,6.4037,0.81965
1.0003,1.0006,1.0027,1,0.00051439,6.3297,1.8
1.0002,1.0004,1.0013,1,0.00022162,4.1529,0.86425
1,1.0001,1.0003,1,3.8116e-05,6.6327,1.5336
1.0002,1.0004,1.0049,1,0.00083355,14.96,3.495
1.0002,1.0003,1.0011,1,0.00021872,3.0716,0.76169
1.0001,1.0002,1.0014,1,0.00018518,9.1684,2.2242
1.0004,1.0007,1.0021,1,0.00023428,7.0368,0.28413
1.0003,1.0006,1.0048,1,0.00081158,9.4249,2.4364
1.0008,1.0015,1.0053,1,0.00097976,3.8949,0.86113
1.0002,1.0003,1.0023,1,0.00043713,5.371,1.6907
1.0001,1.0002,1.002,1,0.00031013,11.384,2.8926
1.0001,1.0002,1.0009,1,0.0001699,2.2,0.29046
1.0004,1.0007,1.0059,1,0.0010536,8.1299,2.2752
1.0002,1.0003,1.0021,1,0.00030585,9.6192,2.1465
1.0009,1.0017,1.0067,1,0.00078961,6.2252,1.0248
1.0002,1.0004,1.0039,1,0.00045499,12.795,2.4938
1.0002,1.0003,1.0023,1,0.00029694,7.6387,1.7935
1.0005,1.001,1.0024,1,0.00047577,3.0353,-0.0020888
1.0005,1.0009,1.0021,1,0.00031444,4.54,0.10818
1.0001,1.0002,1.0026,1,0.00031015,11.623,2.5654
1.0003,1.0005,1.0019,1,0.00037753,3.4791,0.99257
1.0005,1.0009,1.0036,1,0.00037505,8.1227,0.99125
1.0006,1.0011,1.0027,1,0.00052459,3.0096,0.24882
1.0005,1.0009,1.0054,1,0.00087147,3.1879,0.92468
1.0007,1.0013,1.0041,1,0.00075808,3.0854,0.38832
1.0004,1.0008,1.0061,1,0.00085312,11.944,2.6728
1.0001,1.0002,1.0013,1,0.00020956,6.5949,1.6263
1.0001,1.0001,1.0019,1,0.0001802,20.491,3.5327
1.0005,1.001,1.0059,1,0.0010165,7.2013,1.8561
1.0001,1.0002,1.0022,1,0.00036802,10.653,2.6153
1,1,1.0002,1,3.7711e-05,9.2422,2.5867
1.0002,1.0003,1.0015,1,0.00030742,3.6224,0.96999
1,1,1.0011,1,7.5687e-05,55.1,6.1395
1,1,1.0006,1,7.8193e-05,16.683,3.4331
1,1,1.0004,1,5.2463e-05,11.036,2.5097
1,1.0001,1.0005,1,9.4289e-05,7.6511,2.0661
1,1,1.0003,1,3.5036e-05,6.8155,1.5427
1.0002,1.0004,1.005,1,0.00056892,20.846,3.5503
1,1.0001,1.001,1,0.00013742,18.007,3.6372
1.0001,1.0001,1.0014,1,0.00021872,9.8356,2.4789
1.0001,1.0001,1.0028,1,0.00020148,63.027,6.4947
1,1,1.0008,1,7.8957e-05,31.077,4.5895
1.0003,1.0006,1.0213,1,0.0015002,104.89,9.0955
1.0002,1.0003,1.0035,1,0.00039128,28.001,4.5633
1.0001,1.0001,1.0011,1,0.0001416,12.879,2.8138
1.0001,1.0001,1.0036,1,0.00031154,55.223,6.511
1.0001,1.0001,1.0025,1,0.00026097,37.856,5.2031
1.0001,1.0002,1.0016,1,0.00024724,6.515,1.7613
1.0001,1.0001,1.0012,1,0.00019326,7.292,2.0005
1,1.0001,1.0011,1,0.00017903,13.202,3.0719
1.0002,1.0003,1.0025,1,0.0003893,5.9582,1.5797
1,1.0001,1.0008,1,0.00013357,9.9077,2.6052
1,1.0001,1.001,1,0.00010392,17.211,3.2001
1.0001,1.0002,1.002,1,0.00033347,11.597,2.8849
1.0003,1.0006,1.0044,1,0.00083792,7.9239,2.1957
1,1,1,1,3.909e-06,7.0227,1.5697
1,1.0001,1.0016,1,0.00016928,40.944,5.6538
1.0001,1.0001,1.0038,1,0.00024023,89.681,7.2021
1.0001,1.0001,1.0011,1,0.00013714,12.199,2.6926
1.0001,1.0002,1.0011,1,0.00017359,7.1353,1.7826
1,1,1.0003,1,3.7865e-05,15.805,3.1311
1,1.0001,1.0007,1,9.0705e-05,10.369,2.4694
1.0001,1.0001,1.0011,1,0.00020325,5.678,1.7961
1.0002,1.0003,1.0083,1,0.0007722,35.124,5.082
1.0004,1.0007,1.0058,1,0.00090092,7.302,2.0224
1,1,1.0004,1,4.0471e-05,23.762,3.6208
1,1,1.0006,1,7.2833e-05,17.865,3.4691
1.0003,1.0006,1.0043,1,0.00067523,7.1967,1.9796
1,1,1,1,4.9952e-07,6.631,1.8916
1,1.0001,1.001,1,0.00012105,23.415,3.9205
1,1.0001,1.0012,1,0.00012988,19.907,3.4834
1.0004,1.0007,1.0051,1,0.00075049,8.1844,2.1263
1.0001,1.0002,1.0019,1,0.00020767,18.123,3.2907
1.0001,1.0003,1.0035,1,0.00046726,11.117,2.6379
1.0001,1.0002,1.0038,1,0.00031369,46.551,5.6111
1,1,1.001,1,8.5025e-05,36.582,4.6757
1.0001,1.0001,1.0032,1,0.0003738,26.201,4.6462
1,1,1.0002,1,2.6772e-05,10.384,2.5298
1,1,1.0008,1,9.0993e-05,17.015,3.2928
1.0001,1.0001,1.0007,1,0.00011097,9.3857,2.1881
1.0002,1.0004,1.0063,1,0.00073512,15.74,3.1364
1,1,1.0004,1,4.8304e-05,26.122,4.3764
1.0001,1.0002,1.001,1,0.00019983,4.7153,1.4184
1.0001,1.0001,1.0011,1,0.00019369,8.4555,2.2506
1.0001,1.0001,1.0009,1,0.0001905,6.7664,2.182
1,1.0001,1.0007,1,8.94e-05,18.281,3.5824
1,1.0001,1.0006,1,0.00010168,5.5722,1.7956
1.0002,1.0005,1.0016,1,0.00029133,2.6602,0.34247
1.0004,1.0008,1.0057,1,0.00088397,7.9184,1.8472
1.0001,1.0002,1.0039,1,0.00042259,39.147,5.5911
1,1,1.0007,1,8.2449e-05,15.966,3.1956
1.0001,1.0002,1.0017,1,0.00018572,12.053,2.2145
1,1,1.0007,1,6.8884e-05,24.284,4.0358
1.0002,1.0004,1.0041,1,0.00056567,13.944,2.9064
1,1,1.0006,1,5.2226e-05,24.826,3.6199
1,1.0001,1.0005,1,8.2644e-05,5.1895,1.4189
1,1.0001,1.0006,1,8.0322e-05,10.351,2.4117
1.0003,1.0005,1.004,1,0.00054942,6.0031,1.5726
1.0001,1.0002,1.0019,1,0.00033028,9.186,2.4794
1,1,1.0012,1,8.3e-05,69.001,6.7143
1,1,1.0007,1,4.0289e-05,82.349,7.1726
1.0001,1.0002,1.0021,1,0.00034608,8.5329,2.2914
1.0001,1.0002,1.0029,1,0.00027509,27.717,4.1157
1,1.0001,1.0013,1,0.00016184,15.205,3.0824
1.0001,1.0002,1.0017,1,0.00024188,8.9112,2.1182
1,1.0001,1.0005,1,6.4484e-05,6.755,1.7522
1.0005,1.0009,1.0152,1,0.0012966,47.424,5.9366
1.0002,1.0004,1.0059,1,0.00072622,21.373,4.0063
1.0001,1.0001,1.0008,1,0.00011822,6.656,1.6413
1.0001,1.0003,1.0017,1,0.00025878,5.0847,1.3482
1,1.0001,1.0018,1,0.00014315,55.589,6.2592
1.0001,1.0002,1.0027,1,0.00026597,19.442,3.1747
1,1,1.0002,1,2.1023e-05,20.261,3.7678
1.0001,1.0001,1.0018,1,0.00025139,17.578,3.4806
1,1.0001,1.0012,1,0.00013223,28.401,4.7145
1,1,1.0002,1,3.296e-05,7.1066,1.8836
1.0001,1.0001,1.0008,1,0.00014892,6.9121,1.9841
1,1,1.0006,1,7.2681e-05,11.344,2.6134
1.0001,1.0001,1.002,1,0.00027162,12.419,2.9613
1.0002,1.0003,1.0022,1,0.00038841,5.7474,1.7725
1,1,1.0003,1,5.1095e-05,6.3215,1.8504
1,1,1.0003,1,2.168e-05,75.968,7.6167
1.0002,1.0004,1.0018,1,0.00031643,4.6905,1.2753
1.0001,1.0001,1.0013,1,0.00017172,13.62,3.0212
1,1,1.0011,1,6.4162e-05,102.62,7.9459
1.0001,1.0002,1.0043,1,0.00046719,36.844,5.5008
1,1.0001,1.0003,1,5.9969e-05,3.8367,1.2592
1,1.0001,1.0011,1,0.00014852,18.656,3.7374
1.0001,1.0002,1.0014,1,0.00026956,6.5366,2.0685
1.0001,1.0001,1.0023,1,0.00023186,30.755,4.5973
1,1.0001,1.0003,1,5.9348e-05,5.2515,1.5336
1,1,1.0002,1,2.3381e-05,10.774,2.4776
1,1,1.0001,1,9.7906e-06,32.82,4.5932
1.0001,1.0002,1.0012,1,0.0002032,5.7032,1.6567
1.0001,1.0003,1.0078,1,0.0006741,54.242,6.5631
1,1.0001,1.0003,1,6.0936e-05,2.3714,0.13088
1,1,1.0001,1,1.5407e-05,7.8186,1.9771
1,1,1.0005,1,7.3051e-05,11.809,2.6467
1,1.0001,1.0005,1,8.1274e-05,13.149,3.1225
1.0002,1.0003,1.0059,1,0.00057275,22.12,3.4845
1.0001,1.0002,1.0027,1,0.00034656,13.349,2.8805
1,1.0001,1.0004,1,7.4373e-05,5.1042,1.5627
1,1.0001,1.0037,1,0.00019507,178.62,11.566
1,1,1.0015,1,0.00013509,58.08,7.0119
1.0001,1.0002,1.0027,1,0.00034138,17.071,3.2935
1.0001,1.0001,1.0013,1,0.00017983,13.555,2.8676
1.0001,1.0002,1.0038,1,0.00050053,16.873,3.6567
1,1.0001,1.0015,1,0.00015032,25.398,4.3572
1.0001,1.0001,1.0049,1,0.00044282,47.645,6.3622
1.0001,1.0003,1.0024,1,0.00027727,13.401,2.5189
1,1.0001,1.0007,1,0.00011284,7.1306,2.0078
1,1.0001,1.0018,1,0.00017221,39.266,5.3106
1.0002,1.0003,1.003,1,0.00035858,16.075,3.0465
1.0001,1.0002,1.0028,1,0.00022542,24.332,2.9957
1,1,1.0003,1,4.098e-05,7.8816,2.1501
1,1.0001,1.0004,1,7.6411e-05,7.7026,2.1781
1,1,1.0002,1,2.0119e-05,15.274,3.165
1,1.0001,1.004,1,0.00022373,197.34,12.709
1.0001,1.0001,1.0031,1,0.00028007,30.007,4.4846
1.0007,1.0013,1.0109,1,0.0019953,6.407,2.0863
1,1.0001,1.0029,1,0.00019292,102.41,9.1368
1,1.0001,1.001,1,9.8471e-05,23.921,3.8394
1.0001,1.0001,1.0014,1,0.00023722,8.7675,2.3658
1,1.0001,1.0022,1,0.0001639,78.891,7.7948
1,1,1.0006,1,4.7954e-05,37.877,4.6646
1.0005,1.0009,1.0098,1,0.0011299,18.692,3.3867
1,1,1.0001,1,1.5876e-05,11.52,2.3726
1.0001,1.0002,1.0014,1,0.00025144,4.3276,1.4266
1,1,1.0004,1,5.5669e-05,4.5315,1.3813
1,1.0001,1.0008,1,0.00013807,7.2055,2.0913
1.0001,1.0001,1.0019,1,0.00018458,27.837,4.2145
1.0001,1.0002,1.0022,1,0.00030032,13.533,2.8471
1,1.0001,1.0006,1,9.9119e-05,7.5817,2.1475
1.0002,1.0004,1.0054,1,0.00070405,12.621,2.8787
1.0001,1.0001,1.0027,1,0.00025144,27.973,4.2473
1.0001,1.0002,1.0017,1,0.00027923,6.6148,1.8349
1.0001,1.0002,1.0016,1,0.00028133,8.0574,2.2337
1.0001,1.0002,1.0057,1,0.00050944,50.845,6.5465
1,1,1.0001,1,1.3484e-05,17.172,3.4116
1.0002,1.0005,1.0042,1,0.00041968,18.548,3.1645
1.0004,1.0008,1.0067,1,0.0008101,14.252,2.7397
1.0001,1.0002,1.001,1,0.00020066,3.9871,1.2847
1.0001,1.0002,1.0025,1,0.0003715,12.762,3.0393
1.0002,1.0003,1.0031,1,0.0004676,10.232,2.5969
1,1,1.0003,1,3.7198e-05,12.042,2.8058
1.0001,1.0001,1.0011,1,0.00018206,11.738,2.844
1,1,1.0001,1,1.3217e-05,11.328,2.4361
1.0001,1.0002,1.0024,1,0.00036528,8.6778,2.4012
1,1,1.0009,1,0.00013193,23.183,4.4467
1.0001,1.0002,1.0011,1,0.00019629,6.0262,1.7571
1.0001,1.0002,1.0016,1,0.00029346,8.0006,2.1623
1,1,1,1,2.2091e-06,8.9454,2.2909
1.0001,1.0002,1.0021,1,0.00029825,7.8289,1.9967
1,1.0001,1.0009,1,0.00013012,10.3,2.6125
1,1,1.001,1,8.1741e-05,58.384,6.6164
1,1,1.0001,1,1.6559e-05,7.4076,1.8371
1,1.0001,1.0005,1,6.2689e-05,8.5773,1.8764
1,1,1.0005,1,6.783e-05,13.473,3.03
1.0001,1.0002,1.003,1,0.00026519,25.228,3.7265
1.0003,1.0005,1.0036,1,0.00058694,5.1281,1.5718
1.0001,1.0002,1.0028,1,0.00026877,38.096,5.2673
1.0005,1.001,1.0087,1,0.0013501,9.1615,2.3271
1,1,1.0002,1,1.8486e-05,54.922,6.4608
1,1,1.0001,1,1.0341e-05,43.64,5.8227
1,1,1.0008,1,7.2383e-05,61.856,7.2355
1.0001,1.0002,1.0039,1,0.00045989,26.177,4.4356
1.0002,1.0003,1.0043,1,0.00053905,20.249,3.8512
1,1.0001,1.0007,1,0.0001037,10.708,2.5515
1.0005,1.0009,1.0064,1,0.001046,6.7341,1.8097
1.0001,1.0002,1.0013,1,0.00016072,8.7817,1.936
1,1.0001,1.0005,1,0.00011506,7.2122,2.2289
1.0001,1.0001,1.0009,1,0.000144,5.9398,1.8168
1,1,1.0005,1,5.0813e-05,46.027,5.8769
1,1.0001,1.0005,1,8.0568e-05,8.2994,2.0683
1,1.0001,1.0027,1,0.00018325,81.055,7.2138
1,1,1.0015,1,9.3345e-05,138.45,10.488
1,1.0001,1.001,1,9.2975e-05,33.416,4.5297
1.0001,1.0001,1.0014,1,0.00020783,12.459,2.8597
1.0004,1.0008,1.0102,1,0.0014738,17.664,3.6358
1,1,1.0005,1,6.4941e-05,23.878,4.4653
1.0001,1.0001,1.0107,1,0.00062638,146.73,11.1
1.0001,1.0001,1.0081,1,0.00046733,138.47,10.345
1.0001,1.0003,1.0043,1,0.00041885,27.425,4.2262
1,1,1,1,4.0018e-06,19.085,3.5479
1.0002,1.0004,1.0029,1,0.00040071,8.0885,1.8956
1,1,1,1,5.1193e-06,22.078,3.7363
1.0001,1.0002,1.0028,1,0.00031794,27.832,4.5731
1,1,1,1,5.5118e-06,6.018,1.4174
1,1,1.0004,1,6.8421e-05,10.499,2.806
1,1,1.0005,1,9.5032e-05,11.536,3.0025
1.0001,1.0002,1.0029,1,0.00023933,54.079,6.062
1,1.0001,1.0005,1,6.3966e-05,13.456,2.7803
1.0001,1.0001,1.0019,1,0.00021874,19.371,3.4657
1.0001,1.0002,1.0007,1,0.00017249,2.9209,0.94173
1.0001,1.0001,1.0013,1,0.00022028,7.7968,2.2515
1,1.0001,1.0014,1,0.00017346,24.064,4.304
1.0001,1.0002,1.0009,1,0.0001881,4.1307,1.3177
1,1,1.0001,1,9.0798e-06,26.515,4.6077
1.0001,1.0001,1.0011,1,0.00011396,21.305,3.486
1,1.0001,1.0006,1,7.4749e-05,15.115,3.0676
1.0001,1.0001,1.0017,1,0.0002136,21.837,4.0485
1.0001,1.0001,1.0024,1,0.00020659,36.443,5.0449
1.0001,1.0002,1.0033,1,0.00029885,34.618,4.5215
1.0001,1.0002,1.0014,1,0.00026041,6.7343,2.1053
1.0001,1.0001,1.0012,1,0.00015509,8.5121,2.0608
1,1.0001,1.0006,1,7.4288e-05,15.5,3.1304
1,1.0001,1.0027,1,0.0001564,109.69,8.3821
1,1,1.0004,1,4.1438e-05,12.835,2.6474
1,1.0001,1.0013,1,0.00016474,17.073,3.4853
1.0001,1.0001,1.0018,1,0.00017178,23.938,3.6183
1,1,1.0002,1,2.6817e-05,16.357,3.3498
1,1,1.0003,1,4.3124e-05,8.2887,2.2505
1.0001,1.0001,1.0011,1,0.00021117,5.1975,1.725
1.0001,1.0003,1.0016,1,0.00025308,6.8754,1.7864
1.0002,1.0003,1.0034,1,0.00057668,12.611,2.9908
1,1,1.0004,1,6.8769e-05,8.7767,2.3015
1,1,1,1,3.0463e-06,27.432,3.852
1,1.0001,1.0008,1,0.00011125,14.019,2.9695
1.0001,1.0002,1.0007,1,0.00010444,3.3457,0.57579
1,1.0001,1.0027,1,0.00026514,62.241,7.2583
1,1.0001,1.0008,1,0.00010153,15.527,3.2142
1,1,1.0002,1,2.388e-05,18.026,3.3818
1.0002,1.0004,1.0027,1,0.00053239,5.9227,1.8608
1,1.0001,1.0005,1,8.4646e-05,4.9092,1.5307
1.0001,1.0002,1.0012,1,0.0001662,10.943,2.3208
1.0001,1.0001,1.005,1,0.00030094,172.61,11.853
1.0001,1.0001,1.002,1,0.00018776,25.077,3.5572
1,1.0001,1.0016,1,0.00015512,32.345,4.9876
1.0001,1.0002,1.0024,1,0.00036316,17.463,3.6173
1.0001,1.0001,1.0015,1,0.00014189,21.775,3.4514
1,1.0001,1.0011,1,0.00012155,23.146,3.9457
1.0002,1.0003,1.0021,1,0.00031234,7.2978,1.8991
1,1,1.0004,1,4.7838e-05,26.869,4.4081
1,1.0001,1.0013,1,0.00021512,14.473,3.3494
1,1,1.0003,1,3.7356e-05,19.781,3.6681
1,1,1.0008,1,6.702e-05,47.297,5.7929
1.0001,1.0001,1.0026,1,0.00022545,53.047,6.1899
1,1,1.0004,1,5.6771e-05,12.952,3.0075
1.0001,1.0002,1.0018,1,0.00027175,7.9672,2.012
1.0001,1.0001,1.0013,1,0.00017078,13.173,2.9372
1.0001,1.0001,1.0009,1,0.00015568,9.4932,2.4265
1,1.0001,1.0011,1,0.00012331,25.266,4.3126
1.0002,1.0003,1.0044,1,0.00064042,16.859,3.6064
1,1.0001,1.0005,1,0.00010382,4.908,1.5581
1.0002,1.0004,1.0044,1,0.0005748,17.424,3.5806
1.0001,1.0003,1.0038,1,0.00031566,33.12,4.178
1,1.0001,1.0006,1,6.6311e-05,11.127,2.2598
1,1,1.0021,1,0.00015838,83.643,8.2292
1,1.0001,1.0004,1,9.1734e-05,4.8457,1.5785
1,1.0001,1.001,1,8.7305e-05,24.169,3.5113
1,1.0001,1.0004,1,6.9658e-05,6.6981,1.9289
1.0001,1.0002,1.003,1,0.00031148,17.17,3.1864
1.0001,1.0002,1.0026,1,0.00026244,17.624,3.0664
1.0003,1.0006,1.0034,1,0.00065688,5.9736,1.7729
1,1,1.0005,1,6.4182e-05,18.423,3.6187
1.0001,1.0001,1.0007,1,0.0001144,7.2591,1.9551
1,1.0001,1.0027,1,0.0001923,61.858,6.0622
1,1.0001,1.0014,1,0.00012784,21.168,3.053
1,1.0001,1.0015,1,0.00022684,20.221,4.1016
1.0001,1.0001,1.0015,1,0.00017269,13.198,2.6309
1,1.0001,1.0029,1,0.00022897,47.162,5.5604
1,1.0001,1.0006,1,8.9773e-05,10.808,2.5241
1,1,1.0006,1,6.6736e-05,14.603,2.9686
1.0001,1.0002,1.0027,1,0.00025805,20.844,3.6258
1,1,1.0002,1,1.2816e-05,74.264,7.0042
1,1,1.0004,1,2.4035e-05,66.947,6.3929
1.0001,1.0002,1.001,1,0.00014139,5.7054,1.2554
1.0002,1.0004,1.0036,1,0.00044902,17.058,3.1381
1.0001,1.0002,1.0043,1,0.00045693,35.152,5.2574
1.0001,1.0001,1.0021,1,0.00023229,26.135,4.1498
1,1,1.0006,1,7.9537e-05,17.498,3.359
1.0001,1.0002,1.0088,1,0.00055426,86.378,7.846
1.0002,1.0004,1.0023,1,0.0003779,6.4191,1.757
1,1,1,1,3.7864e-06,26.269,4.0896
1.0001,1.0001,1.0009,1,0.0001916,8.4561,2.4626
1,1,1.0003,1,4.2762e-05,10.881,2.6286
1,1.0001,1.0008,1,0.00010994,15.152,3.0589
1,1,1.0007,1,9.7207e-05,16.412,3.4259
1.0001,1.0001,1.0015,1,0.00022406,16.47,3.5979
1,1,1.0003,1,2.4839e-05,37.021,4.6537
1,1.0001,1.0005,1,8.0881e-05,7.3386,1.9316
1,1,1.0001,1,6.2483e-06,75.821,7.2873
1,1.0001,1.0026,1,0.0001716,111.62,9.1345
1,1.0001,1.0007,1,0.00015213,7.1513,2.2285
1.0001,1.0001,1.0011,1,0.00018313,7.3321,2.1343
1.0002,1.0004,1.005,1,0.00049964,25.166,3.9428
1.0001,1.0001,1.0031,1,0.00022764,73.813,7.2509
1.0001,1.0001,1.0051,1,0.00042793,68.843,7.3234
1,1.0001,1.002,1,0.00024586,30.375,5.0672
1.0001,1.0002,1.0019,1,0.00029026,9.6002,2.426
1.0001,1.0001,1.0008,1,0.00012719,8.8835,2.1603
1,1.0001,1.0011,1,0.00013628,17.004,3.3171
1,1,1.0002,1,1.5246e-05,40.643,5.3043
1,1,1.0003,1,3.8268e-05,29.706,4.7827
1,1.0001,1.0008,1,0.00012665,9.7959,2.5684
1.0001,1.0001,1.0008,1,0.00018607,4.0138,1.4257
1.0001,1.0002,1.0039,1,0.00041937,32.371,4.631
1,1.0001,1.0006,1,6.876e-05,16.284,2.9227
1,1.0001,1.0007,1,0.00010353,7.6713,1.9092
1.0001,1.0002,1.0031,1,0.0002988,18.281,3.0854
1,1.0001,1.0013,1,0.00016064,16.997,3.3877
1.0002,1.0004,1.0045,1,0.00066161,13.857,3.0808
1,1,1.0004,1,3.9343e-05,14.783,2.6434
1.0001,1.0001,1.0022,1,0.00021483,23.29,4.0693
1.0001,1.0002,1.001,1,0.00018184,6.3016,1.7909
1,1,1.0008,1,5.813e-05,67.512,6.6311
1,1,1.0007,1,5.6797e-05,53.073,5.5281
1.0001,1.0001,1.0032,1,0.00035994,36.744,5.6338
1.0001,1.0001,1.0012,1,0.00012981,14.494,2.5578
1.0001,1.0001,1.001,1,0.0001339,9.9205,2.3568
1,1.0001,1.0004,1,6.1509e-05,10.727,2.4531
1.0001,1.0001,1.0031,1,0.00035364,30.536,5.0018
1,1.0001,1.0008,1,0.00011162,17.964,3.5649
1,1,1.0014,1,0.00011151,68.036,7.0158
1,1.0001,1.0009,1,0.000102,17.516,2.9309
1.0001,1.0001,1.0018,1,0.00020519,26.344,4.2392
1,1,1.0008,1,7.829e-05,32.336,4.8572
1,1,1.0001,1,1.6155e-05,2.836,0.6876
1,1,1.0003,1,4.0043e-05,14.915,3.2204
1.0001,1.0001,1.0054,1,0.00050688,66.864,7.5811
1,1,1.0004,1,4.3191e-05,26.797,4.4222
1,1,1.0009,1,8.0148e-05,56.239,6.592
1,1,1.0017,1,7.6955e-05,309.81,16.128
1,1,1.0007,1,0.00010721,26.116,4.754
1.0008,1.0014,1.0105,1,0.0016658,6.9289,1.8524
1.0001,1.0002,1.003,1,0.00041675,15.733,3.476
1.0002,1.0004,1.0066,1,0.00058092,32.92,4.0875
1,1.0001,1.0007,1,0.00016182,5.1009,1.7849
1,1.0001,1.0005,1,6.0427e-05,20.837,3.4589
1,1.0001,1.0005,1,8.0052e-05,7.1312,1.9074
1,1.0001,1.0009,1,0.00013754,9.4052,2.5343
1,1,1.0001,1,8.1711e-06,77.277,7.3568
1,1,1.0003,1,3.5617e-05,30.76,4.6126
1,1.0001,1.0009,1,0.00011454,19.213,3.5556
1.0001,1.0002,1.0023,1,0.000292,15.251,3.2841
1,1.0001,1.001,1,9.797e-05,23.067,3.6475
1,1,1.0004,1,4.0482e-05,16.84,2.9405
1.0001,1.0003,1.0023,1,0.00035,7.4224,1.969
1,1,1.0008,1,7.06e-05,30.224,4.3516
1,1.0001,1.0006,1,8.3873e-05,10.249,2.5195
1.0001,1.0001,1.0015,1,0.00016706,11.657,2.4395
1.0003,1.0005,1.0043,1,0.00053571,9.0681,1.9604
1.0001,1.0001,1.0013,1,0.00018688,14.047,3.2077
1.0001,1.0002,1.002,1,0.00025842,8.0324,1.9808
1,1,1.0001,1,1.1114e-05,12.192,2.3795
1.0001,1.0001,1.0018,1,0.00022222,21.957,4.0581
1,1.0001,1.002,1,0.00013709,81.72,7.6484
1.0001,1.0002,1.0027,1,0.00039117,15.68,3.4221
1,1,1.0002,1,2.7501e-05,5.3464,1.4225
1.0001,1.0002,1.0026,1,0.00023744,41.012,4.9428
1,1,1.0007,1,7.8686e-05,16.527,3.1721
1.0001,1.0001,1.0008,1,0.00010199,12.199,2.6696
1,1,1.0001,1,6.6265e-06,29.799,4.2353
1.0001,1.0001,1.0008,1,0.00012866,3.9349,1.1288
1,1.0001,1.0007,1,0.00010495,12.787,2.8469
1.0001,1.0001,1.0008,1,0.0001565,6.5406,2.0317
1,1,1.0004,1,4.4384e-05,52.725,6.8387
1.0001,1.0003,1.0031,1,0.00042078,16.039,3.2622
1.0001,1.0002,1.0014,1,0.00021364,12.712,2.9723
1,1,1.0003,1,2.5577e-05,36.284,4.7607
1.0001,1.0002,1.003,1,0.00026431,23.804,3.4585
1,1,1.0004,1,2.9046e-05,46.779,5.5484
1,1,1.0002,1,4.6245e-05,3.614,1.2036
1.0001,1.0002,1.0043,1,0.00036413,43.539,5.2369
1.0001,1.0003,1.0022,1,0.00029013,10.299,2.1503
1,1,1.0003,1,3.7351e-05,17.931,3.0762
1.0001,1.0002,1.001,1,0.00019292,5.0741,1.5554
1,1.0001,1.0024,1,0.00015881,73.667,6.5944
1,1.0001,1.001,1,0.00016426,10.222,2.656
1,1.0001,1.0006,1,9.6732e-05,10.206,2.5936
1,1.0001,1.0091,1,0.00044029,258.67,14.801
1.0001,1.0001,1.0006,1,9.2186e-05,6.0068,1.5279
1,1.0001,1.0023,1,0.00015364,68.599,6.188
1.0001,1.0001,1.0009,1,0.00015439,5.8637,1.7882
1,1,1.0013,1,9.8824e-05,87.643,8.5605
1,1,1.0001,1,1.213e-05,11.053,2.6448
1,1,1.0006,1,6.1403e-05,19.777,3.6249
1,1,1.0006,1,6.8199e-05,17.38,3.2083
1,1,1.0001,1,2.0403e-05,5.5373,1.4543
1.0003,1.0007,1.0099,1,0.00075944,46.953,5.171
1,1,1.0001,1,1.2293e-05,13.078,2.6334
1,1,1.0013,1,0.00010752,90.906,8.9408
1,1,1.0003,1,4.0465e-05,8.7785,2.1927
1,1,1.0003,1,3.689e-05,14.007,2.5622
1.0001,1.0002,1.0049,1,0.00038775,56.428,6.3632
1,1.0001,1.0003,1,5.5568e-05,6.017,1.5683
1.0001,1.0001,1.0016,1,0.00022526,10.851,2.615
1.0001,1.0002,1.0021,1,0.00027891,10.177,2.4452
1,1,1.0013,1,5.6369e-05,310.03,15.79
1,1.0001,1.0007,1,8.4905e-05,20.332,3.3216
1,1.0001,1.0013,1,0.00014017,15.748,3.0075
1,1,1.0007,1,8.8317e-05,19.802,3.7801
1.0001,1.0002,1.0042,1,0.00030744,85.037,7.3929
1.0002,1.0004,1.007,1,0.000609,36.657,4.7055
1.0004,1.0007,1.0034,1,0.00052725,5.5768,1.3484
1,1,1.0002,1,2.8983e-05,12.611,2.8037
1.0001,1.0002,1.0022,1,0.0002829,22.323,4.0107
1,1.0001,1.0003,1,4.4186e-05,5.296,1.4673
1.0002,1.0005,1.007,1,0.0010581,14.296,3.3189
1,1,1,1,2.9423e-06,20.698,3.5338
1,1.0001,1.0004,1,5.3121e-05,8.1154,1.8931
1,1.0001,1.0007,1,0.00010463,10.456,2.5515
1.0001,1.0001,1.0011,1,0.00016192,7.3252,1.9019
1,1.0001,1.0005,1,7.6708e-05,7.7753,2.0878
1.0001,1.0001,1.0004,1,5.5402e-05,4.5924,0.94291
1,1.0001,1.0029,1,0.00015145,195.77,12.044
1.0001,1.0001,1.0025,1,0.0001901,41.883,4.9639
1,1,1.0003,1,2.7143e-05,36.076,4.9762
1.0002,1.0003,1.0039,1,0.00036911,21.321,3.0938
1.0001,1.0001,1.0017,1,0.00024553,15.068,3.2543
1.0001,1.0002,1.0061,1,0.00070326,34.947,5.5212
1,1.0001,1.0003,1,4.5581e-05,7.8202,1.8591
1.0001,1.0001,1.0015,1,0.00014856,22.955,3.4424
1,1,1.0003,1,3.4042e-05,45.155,6.2873
1.0003,1.0006,1.0038,1,0.00068175,4.8991,1.4722
1,1.0001,1.0007,1,9.36e-05,7.8669,1.8675
1.0001,1.0003,1.0038,1,0.00043638,19.945,3.7474
1,1,1.0002,1,1.9259e-05,46.282,5.6973
1.0003,1.0006,1.0136,1,0.0014438,33.893,5.2155
1,1,1.0004,1,3.5753e-05,27.038,4.4019
1,1.0001,1.0003,1,4.4647e-05,5.6346,1.6409
1.0001,1.0001,1.0048,1,0.00030785,90.933,8.1074
1.0001,1.0001,1.0009,1,0.00014962,5.115,1.5361
1,1.0001,1.0034,1,0.00030088,73.307,7.8957
1.0001,1.0002,1.0016,1,0.00024804,8.8341,2.1825
1,1.0001,1.0005,1,9.1657e-05,6.9755,1.9041
1,1.0001,1.0009,1,0.00011942,12.74,2.7112
1.0001,1.0002,1.0042,1,0.00028921,46.691,4.9721
1,1,1.0002,1,3.8984e-05,10.017,2.6605
1,1,1.0015,1,0.0001238,78.297,7.7097
1.0001,1.0001,1.0048,1,0.00048991,56.261,7.147
1,1,1.0001,1,1.0492e-05,12.127,2.4273
1.0002,1.0004,1.0053,1,0.00071922,15.253,3.3009
1.0001,1.0002,1.0015,1,0.00021591,10.327,2.4641
1.0001,1.0001,1.0009,1,0.00012893,9.5923,2.2871
1,1,1.0005,1,5.7135e-05,39.462,5.8723
1.0001,1.0002,1.0008,1,0.00011546,5.4175,1.0648
1,1,1.0003,1,3.3734e-05,14.876,3.0246
1.0002,1.0003,1.0037,1,0.00043426,17.01,3.1625
1,1,1.0006,1,8.0943e-05,20.911,3.8226
1,1.0001,1.0012,1,0.00011665,20.742,3.597
1.0001,1.0002,1.0023,1,0.00032559,14.789,3.2754
1.0003,1.0005,1.0021,1,0.00044311,3.4976,1.0392
1.0001,1.0002,1.003,1,0.00028898,26.052,4.1025
1,1,1.0006,1,5.3001e-05,70.218,7.6495
1,1.0001,1.0005,1,9.2351e-05,7.1655,1.9268
1,1,1.0002,1,1.9452e-05,20.378,3.5154
1,1,1,1,7.4509e-06,3.3757,1.039
1.0001,1.0002,1.0017,1,0.00016124,23.096,3.1087
1.0001,1.0002,1.0061,1,0.00054284,60.559,6.9663
1.0001,1.0001,1.001,1,0.00012103,17.405,2.8805
1.0001,1.0003,1.0024,1,0.00031594,11.316,2.3082
1.0001,1.0001,1.0024,1,0.00026699,18.834,3.5664
1,1,1.0002,1,3.5364e-05,5.3703,1.5941
1.0001,1.0001,1.0006,1,0.00010003,7.2891,1.8245
1,1,1.0001,1,1.1551e-05,16.028,3.1146
1,1,1.0003,1,4.5596e-05,10.474,2.5075
1,1.0001,1.001,1,0.00012699,13.628,2.867
1,1,1,1,1.3313e-06,13.78,2.39
1.0004,1.0007,1.0057,1,0.00075053,8.4155,1.9772
1.0001,1.0001,1.0017,1,0.0002153,23.864,4.3465
1,1.0001,1.0012,1,0.00013951,22.046,3.6616
1,1.0001,1.0047,1,0.00039547,71.296,7.5344
1.0002,1.0004,1.0048,1,0.00043241,21.206,3.1108
1,1,1.0003,1,3.2457e-05,15.025,3.1248
1,1,1.0005,1,5.5883e-05,17.717,3.2411
1,1.0001,1.0011,1,0.00013272,20.822,4.0098
1.0001,1.0002,1.0017,1,0.00022792,12.734,2.757
1,1,1.0001,1,1.1855e-05,6.1374,1.6247
1,1,1.0008,1,7.7966e-05,29.195,4.4153
1,1.0001,1.0011,1,0.00016358,15.197,3.2807
1,1.0001,1.0017,1,0.00024795,19.294,3.9798
1,1,1.0001,1,1.5351e-05,14.21,2.8606
1,1,1.0001,1,1.4861e-05,12.092,2.7651
1,1,1.0003,1,2.6711e-05,22.725,3.6925
1,1,1.0001,1,7.1475e-06,24.324,3.3319
1.0002,1.0003,1.0048,1,0.00049244,32.232,4.786
1.0001,1.0002,1.0016,1,0.0002684,8.6626,2.2446
1.0001,1.0002,1.0008,1,0.00014587,4.8406,1.2886
1,1,1.0003,1,5.3859e-05,7.7755,2.0531
1,1,1.0002,1,1.4349e-05,55.134,6.532
1,1.0001,1.0019,1,0.00024905,24.644,4.6094
1,1,1.0006,1,5.5114e-05,28.237,3.6331
1.0001,1.0002,1.0017,1,0.00021893,10.529,2.442
1.0001,1.0001,1.0015,1,0.0001738,16.588,3.2544
1,1,1.0013,1,9.9179e-05,76.457,7.9484
1,1.0001,1.0021,1,0.00019422,39.4,5.3524
1,1.0001,1.0002,1,6.0016e-05,2.5174,0.6215
1,1,1.0003,1,4.4187e-05,13.89,3.119
1.0001,1.0001,1.002,1,0.00020324,17.233,3.1039
1.0002,1.0004,1.0034,1,0.00043463,9.5078,2.2124
1,1.0001,1.0003,1,5.7306e-05,5.8872,1.5112
1.0001,1.0002,1.0035,1,0.00033491,44.318,5.8166
1.0002,1.0003,1.0021,1,0.00035511,6.5818,1.7667
1,1.0001,1.0012,1,0.00010128,58.321,6.6618
1,1.0001,1.001,1,9.121e-05,25.792,3.225
1,1.0001,1.0007,1,0.00010739,6.6866,1.8902
1,1,1.0005,1,7.9695e-05,8.9205,2.4704
1,1.0001,1.0008,1,9.7854e-05,14.745,2.8861
1.0001,1.0001,1.001,1,0.00013649,13.306,2.8524
1,1,1.0002,1,2.4987e-05,8.9354,1.9227
1,1,1.0001,1,1.5221e-05,23.245,3.8445
1.0001,1.0002,1.0024,1,0.00029403,12.224,2.6589
1,1,1,1,5.5751e-06,6.2363,1.6878
1,1,1.0001,1,2.6759e-05,2.7306,0.84115
1.0001,1.0001,1.001,1,0.00015203,6.7791,1.9902
1.0001,1.0001,1.0023,1,0.00019036,55.111,6.1604
1,1,1.0004,1,5.7828e-05,10.612,2.6179
1.0001,1.0001,1.0019,1,0.00021374,29.593,4.7453
1,1,1.0002,1,3.7701e-05,7.9215,2.127
1.0001,1.0001,1.0014,1,0.00018998,13.71,3.1326
1,1.0001,1.0009,1,0.00011831,9.8079,2.4894
1.0001,1.0001,1.0027,1,0.00025896,42.341,5.4656
1,1,1.0002,1,1.9528e-05,23.862,3.7252
1,1,1.0002,1,2.5937e-05,10.398,2.4663
1,1,1.0003,1,3.284e-05,15.19,3.0433
1.0001,1.0001,1.0011,1,0.00015166,11.954,2.6969
1,1.0001,1.0003,1,4.9782e-05,4.3429,1.1863
1,1.0001,1.0018,1,0.00017174,41.471,5.705
1,1.0001,1.0016,1,0.00014272,55.683,6.6662
1,1,1.0017,1,0.00012842,69.061,7.3192
1,1,1.0003,1,3.9513e-05,8.3028,1.8993
1,1,1.0011,1,7.268e-05,85,7.4306
1.0002,1.0004,1.003,1,0.00037269,8.0996,1.8263
1,1,1.0002,1,2.482e-05,25.614,4.0265
1,1,1.0001,1,3.9932e-06,103.93,8.3535
1,1.0001,1.0008,1,0.0001252,9.8765,2.4766
1,1.0001,1.001,1,0.00011206,15.078,2.8798
1,1,1.0004,1,5.0096e-05,20.215,3.9443
1,1,1.0003,1,4.7769e-05,12.549,2.7641
1,1.0001,1.0004,1,6.0725e-05,7.0432,1.8909
1.0001,1.0002,1.0036,1,0.00035113,31.983,4.7526
1.0001,1.0001,1.0035,1,0.00027682,75.874,7.7116
1,1,1.0008,1,9.6007e-05,28.8,4.7759
1.0001,1.0003,1.0045,1,0.00051406,18.034,3.5725
1,1.0001,1.0006,1,9.5351e-05,9.7227,2.4076
1,1.0001,1.0019,1,0.00017175,55.377,6.4263
1.0001,1.0002,1.0063,1,0.00062361,51.901,6.722
1.0002,1.0004,1.0048,1,0.00073144,18.951,3.9189
1.0001,1.0002,1.0037,1,0.00035382,41.267,5.3838
1.0002,1.0004,1.0045,1,0.00075023,10.7,2.7225
1.0001,1.0003,1.0024,1,0.00029033,9.332,2.1392
1,1.0001,1.0004,1,6.618e-05,10.031,2.435
1,1.0001,1.0009,1,0.00011443,12.132,2.7751
1,1.0001,1.0006,1,8.8398e-05,8.6029,2.183
1,1.0001,1.001,1,0.00012165,15.725,3.1572
1.0002,1.0003,1.002,1,0.00034536,6.1674,1.804
1,1,1.0001,1,1.2175e-05,21.455,3.2408
1,1,1.0001,1,1.3321e-05,21.912,3.2532
1,1.0001,1.0009,1,0.00012129,13.237,2.7822
1,1.0001,1.0008,1,0.00010538,11.319,2.5772
1.0001,1.0001,1.0012,1,0.0001533,9.7934,2.3124
1.0001,1.0002,1.0016,1,0.00024175,5.8002,1.5124
1,1.0001,1.0005,1,7.1107e-05,8.6057,1.985
1,1.0001,1.0006,1,8.3425e-05,10.601,2.5076
1,1.0001,1.001,1,0.00013329,15.725,3.1387
1.0001,1.0001,1.0026,1,0.00026558,29.376,4.6705
1.0001,1.0002,1.0033,1,0.00040792,11.065,2.6608
1,1,1.0006,1,4.7549e-05,45.049,5.577
1,1,1.0001,1,1.0103e-05,13.293,2.8129
1,1.0001,1.0006,1,0.0001324,5.3439,1.7837
1,1.0001,1.0019,1,0.00017432,33.926,4.8279
1.0001,1.0002,1.0011,1,0.0002056,2.8459,0.81854
1,1,1.0001,1,1.9626e-05,6.6492,1.8395
1,1.0001,1.0006,1,7.6865e-05,15.076,2.9394
1.0001,1.0001,1.0031,1,0.00024662,37.822,5.0705
1,1.0001,1.0009,1,0.00010828,22.312,3.8727
1.0001,1.0002,1.0018,1,0.00025568,12.354,2.6123
1,1.0001,1.0007,1,7.7912e-05,14.077,2.902
1,1,1.0002,1,2.8848e-05,11.804,2.6099
1,1,1.0003,1,2.377e-05,89.336,8.1144
1,1.0001,1.0002,1,3.6967e-05,3.3774,0.53044
1,1.0001,1.0004,1,8.8525e-05,3.8103,1.1648
1,1.0001,1.0007,1,7.7721e-05,32.18,4.6478
1.0001,1.0001,1.0008,1,0.00011924,7.5358,1.8787
1.0001,1.0003,1.0032,1,0.00044244,9.9192,2.454
1,1.0001,1.001,1,0.00010629,18.802,3.2273
1.0002,1.0003,1.0068,1,0.00069902,37.744,5.4581
1.0001,1.0002,1.0008,1,0.00017408,3.4801,1.0695
1,1.0001,1.0048,1,0.00034617,98.027,9.1408
1.0001,1.0002,1.0046,1,0.00028519,103.72,7.9337
1.0001,1.0002,1.0021,1,0.0002973,15.711,3.2554
1,1.0001,1.0009,1,9.9045e-05,15.697,2.9986
1,1.0001,1.0004,1,5.5422e-05,8.2826,2.1945
1,1,1.0001,1,1.8428e-05,12.779,2.7287
1,1,1.0007,1,5.8262e-05,64.963,7.3967
1,1,1.0017,1,0.00010899,89.097,7.432
1,1,1.0006,1,6.1972e-05,16.459,2.9668
1,1,1.0001,1,1.5165e-05,14.815,3.0007
1,1,1.0006,1,4.0698e-05,76.961,7.7533
1.0001,1.0001,1.0021,1,0.00024787,25.727,4.1462
1,1,1.0011,1,8.9956e-05,33.869,4.648
1,1.0001,1.0007,1,9.7114e-05,18.146,3.6217
1.0001,1.0001,1.0008,1,0.00011958,7.2865,1.6525
1,1,1,1,3.5592e-06,49.179,5.5155
1,1,1.0003,1,3.5632e-05,19.554,3.56
1,1,1.0004,1,3.3296e-05,21.947,3.5422
1,1.0001,1.001,1,0.00012423,14.348,3.0551
1,1,1.0001,1,8.047e-06,9.0557,2.0983
1,1.0001,1.0007,1,8.8407e-05,18.677,3.5947
1.0002,1.0003,1.0023,1,0.00031876,5.9153,1.3644
