1,1,1.0003,1,1.759e-05,230.54,13.887
1.0001,1.0002,1.0051,1,0.00034308,91.262,7.8921
1.0001,1.0003,1.0063,1,0.00075789,25.433,4.4931
1,1,1.0001,1,4.585e-06,102.26,7.9691
1,1,1.0002,1,9.8862e-06,391.95,18.941
1,1.0001,1.0018,1,0.0001708,44.018,5.7518
1,1,1.0001,1,7.9561e-06,79.091,7.5172
1,1,1.0003,1,3.5747e-05,28.291,4.7457
1,1,1.0001,1,6.2931e-06,145.24,11.532
1.0001,1.0001,1.0018,1,0.000198,20.572,3.5643
1,1.0001,1.0006,1,7.8893e-05,9.9808,2.1812
1,1,1.0002,1,3.1285e-05,11.273,2.646
1.0001,1.0002,1.0041,1,0.00031748,35.645,4.2374
1.0001,1.0001,1.0018,1,0.00020162,11.316,2.3796
1,1,1.0001,1,2.3211e-05,6.1727,1.7578
1.0001,1.0002,1.0036,1,0.00038588,32.628,4.9695
1,1,1,1,1.6094e-06,39.062,5.4308
1.0001,1.0001,1.0013,1,0.0001741,8.6413,2.0941
1,1,1.0004,1,3.3587e-05,45.19,5.2952
1.0001,1.0002,1.0044,1,0.00038794,60.636,6.9591
1,1.0001,1.0008,1,0.00011707,8.1028,2.0866
1.0002,1.0003,1.0058,1,0.00061652,30.016,4.667
1,1,1,1,1.6734e-06,176.16,12.381
1,1,1.0001,1,1.2833e-05,56.896,6.8307
1,1,1.0003,1,5.0604e-05,5.9824,1.8356
1.0002,1.0003,1.0076,1,0.00063304,47.613,5.7427
1.0001,1.0002,1.0013,1,0.00023017,4.7252,1.4099
1,1,1.0013,1,0.00015511,25.236,4.5408
1.0001,1.0003,1.0108,1,0.00069519,86.818,7.7707
1,1.0001,1.0015,1,0.00019363,20.74,3.7903
1.0001,1.0002,1.0036,1,0.00033763,24.402,3.4468
1,1.0001,1.0018,1,0.00016253,25.196,3.8351
1,1,1.0003,1,2.2873e-05,35.174,5.0712
1,1,1.0014,1,0.00011239,68.839,7.0926
1,1,1,1,9.4444e-07,431.46,20.122
1,1,1.0004,1,2.4136e-05,77.012,7.6149
1,1,1.0012,1,7.3916e-05,141.76,10.939
1,1,1.0003,1,4.7637e-05,5.4175,1.6226
1.0001,1.0002,1.0023,1,0.00024608,14.682,2.6049
1,1.0001,1.0004,1,8.5686e-05,4.9613,1.5245
1,1.0001,1.0011,1,0.00010884,32.728,4.5224
1,1,1.0001,1,1.1731e-05,21.961,3.5006
1.0001,1.0002,1.0018,1,0.00024733,13.178,2.8259
1,1,1.0008,1,6.6989e-05,36.869,4.9014
1.0002,1.0004,1.0046,1,0.00060749,10.212,2.148
1,1,1.0001,1,6.6296e-06,126.84,10.627
1.0001,1.0002,1.0058,1,0.0005189,46.236,5.7192
1,1,1.0001,1,3.892e-06,93.741,8.7687
1.0001,1.0001,1.0014,1,0.00016414,15.263,2.9076
1.0001,1.0002,1.0062,1,0.00050078,56.204,6.1364
1.0001,1.0002,1.0038,1,0.00037419,23.221,3.7987
1,1.0001,1.0013,1,0.00010729,27.672,4.0386
1.0001,1.0001,1.002,1,0.0002302,24.756,4.127
1,1,1.0001,1,6.848e-06,124.12,9.6909
1.0002,1.0003,1.0041,1,0.00045727,24.062,3.8724
1.0002,1.0003,1.0082,1,0.0008652,45.626,6.1446
1.0002,1.0004,1.0083,1,0.00087473,33.12,4.9323
1.0002,1.0003,1.0083,1,0.00071892,52.736,6.1568
1.0001,1.0002,1.0013,1,0.00022713,5.2648,1.6431
1.0001,1.0002,1.0026,1,0.00029082,13.832,2.5668
1,1.0001,1.0017,1,0.0001829,31.903,4.6133
1,1,1.0002,1,1.2574e-05,131.28,10.497
1.0001,1.0001,1.0012,1,0.00018583,7.8222,2.083
1.0002,1.0004,1.0087,1,0.0010053,26.198,4.5495
1,1,1.0001,1,7.7695e-06,21.436,4.1575
1,1,1.0005,1,2.8028e-05,174.72,11.498
1,1.0001,1.0009,1,0.00013178,10.998,2.6577
1,1,1,1,6.1074e-09,125.52,10.214
1,1,1,1,3.5186e-06,84.863,8.2721
1.0001,1.0001,1.0105,1,0.00063172,136.51,10.768
1.0001,1.0001,1.0018,1,0.00022094,12.303,2.6698
1,1.0001,1.0008,1,0.00014331,5.4682,1.8133
1.0001,1.0002,1.003,1,0.00029159,28.81,4.1468
1.0001,1.0001,1.001,1,0.00014116,13.34,2.6722
1.0001,1.0001,1.0014,1,0.00022025,8.0174,2.1492
1.0001,1.0001,1.0011,1,0.00017866,8.5985,2.3285
1,1,1.0002,1,9.9741e-06,147.79,10.886
1,1.0001,1.001,1,0.00012256,15.919,2.9854
1.0002,1.0003,1.0049,1,0.00052001,27.442,4.1755
1,1,1.0005,1,6.8072e-05,15.392,3.144
1.0001,1.0001,1.0012,1,0.00017484,11.159,2.5725
1.0001,1.0001,1.0018,1,0.00017906,14.811,2.5921
1.0001,1.0001,1.0029,1,0.00021959,64.686,6.4298
1,1.0001,1.0008,1,0.00011513,8.4799,2.1129
1,1.0001,1.0017,1,0.000169,41.979,5.6488
1,1,1.0006,1,4.9193e-05,91.176,8.6433
1.0001,1.0002,1.0052,1,0.00043607,47.104,5.4827
1,1.0001,1.0011,1,0.00013538,13.03,2.7202
1.0005,1.0009,1.0205,1,0.0020318,36.378,5.1728
1,1,1,1,3.3522e-06,67.768,7.4011
1.0002,1.0003,1.0045,1,0.00059366,15.977,3.2286
1.0002,1.0005,1.0069,1,0.00065312,21.421,3.283
1,1,1.0004,1,2.5563e-05,217.33,14.164
1.0001,1.0002,1.0013,1,0.00024981,6.6678,1.9498
1,1,1.0003,1,4.4312e-05,14.498,3.0837
1.0001,1.0001,1.001,1,0.00020038,6.714,2.1266
1.0003,1.0005,1.0054,1,0.00059766,17.328,2.9389
1.0002,1.0005,1.0086,1,0.001092,20.877,4.0934
1,1,1.0002,1,1.4256e-05,38.938,4.9315
1,1,1.0003,1,1.6392e-05,106.28,9.2261
1,1,1.0009,1,0.00011887,15.796,3.4411
1,1,1.0001,1,9.7193e-06,34.887,5.4249
1,1.0001,1.0006,1,6.8197e-05,14.212,2.6939
1.0003,1.0005,1.0082,1,0.00096999,23.158,4.01
1,1,1,1,6.8317e-07,46.206,6.0563
1.0006,1.0011,1.0063,1,0.0012691,4.4269,1.3497
1,1.0001,1.0015,1,0.00015531,17.535,3.2103
1.0001,1.0002,1.003,1,0.0003192,11.607,2.301
1,1,1.0004,1,5.2117e-05,10.968,2.6234
1,1,1.0006,1,7.1395e-05,33.143,5.2015
1,1,1.0005,1,3.7036e-05,69.694,7.0107
1.0002,1.0003,1.0045,1,0.00051495,14.587,2.7935
1.0002,1.0004,1.0071,1,0.00066065,37.824,4.9509
1,1.0001,1.0014,1,0.00015272,31.047,4.8136
1,1,1.0003,1,1.1103e-05,454.14,20.04
1.0002,1.0003,1.0047,1,0.00053532,11.419,2.4451
1.0001,1.0002,1.0024,1,0.00025555,15.846,2.8098
1.0001,1.0001,1.0009,1,0.00015195,5.4121,1.49
1,1,1,1,1.6531e-06,88.622,8.4558
1.0001,1.0001,1.0008,1,0.00012617,5.3909,1.628
1.0001,1.0001,1.001,1,0.00015653,6.6892,1.7364
1.0001,1.0001,1.001,1,0.00012801,8.0856,1.8472
1,1.0001,1.0014,1,0.00013579,24.7,3.6827
1.0002,1.0004,1.0098,1,0.00096563,37.866,5.4431
1.0002,1.0004,1.01,1,0.0010019,35.144,5.2271
1.0002,1.0004,1.0031,1,0.00056305,8.403,2.3885
1,1,1.0001,1,3.912e-06,227.38,13.358
1,1.0001,1.0019,1,0.00015506,40.566,4.9693
1,1.0001,1.0026,1,0.00020195,63.89,6.8393
1,1,1.0002,1,2.1334e-05,11.081,2.6123
1,1,1.0003,1,5.5492e-05,12.783,3.283
1,1.0001,1.0006,1,0.00011376,6.8091,2.0544
1.0001,1.0001,1.0013,1,0.00018048,15.317,3.1266
1.0002,1.0004,1.0057,1,0.00059135,31.122,4.3872
1.0001,1.0003,1.0046,1,0.00049949,18.354,3.4113
1,1,1.0005,1,6.917e-05,17.411,3.4374
1,1,1.0001,1,4.1834e-06,128.03,10.401
1,1,1.0008,1,6.5339e-05,34.549,4.2809
1.0001,1.0002,1.0015,1,0.00030716,7.1536,2.1804
1,1.0001,1.0012,1,0.0001355,14.279,2.9659
1,1,1.0004,1,3.9861e-05,29.072,4.8953
1.0002,1.0003,1.0041,1,0.00049797,10.576,2.4281
1,1,1.0006,1,6.0801e-05,36.415,5.1352
1,1.0001,1.0026,1,0.00016433,98.918,8.6818
1,1.0001,1.0009,1,0.00010955,13.375,2.5423
1.0001,1.0002,1.0046,1,0.00034572,44.618,5.107
1.0001,1.0001,1.0024,1,0.0001904,50.508,5.3884
1.0001,1.0001,1.0008,1,0.00012164,5.6045,1.5739
1.0002,1.0003,1.0029,1,0.00044531,10.281,2.4635
1,1.0001,1.0016,1,0.000179,32.191,5.1352
1,1,1.0017,1,0.00011235,115.32,9.8362
1.0001,1.0001,1.0022,1,0.00019568,31.702,4.0001
1,1,1,1,3.5793e-06,39.464,5.6691
1,1.0001,1.0011,1,0.00011079,22.618,3.4297
1.0001,1.0001,1.0056,1,0.00044591,75.211,7.383
1,1,1.0017,1,0.00010506,145.46,10.818
1,1.0001,1.0026,1,0.00027488,40.361,5.6153
1,1,1.0008,1,0.00011928,16.076,3.4306
1,1,1.0005,1,7.5936e-05,13.777,3.0991
1,1.0001,1.0008,1,0.00011109,11.172,2.601
1.0002,1.0003,1.0027,1,0.00033026,8.9264,1.8171
1.0001,1.0002,1.0016,1,0.00023896,5.1723,1.5195
1,1,1.0004,1,4.1709e-05,27.587,4.5205
1.0001,1.0002,1.0035,1,0.00038345,26.649,4.2783
1,1.0001,1.0017,1,0.00014269,36.044,4.7413
1,1,1,1,1.2044e-07,84.93,7.9949
1,1,1.0011,1,7.4439e-05,76.303,7.5761
1,1.0001,1.0009,1,0.00011119,16.389,3.1614
1,1,1.0002,1,2.7074e-05,10.392,2.3546
1.0002,1.0003,1.0053,1,0.00052934,29.444,4.6252
1.0001,1.0001,1.0011,1,0.00016614,8.0678,1.908
1,1,1.0003,1,4.5017e-05,16.854,3.4068
1.0001,1.0001,1.0024,1,0.00022073,30.34,4.2783
1.0001,1.0002,1.0017,1,0.00016846,19.569,2.986
1.0002,1.0005,1.0115,1,0.0013287,32.817,5.2299
1.0001,1.0002,1.0032,1,0.00026636,28.33,3.6253
1.0001,1.0001,1.0008,1,0.00013764,7.3036,2.0097
1.0001,1.0001,1.0013,1,0.00014023,17.177,2.9049
1.0002,1.0003,1.0082,1,0.00089758,28.597,4.7858
1.0002,1.0003,1.004,1,0.00044472,26.903,4.0452
1.0001,1.0002,1.0038,1,0.0004798,27.934,4.7478
1.0002,1.0003,1.0049,1,0.00042912,33.353,4.4137
1.0001,1.0001,1.0023,1,0.00016456,55.773,5.6121
1,1,1.0002,1,2.9146e-05,16.908,3.417
1.0001,1.0002,1.0049,1,0.00040757,49.705,6.0656
1.0003,1.0007,1.0037,1,0.00064966,5.4823,1.4661
1.0001,1.0002,1.0035,1,0.0004089,22.623,3.8695
1.0001,1.0003,1.0023,1,0.0002628,12.39,2.2176
1.0001,1.0001,1.0005,1,0.00010372,5.0025,1.4211
1,1,1.0013,1,0.00010005,52.993,5.945
1,1,1.0009,1,7.6148e-05,44.218,5.4505
1.0001,1.0003,1.0015,1,0.00032252,3.8793,1.2843
1,1,1.0005,1,5.2771e-05,20.818,3.768
1,1,1,1,1.3418e-06,42.003,5.7941
1,1,1.0032,1,0.00016503,233.72,14.284
1,1,1.0002,1,1.0695e-05,139.49,10.528
1.0001,1.0003,1.0036,1,0.00052368,15.834,3.3944
1,1,1.0002,1,1.3348e-05,109.15,9.4983
1.0001,1.0001,1.0018,1,0.00015401,29.742,3.9029
1.0002,1.0003,1.003,1,0.00048623,9.2743,2.3517
1.0001,1.0002,1.0021,1,0.00031681,9.9599,2.3787
1.0001,1.0001,1.0015,1,0.00020882,9.6773,2.4251
1.0001,1.0001,1.0041,1,0.0003954,41.41,5.7339
1,1.0001,1.0008,1,0.00012043,11.117,2.6797
1.0001,1.0001,1.001,1,0.00019927,5.2181,1.8036
1.0002,1.0003,1.0051,1,0.00052728,15.61,2.9437
1,1,1.0006,1,5.0706e-05,34.115,4.5563
1.0001,1.0002,1.0011,1,0.0001713,3.9661,0.96695
1.0001,1.0001,1.0012,1,0.00017008,8.741,2.121
1,1,1.0001,1,1.2842e-05,50.166,6.375
1.0002,1.0003,1.0014,1,0.00032393,3.0558,0.98164
1.0001,1.0002,1.0009,1,0.00019501,3.1328,1.0882
1.0001,1.0002,1.0009,1,0.00018021,2.9627,0.82204
1,1,1.0012,1,6.6479e-05,134.62,9.8369
1.0001,1.0001,1.0018,1,0.00018758,15.933,2.8973
1,1,1.0001,1,3.2579e-06,206.22,13.747
1,1.0001,1.0018,1,0.00020333,26.788,4.3705
1,1,1.0002,1,1.5974e-05,35.89,4.9601
1.0001,1.0001,1.0044,1,0.000362,54.693,6.4315
1,1,1,1,1.1533e-09,318.24,16.195
1.0001,1.0001,1.0016,1,0.00020318,12.144,2.7195
1,1,1.0012,1,0.0001047,37.989,4.9897
1,1,1.0004,1,4.1905e-05,58.668,7.0996
1.0002,1.0003,1.0027,1,0.000408,6.7383,1.7989
1.0001,1.0003,1.0033,1,0.0003284,19.717,3.3647
1,1,1.0004,1,3.1244e-05,71.577,7.543
1,1,1.0026,1,0.00016896,89.345,7.8506
1.0001,1.0002,1.0043,1,0.00035803,43.451,5.1422
1.0003,1.0005,1.0191,1,0.001317,79.909,7.6238
1,1,1.0001,1,9.6833e-06,12.787,2.7365
1.0001,1.0001,1.0038,1,0.00027559,61.022,6.4938
1.0001,1.0002,1.0017,1,0.00020455,9.915,1.9742
1,1,1.0002,1,2.8291e-05,15.988,3.1244
1.0001,1.0002,1.0012,1,0.00021789,6.9246,2.042
1.0002,1.0003,1.006,1,0.00057302,27.738,4.2999
1,1,1.0006,1,7.24e-05,21.501,3.9223
1,1,1.0004,1,4.3842e-05,15.177,2.7292
1.0001,1.0001,1.0016,1,0.00015206,17.48,2.9231
1.0001,1.0002,1.0034,1,0.00033044,31.134,4.3456
1.0002,1.0005,1.0067,1,0.0006678,34.186,4.6095
1.0001,1.0001,1.003,1,0.00026299,56.45,6.697
1.0002,1.0003,1.0041,1,0.00038458,19.401,2.9296
1,1.0001,1.0008,1,0.00012634,7.2011,2.0576
1,1,1.0003,1,1.5131e-05,386.97,18.449
1,1,1.0008,1,7.9185e-05,29.678,4.7165
1,1,1.0002,1,2.6427e-05,11.007,2.541
1.0001,1.0002,1.0017,1,0.00031569,5.501,1.715
1,1.0001,1.0034,1,0.00032522,51.135,6.5219
1.0001,1.0001,1.0019,1,0.00020932,14.074,2.6735
1.0001,1.0001,1.0013,1,0.00020418,6.8818,2.1244
1.0001,1.0002,1.0021,1,0.0002506,15.236,3.0179
1,1.0001,1.0005,1,6.628e-05,7.4014,1.8025
1,1.0001,1.0027,1,0.00023683,65.761,7.3595
1,1,1.0001,1,1.0285e-05,12.721,2.1415
1.0003,1.0007,1.0133,1,0.0015072,23.561,4.275
1,1.0001,1.0005,1,8.4109e-05,8.6616,2.299
1.0003,1.0006,1.0137,1,0.0012274,50.331,6.0487
1.0001,1.0003,1.0024,1,0.00033281,9.0942,2.0853
1,1.0001,1.0007,1,7.8239e-05,19.239,3.3546
1,1,1.0006,1,5.1395e-05,52.563,6.3627
1.0001,1.0002,1.005,1,0.00050856,46.502,6.1393
1.0001,1.0001,1.002,1,0.00016434,36.026,4.3661
1,1,1.0011,1,9.5565e-05,45.72,5.6212
1,1,1.0011,1,8.8213e-05,72.461,7.4606
1,1,1.0005,1,4.5832e-05,29.544,4.5236
1,1.0001,1.0008,1,9.1282e-05,12.874,2.4959
1.0002,1.0004,1.0077,1,0.00050549,59.373,5.5597
1.0001,1.0001,1.0036,1,0.00026416,66.832,7.0447
1,1.0001,1.0008,1,0.00010561,10.313,2.288
1,1,1.0001,1,5.0492e-06,58.416,6.6189
1.0001,1.0003,1.0035,1,0.00043351,19.004,3.5615
1.0001,1.0002,1.0008,1,0.00016657,2.6704,0.48436
1,1,1.0001,1,1.2028e-05,51.435,6.2956
1.0001,1.0001,1.0024,1,0.00028319,21.869,4.1488
1,1,1.0004,1,4.5776e-05,36.964,5.5063
1,1,1.0012,1,8.3104e-05,57.652,5.7115
1,1.0001,1.003,1,0.00028109,46.533,6.0514
1.0001,1.0003,1.0038,1,0.00047757,17.771,3.516
1.0001,1.0001,1.0018,1,0.00020873,21.849,3.9141
1,1,1.0002,1,9.0246e-06,565.71,23.203
1.0001,1.0002,1.0011,1,0.00021951,3.9151,1.3552
1,1,1.0007,1,9.4262e-05,17.652,3.5527
1.0001,1.0001,1.0039,1,0.00029452,67.438,6.8081
1,1.0001,1.0012,1,0.00012266,25.475,4.0804
1,1,1.0001,1,7.5161e-06,32.001,4.7172
1.0003,1.0005,1.0092,1,0.00067,41.723,4.381
1,1,1.0009,1,8.9948e-05,22.662,3.6895
1.0003,1.0005,1.0053,1,0.00069691,14.965,3.1358
1.0002,1.0005,1.0099,1,0.00099743,40.97,5.7483
1.0001,1.0001,1.0018,1,0.00023045,14.083,2.8917
1.0001,1.0003,1.0044,1,0.00043129,24.767,4.1113
1.0001,1.0002,1.0042,1,0.00044796,41.711,5.6979
1.0002,1.0004,1.0046,1,0.00060878,13.883,2.8812
1.0001,1.0001,1.0031,1,0.00034183,30.032,4.7802
1.0002,1.0004,1.0063,1,0.00076417,17.961,3.7189
1.0001,1.0001,1.0016,1,0.00014652,35.78,4.3623
1,1.0001,1.002,1,0.00015567,45.816,5.485
1.0001,1.0001,1.0011,1,0.00013374,8.1319,1.8228
1.0004,1.0007,1.0186,1,0.0019034,37.948,5.4551
1.0003,1.0005,1.0069,1,0.00080927,16.388,3.1287
1,1.0001,1.002,1,0.00016361,49.338,6.1165
1,1,1.0013,1,0.00011016,30.082,4.3389
1.0001,1.0001,1.0011,1,0.00017719,4.8588,1.3791
1,1,1.0012,1,0.00011171,33.86,4.7782
1.0001,1.0001,1.0029,1,0.00027456,28.237,4.2952
1.0001,1.0001,1.002,1,0.00022412,22.549,3.9582
1.0002,1.0003,1.0027,1,0.00037716,9.2641,2.1704
1,1,1.0004,1,6.508e-05,6.2096,1.7097
1,1,1.0003,1,2.7894e-05,22.414,3.3791
1,1,1,1,1.3097e-06,10.705,2.839
1,1,1.0002,1,2.9168e-05,10.419,2.5125
1,1,1.0001,1,1.3307e-05,13.851,3.0073
1.0001,1.0002,1.0026,1,0.00030774,13.28,2.789
1,1.0001,1.0017,1,0.00013228,49.267,5.1273
1.0005,1.0009,1.0091,1,0.0011781,13.779,2.8756
1,1,1.001,1,5.6612e-05,195.21,12.33
1.0002,1.0003,1.0038,1,0.00035287,17.757,2.8936
1.0002,1.0004,1.0055,1,0.00053936,27.556,4.0136
1.0003,1.0006,1.0098,1,0.001021,30.426,4.6142
1,1.0001,1.0012,1,0.00013194,23.018,3.852
1.0002,1.0004,1.0088,1,0.00087545,43.121,5.6949
1.0001,1.0001,1.0014,1,0.00016476,14.187,2.6385
1,1,1.0004,1,4.5866e-05,10.283,2.1149
1,1,1.0003,1,3.907e-05,14.56,3.0468
1,1.0001,1.0008,1,0.00010582,17.251,3.5393
1,1,1.0011,1,0.00010129,48.505,6.13
1,1.0001,1.0005,1,8.042e-05,6.5309,1.8452
1,1,1.0003,1,4.7033e-05,8.0392,2.1659
1.0001,1.0001,1.0022,1,0.00027034,28.15,4.7408
1,1,1,1,1.6721e-06,17.492,3.496
1.0001,1.0001,1.0032,1,0.00027845,33.386,4.6416
1.0001,1.0001,1.0038,1,0.00040159,33.48,5.2139
1.0001,1.0001,1.0034,1,0.00033182,41.028,5.4372
1.0001,1.0001,1.0076,1,0.00049472,106.37,8.9508
1.0001,1.0002,1.0022,1,0.00030952,12.788,2.9339
1,1,1.0023,1,0.00011302,232.49,13.79
1.0001,1.0001,1.0027,1,0.00031493,28.942,4.617
1.0001,1.0002,1.0024,1,0.0003159,20.951,3.7863
1.0001,1.0001,1.0031,1,0.00021472,55.012,5.8835
1,1,1.0024,1,0.00012984,200.35,12.779
1,1,1.0007,1,3.8843e-05,141.09,9.8659
1.0001,1.0001,1.0025,1,0.00018251,62.866,6.3216
1,1,1.0004,1,3.4395e-05,30.372,4.334
1,1,1.0005,1,4.2156e-05,39.552,5.5015
1.0001,1.0002,1.0018,1,0.00033605,6.8887,2.0036
1.0002,1.0003,1.0084,1,0.0006273,50.172,5.7815
1.0002,1.0005,1.0031,1,0.00048598,6.6863,1.6091
1.0004,1.0007,1.0103,1,0.0012082,14.656,3.0699
1,1,1.0013,1,8.8607e-05,77.494,6.6329
1.0001,1.0001,1.0042,1,0.00037319,49.311,6.077
1,1.0001,1.002,1,0.00019351,36.666,5.4443
1.0001,1.0002,1.0071,1,0.00058235,66.442,6.9009
1,1,1.0004,1,3.0619e-05,48.435,4.9572
1.0001,1.0003,1.0021,1,0.000286,9.5344,2.1854
1,1.0001,1.0006,1,9.6943e-05,8.1622,2.0805
1,1.0001,1.0017,1,0.00014589,60.209,6.9657
1.0001,1.0002,1.0033,1,0.00038462,20.048,3.5447
1.0001,1.0002,1.0034,1,0.00031845,22.631,3.7196
1,1.0001,1.0006,1,9.2007e-05,7.8291,2.0199
1.0001,1.0001,1.0036,1,0.00029368,39.737,4.97
1,1.0001,1.0014,1,0.00018784,14.918,3.2122
1.0002,1.0005,1.0136,1,0.0010737,51.177,6.2204
1.0001,1.0002,1.0011,1,0.00018888,4.4656,1.3233
1,1,1.0004,1,5.275e-05,10.618,2.3957
1.0001,1.0001,1.0024,1,0.00023481,22.832,3.6869
1,1,1.0001,1,6.5442e-06,37.211,5.4527
1,1.0001,1.0022,1,0.00019885,46.321,6.2341
1,1,1.0009,1,9.5158e-05,20.186,3.681
1,1,1.0007,1,6.7124e-05,18.771,3.1924
1.0001,1.0002,1.0052,1,0.00037141,57.804,6.2244
1.0002,1.0003,1.0055,1,0.00048029,40.873,5.2499
1,1,1.0019,1,0.00012363,71.34,6.6622
1.0001,1.0002,1.0042,1,0.00048409,25.037,4.4153
1.0001,1.0001,1.0022,1,0.00020111,21.729,3.4971
1,1,1.0001,1,7.2731e-06,37.791,5.3123
1.0001,1.0001,1.0037,1,0.00033604,51.515,6.3721
1.0001,1.0002,1.0033,1,0.00043072,18.216,3.5766
1.0001,1.0001,1.002,1,0.0002414,10.939,2.5075
1.0001,1.0001,1.001,1,0.000147,5.3489,1.4678
1,1,1,1,4.5812e-06,8.2972,2.5465
1,1,1.0002,1,1.6134e-05,64.915,6.5837
1,1,1.0007,1,7.824e-05,15.759,3.2226
1.0001,1.0002,1.0114,1,0.00077511,113.42,9.9421
1,1,1.0011,1,0.00014895,16.872,3.653
1,1,1.0016,1,0.00010995,86.351,8.2516
1,1,1.0003,1,3.8164e-05,17.989,3.2207
1,1,1,1,1.6313e-07,80.471,7.6228
1,1,1.0002,1,2.7086e-05,11.196,2.5533
1,1,1.0016,1,8.4513e-05,162.8,10.739
1,1,1.0014,1,9.2821e-05,92.634,7.9495
1,1.0001,1.003,1,0.00019377,109.81,8.6325
1,1,1.0006,1,6.0432e-05,29.571,4.4552
1,1,1.0005,1,4.6679e-05,40.393,5.5117
1,1.0001,1.0005,1,9.291e-05,6.4929,1.9155
1,1,1.0002,1,3.5109e-05,12.007,2.7317
1.0001,1.0002,1.0018,1,0.00022797,8.2445,1.9731
1.0002,1.0005,1.004,1,0.00045037,9.4233,1.8742
1.0001,1.0002,1.0025,1,0.00030656,21.749,3.7085
1.0002,1.0005,1.0076,1,0.00058876,43.245,5.0197
1,1,1,1,4.0624e-07,65.691,7.6098
1,1.0001,1.0008,1,9.7028e-05,8.7934,1.9423
1,1,1.0011,1,0.00014156,26.398,4.5606
1.0002,1.0004,1.0036,1,0.00052034,9.0729,2.2845
1.0001,1.0001,1.0012,1,0.00014006,13.107,2.7954
1.0001,1.0001,1.0046,1,0.00038022,64.852,6.9475
1,1.0001,1.0014,1,8.9972e-05,64.35,6.0891
1,1.0001,1.0039,1,0.00029434,84.003,8.1734
1.0002,1.0004,1.0085,1,0.0006613,42.627,5.1974
1.0001,1.0002,1.0018,1,0.00024028,11.411,2.4355
1,1.0001,1.001,1,0.00012499,18.537,3.4032
1.0003,1.0005,1.005,1,0.00053847,21.552,3.4104
1.0001,1.0001,1.0009,1,0.00013969,5.5925,1.5387
1.0001,1.0002,1.0029,1,0.00033697,24.58,4.0313
1,1,1.0007,1,9.8879e-05,12.584,2.9836
1,1,1.0005,1,8.0062e-05,7.3663,2.0873
1,1,1.0004,1,6.3556e-05,8.6051,2.3426
1,1,1.0002,1,1.985e-05,27.076,4.1111
1.0002,1.0004,1.0035,1,0.0005185,11.679,2.6219
1,1.0001,1.0015,1,0.00016211,20.403,3.6779
1.0003,1.0005,1.006,1,0.00080099,15.124,3.0723
1,1,1.0002,1,2.3843e-05,23.922,3.9726
1,1,1.0001,1,1.4127e-05,13.17,2.9586
1,1,1.0016,1,0.00010543,151.25,11.77
1.0001,1.0002,1.002,1,0.00040163,5.8555,1.9502
1,1,1.0001,1,1.2067e-05,50.428,6.0851
1.0001,1.0001,1.003,1,0.00028687,47.56,6.0564
1.0001,1.0002,1.0038,1,0.00035357,37.538,4.9412
1,1,1.0006,1,7.9773e-05,21.796,4.1746
1,1.0001,1.0009,1,8.8243e-05,27.794,3.9981
1,1.0001,1.0009,1,0.0001181,13.29,3.0165
1.0001,1.0002,1.0019,1,0.00027038,10.43,2.4144
1,1,1.0003,1,5.2062e-05,10.875,2.6679
1,1,1.001,1,6.7781e-05,70.179,6.6823
1,1.0001,1.0007,1,7.6846e-05,10.308,2.1767
1,1,1.0003,1,1.7406e-05,189.51,11.151
1,1,1.0008,1,0.00011104,14.972,3.3432
1.0001,1.0002,1.0019,1,0.00031301,5.1791,1.6247
1.0001,1.0001,1.003,1,0.00036595,23.918,4.3095
1.0001,1.0002,1.0022,1,0.0002818,10.014,2.2477
1,1,1.0009,1,0.00010776,18.333,3.6129
1,1,1.0004,1,4.6082e-05,37.529,5.5933
1.0001,1.0001,1.0017,1,0.00014993,36.181,4.6082
1.0001,1.0001,1.0013,1,0.00019072,8.484,2.1488
1,1.0001,1.0006,1,9.8995e-05,7.8334,2.3087
1.0001,1.0002,1.0023,1,0.0002739,7.5692,1.8123
1.0001,1.0003,1.0021,1,0.00035556,4.0259,1.3128
1,1,1.0004,1,3.3231e-05,67.142,7.0427
1,1,1.0002,1,1.7764e-05,40.012,5.0327
1,1,1.0003,1,1.9214e-05,53.751,5.7924
1.0001,1.0001,1.0033,1,0.00032714,34.811,5.0486
1.0001,1.0001,1.002,1,0.00028512,14.094,3.1863
1.0001,1.0001,1.0015,1,0.00026168,9.6336,2.5485
1.0001,1.0001,1.0031,1,0.00028698,40.516,5.5455
1.0001,1.0002,1.0013,1,0.00024478,6.0676,1.7044
1.0002,1.0004,1.0068,1,0.0009485,21.029,4.2166
1.0003,1.0005,1.0169,1,0.0015595,37.306,5.3176
1,1,1.0006,1,8.8804e-05,16.017,3.5562
1.0001,1.0002,1.0027,1,0.0003555,22.946,4.2949
1.0001,1.0001,1.0027,1,0.00025323,38.782,4.9959
1,1,1,1,8.9989e-07,314.61,16.387
1,1.0001,1.0038,1,0.0003363,59.372,6.8262
1,1,1,1,3.0012e-06,7.3116,2.1182
1,1,1.0004,1,3.2355e-05,50.046,6.142
1.0001,1.0002,1.0013,1,0.00028047,4.3096,1.5306
1.0001,1.0001,1.0021,1,0.00022784,19.775,3.4392
1,1.0001,1.0013,1,0.00013894,26.415,4.3372
1.0001,1.0002,1.0017,1,0.00026614,7.9238,2.1896
1,1,1.0001,1,1.2308e-05,4.905,1.546
1,1,1.0002,1,4.046e-05,10.431,2.6546
1,1,1.0002,1,2.6541e-05,10.048,2.4744
1,1.0001,1.0006,1,8.7687e-05,12.315,2.8211
1,1.0001,1.0009,1,0.00014491,11.303,2.7328
1,1,1,1,9.9829e-06,3.6077,1.3574
1,1,1.0002,1,7.768e-06,310.46,16.358
1,1,1.0008,1,7.4472e-05,52.343,6.2201
1,1,1.0005,1,0.00010642,7.6762,2.355
1,1,1.0002,1,1.0623e-05,66.836,6.7929
1,1,1.0024,1,0.00011724,306.97,16.718
1,1,1.0002,1,1.4807e-05,150.2,11.046
1,1.0001,1.002,1,0.00015539,50.695,5.5407
1,1,1.0003,1,2.706e-05,45.614,5.9958
1,1,1.0017,1,0.00016564,51.156,6.5431
1,1.0001,1.0015,1,0.00013927,37.066,4.9318
1,1,1.0003,1,3.8184e-05,8.1103,2.0865
1,1.0001,1.0029,1,0.00017918,113.48,9.2145
1,1,1.0006,1,5.7639e-05,29.738,4.7495
1,1.0001,1.0013,1,0.00011906,41.798,5.2166
1,1.0001,1.002,1,0.00016164,41.248,5.1871
1,1,1.0006,1,9.6445e-05,15.601,3.4865
1,1,1.0009,1,0.00010168,24.688,4.2166
1,1,1.0001,1,9.398e-06,128.1,10.283
1,1,1.0001,1,6.5013e-06,30.017,5.0083
1,1,1.0014,1,0.00012758,48.156,6.1245
1,1,1,1,5.5432e-07,89.528,8.302
1,1,1.0008,1,7.9171e-05,34.455,4.8506
1,1.0001,1.0021,1,0.00017475,50.113,6.0658
1.0001,1.0002,1.0042,1,0.00055435,25.801,4.6592
1.0001,1.0001,1.0061,1,0.00053918,60.847,7.2507
1,1,1.0001,1,3.3914e-06,333.71,17.799
1,1,1.0021,1,0.00012789,109.07,8.7865
1.0001,1.0001,1.0018,1,0.00024818,19.438,4.0012
1,1,1.0012,1,0.00011038,43.408,5.6669
1,1.0001,1.0008,1,0.00011632,6.263,1.702
1,1,1,1,1.1525e-09,309.06,17.375
1,1,1,1,6.6343e-06,12.35,2.8029
1,1,1.001,1,9.4009e-05,48.829,6.1716
1,1,1.0001,1,9.559e-06,54.177,6.5835
1,1,1.0003,1,3.8937e-05,20.868,3.6724
1,1,1.0001,1,1.4198e-05,5.6867,1.7183
1,1,1.0014,1,7.1911e-05,213.03,13.274
1,1,1.0008,1,4.6437e-05,165.8,11.533
1.0001,1.0001,1.005,1,0.00041371,51.416,6.3642
1,1,1.0003,1,1.1831e-05,324.72,16.343
1,1.0001,1.001,1,0.000156,11.174,2.6601
1,1,1.0002,1,2.744e-05,27.892,4.6224
1,1.0001,1.0034,1,0.00023265,78.287,7.5462
1,1,1.0017,1,0.0001352,51.288,6.255
1,1,1.0009,1,7.7034e-05,36.509,4.7788
1,1,1.0018,1,0.0001774,51.244,6.4304
1,1,1.0005,1,6.9449e-05,11.846,2.7952
1.0001,1.0002,1.0042,1,0.00037254,25.083,3.4662
1,1,1,1,2.142e-08,304.11,15.907
1,1,1.0036,1,0.00016827,233.78,13.615
1,1,1.0003,1,5.3499e-05,7.6821,2.1397
1,1,1.0013,1,0.00010141,45.146,5.5186
1,1,1.0005,1,4.706e-05,27.114,4.2794
1,1,1.0003,1,3.6019e-05,37.235,5.3866
1,1.0001,1.0009,1,0.00013682,7.048,2.0358
1,1,1.0018,1,0.00015664,59.73,7.1781
1.0001,1.0001,1.0015,1,0.00023425,18.961,3.8606
1.0001,1.0002,1.0015,1,0.00024786,7.4295,2.0981
1,1.0001,1.0013,1,0.00013246,16.524,3.2135
1.0001,1.0001,1.0011,1,0.00017485,9.8345,2.3828
1.0001,1.0002,1.0024,1,0.0003987,11.991,2.9492
1,1,1.0011,1,0.0001074,42.931,5.7041
1,1,1.0001,1,1.5849e-05,8.8157,2.1341
1,1.0001,1.0005,1,0.00011167,4.8394,1.6954
1,1,1.0006,1,4.9723e-05,46.137,5.399
1.0001,1.0003,1.0063,1,0.00067061,34.686,5.0987
1,1.0001,1.0014,1,0.00015043,22.169,3.7438
1,1,1,1,6.0974e-08,379.09,17.818
1,1,1.0003,1,4.9405e-05,7.8548,2.2905
1,1,1.0005,1,8.8986e-05,9.6138,2.5821
1,1.0001,1.0007,1,9.766e-05,7.4652,2.0058
1,1,1,1,8.0977e-06,5.075,1.6996
1,1.0001,1.0026,1,0.00018133,63.668,6.6901
1,1,1.0002,1,2.3352e-05,24.22,3.8477
1,1,1.0002,1,2.6575e-05,8.7525,2.3653
1,1,1.0001,1,1.4055e-05,12.76,2.6772
1,1,1.0013,1,9.3073e-05,104.5,8.7881
1,1,1.0005,1,4.2418e-05,32.348,4.4243
1,1,1.0002,1,6.0953e-05,2.8715,1.1815
1,1,1.0001,1,4.2098e-06,110.83,9.4734
1.0001,1.0001,1.0031,1,0.00027875,46.278,5.853
1,1,1,1,3.0186e-06,29.859,4.9234
1.0001,1.0001,1.0014,1,0.00017058,15.264,3.0399
1,1,1,1,3.4439e-06,103.18,9.5063
1,1,1,1,3.9799e-06,41.155,5.5066
1,1,1.0004,1,4.4722e-05,32.974,4.818
1,1,1.0001,1,1.4815e-05,30.453,4.9658
1.0001,1.0001,1.0025,1,0.00026289,33.915,5.1192
1.0001,1.0001,1.0021,1,0.00028525,14.268,3.1879
1.0001,1.0002,1.0017,1,0.00026473,8.5103,2.1331
1.0001,1.0001,1.0005,1,0.00013888,2.5955,0.8871
1,1,1.0006,1,5.2288e-05,62.966,6.7392
1,1,1.0009,1,8.3153e-05,57.697,6.551
1.0001,1.0002,1.0039,1,0.00049692,21.396,4.0215
1.0001,1.0002,1.0032,1,0.0002658,47.275,5.4234
1.0001,1.0002,1.0019,1,0.00030605,5.8978,1.7821
1.0001,1.0001,1.0021,1,0.00030062,17.682,3.7406
1.0002,1.0003,1.0036,1,0.00049761,11.111,2.6137
1.0001,1.0003,1.0031,1,0.0004883,8.5458,2.3282
1,1,1.0013,1,0.00012559,30.044,4.6977
1,1,1.0007,1,7.9844e-05,25.018,4.3916
1,1,1.0003,1,5.0841e-05,10.79,2.8081
1,1,1.0012,1,8.3733e-05,60.528,6.3397
1,1.0001,1.0008,1,0.00013052,9.4959,2.4551
1.0001,1.0002,1.0013,1,0.00023394,4.6107,1.4212
1.0001,1.0002,1.0011,1,0.00021269,4.8274,1.5039
1,1.0001,1.0007,1,0.00010258,11.095,2.6474
1,1,1,1,2.3789e-07,263.34,15.356
1,1,1.0004,1,2.7005e-05,82.81,8.0351
1.0001,1.0002,1.0018,1,0.00027534,6.9447,1.9517
1.0001,1.0001,1.0023,1,0.00026852,21.178,3.8795
1,1,1.0003,1,3.9081e-05,14.319,2.753
1.0001,1.0001,1.0023,1,0.00024183,29.639,4.6333
1.0001,1.0002,1.0014,1,0.0002393,5.5999,1.6886
1,1.0001,1.0034,1,0.00026596,74.577,7.7357
1,1,1.0002,1,4.9447e-05,8.6104,2.4838
1,1.0001,1.001,1,0.00011818,10.904,2.1857
1,1.0001,1.0006,1,9.5665e-05,10.506,2.5656
1,1,1.0017,1,0.00015621,69.233,7.6072
1.0001,1.0001,1.002,1,0.00019218,25.618,3.7267
1.0001,1.0001,1.0028,1,0.00029471,24.279,4.1017
1,1.0001,1.0049,1,0.00036438,74.133,7.5998
1,1.0001,1.0026,1,0.00021038,77.79,7.8545
1,1,1,1,4.5768e-09,463.06,20.512
1,1.0001,1.0066,1,0.00036819,152.08,10.799
1,1,1.0003,1,4.5862e-05,10.411,2.5028
1,1,1.0008,1,5.9864e-05,50.553,5.6616
1,1,1.0007,1,8.6775e-05,19.39,3.6008
1,1,1.0006,1,6.0403e-05,33.895,4.9891
1.0001,1.0001,1.0012,1,0.00019496,12.671,2.9752
1,1,1.0007,1,6.9347e-05,33.48,4.996
1,1,1.0007,1,8.1388e-05,20.71,3.8692
1.0001,1.0002,1.0016,1,0.0002891,5.5504,1.6322
1,1,1,1,3.2613e-06,59.995,5.7574
1,1,1.0012,1,9.1057e-05,59.853,6.4695
1,1,1.0001,1,5.4656e-06,173.78,11.835
1,1,1.0008,1,9.1642e-05,12.732,2.7428
1,1,1.0008,1,8.7392e-05,36.865,5.4628
1,1.0001,1.0076,1,0.00035248,291.14,15.865
1,1,1.0013,1,0.00011057,54.455,6.447
1,1.0001,1.0014,1,0.0001439,20.198,3.5356
1,1,1.0005,1,4.6669e-05,30.788,4.4084
1,1,1.0008,1,8.2445e-05,20.997,3.7602
1,1,1.0025,1,0.00021526,63.78,7.5206
1,1,1.0002,1,2.1634e-05,14.898,3.2833
1,1,1.0003,1,2.308e-05,46.037,5.2274
1,1.0001,1.0013,1,0.00012706,40.091,5.0568
1,1,1,1,5.1693e-07,565.49,23.474
1,1,1.0004,1,3.1057e-05,54.088,5.3838
1,1,1.0006,1,8.1887e-05,16.788,3.5456
1,1,1.0016,1,0.00013283,66.512,7.3165
1,1,1.0001,1,4.236e-06,229.33,13.902
1.0001,1.0001,1.0015,1,0.00030211,9.5424,2.7104
1,1,1.0009,1,0.00011155,27.764,4.5584
1.0001,1.0001,1.0031,1,0.00025364,38.632,4.4754
1,1,1.0004,1,4.2913e-05,31.163,4.5861
1,1,1.0013,1,0.00012299,35.276,5.1054
1,1,1.0004,1,8.1532e-05,10.794,2.8712
1.0002,1.0003,1.003,1,0.0004239,6.8551,1.7873
1.0001,1.0002,1.0019,1,0.00028775,12.491,2.9299
1,1.0001,1.0018,1,0.00017915,37.619,5.4302
1,1,1.0002,1,2.3576e-05,12.988,2.592
1,1,1.0003,1,4.0919e-05,8.4726,2.0998
1,1,1.0004,1,6.306e-05,11.849,2.8533
1,1,1.0002,1,2.1176e-05,11.862,2.5101
1,1.0001,1.0024,1,0.0001585,79.859,7.6462
1.0002,1.0003,1.0037,1,0.00047709,13.059,2.8856
1,1,1.003,1,0.00018035,141.3,10.66
1.0001,1.0001,1.0015,1,0.00018294,16.052,3.2001
1,1,1.0008,1,0.00011239,18.895,3.6995
1.0001,1.0002,1.0012,1,0.00024796,5.6146,1.7208
1.0001,1.0001,1.0026,1,0.00019342,70.883,7.0398
1,1,1.0001,1,2.3599e-05,4.13,1.2876
1,1.0001,1.0006,1,0.00011479,9.6886,2.561
1,1,1.0004,1,6.9313e-05,10.443,2.5841
1,1,1.0005,1,3.287e-05,94.113,8.0806
1,1,1.0001,1,2.7932e-05,5.593,1.7498
1,1.0001,1.0008,1,0.00014276,10.472,2.738
1,1,1.0006,1,7.5083e-05,19.37,3.5138
1,1,1.0004,1,5.8313e-05,13.821,3.2845
1,1,1,1,8.5518e-11,171.76,12.277
1,1.0001,1.0003,1,7.8986e-05,3.1152,1.1853
1,1.0001,1.0011,1,0.00017534,10.441,2.6691
1,1,1.0002,1,2.6059e-05,16.787,3.4838
1,1,1.0001,1,4.7307e-06,303.49,15.176
1,1.0001,1.0008,1,0.00013597,9.4401,2.4629
1,1.0001,1.0013,1,0.00015704,18.166,3.6549
1,1.0001,1.0024,1,0.00022196,54.791,6.3915
1,1.0001,1.0026,1,0.000198,60.985,6.5006
1,1.0001,1.0008,1,0.00010641,9.7938,2.3271
1.0001,1.0001,1.0041,1,0.00043211,29.041,4.6459
1,1.0001,1.0007,1,8.7026e-05,13.55,2.5983
1.0003,1.0005,1.0063,1,0.00068848,22.825,3.6107
1,1.0001,1.0019,1,0.00019869,36.509,5.5083
1.0001,1.0002,1.003,1,0.00042222,10.472,2.6207
1,1,1.0007,1,8.4002e-05,17.236,3.3238
1,1.0001,1.0008,1,0.00012214,12.364,2.883
1,1.0001,1.0005,1,9.4246e-05,5.2225,1.663
1,1.0001,1.0019,1,0.00017385,31.143,4.5222
1,1,1.0002,1,2.5218e-05,35.054,5.6742
1,1.0001,1.0008,1,0.00011363,13.798,3.1311
1.0001,1.0002,1.0041,1,0.00034896,29.518,3.8521
1,1,1,1,3.3704e-08,188.59,12.631
1.0001,1.0001,1.002,1,0.00021155,22.546,3.6593
1,1,1.0007,1,6.3357e-05,40.709,5.1059
1,1,1.0058,1,0.00033119,186.05,12.87
1.0001,1.0002,1.0037,1,0.00048589,21.358,3.9515
1,1.0001,1.0007,1,0.00012542,5.9794,1.8596
1,1,1.0003,1,4.1407e-05,13.41,3.0341
1,1,1.0009,1,5.2715e-05,116.67,9.0636
1,1,1,1,6.9241e-06,5.0142,1.514
1,1,1.0001,1,2.3859e-06,520.59,22.212
1,1.0001,1.0006,1,8.2751e-05,8.1616,1.8792
1,1,1.0003,1,3.4151e-05,26.462,4.272
1,1.0001,1.0008,1,0.00011902,11.015,2.6914
1,1,1.0002,1,3.4197e-05,4.4933,1.2618
1,1,1.0001,1,6.1876e-06,179.56,12.509
1,1.0001,1.001,1,0.00011682,13.731,2.7145
1,1,1,1,2.7065e-10,491.73,21.044
1,1,1.0004,1,4.8377e-05,12.58,2.7672
1.0002,1.0004,1.0042,1,0.00056788,8.593,2.1556
1,1,1.0002,1,2.0684e-05,17.246,2.9244
1,1.0001,1.001,1,0.00010028,23.637,3.8071
1.0001,1.0001,1.0012,1,0.00016109,13.172,2.8709
1,1,1.0001,1,4.7809e-06,51.564,5.9322
1.0002,1.0004,1.0116,1,0.00093121,49.182,5.9553
1,1.0001,1.0022,1,0.00017484,47.377,5.9068
1,1.0001,1.0011,1,0.00014015,16.65,3.3094
1,1,1,1,3.8669e-12,50.556,6.4399
1,1,1,1,2.1167e-09,291.09,15.369
1,1,1.0004,1,3.716e-05,14.261,2.8635
1,1.0001,1.001,1,0.00013712,16.175,3.2746
1,1,1.0011,1,0.00010662,38.632,5.2502
1.0001,1.0002,1.0024,1,0.00028384,15.25,3.0209
1,1,1,1,2.0502e-09,12.597,2.7555
1,1,1.0005,1,4.9839e-05,42.693,5.6353
1.0001,1.0001,1.002,1,0.00021706,33.436,4.8515
1,1,1,1,1.6791e-09,230.19,13.69
1,1.0001,1.0007,1,8.26e-05,16.631,3.0963
1,1,1.0007,1,7.7769e-05,21.765,3.6846
1,1.0001,1.001,1,0.00013964,12.873,2.8252
1,1.0001,1.0004,1,8.7138e-05,3.8054,1.2651
1,1,1.0007,1,4.2445e-05,97.308,7.9899
1.0002,1.0003,1.0025,1,0.00034485,7.6461,1.7755
1,1,1,1,1.4067e-06,564.09,23.418
1,1,1.0003,1,2.5283e-05,35.147,4.9096
1,1,1.0008,1,8.2794e-05,26.321,4.065
1,1,1,1,9.2737e-09,83.99,7.611
1,1.0001,1.0028,1,0.00026242,50.497,6.3945
1,1,1.0005,1,6.0411e-05,12.014,2.7097
1.0001,1.0001,1.0031,1,0.00022544,64.264,6.4144
1,1,1,1,3.4639e-06,28.648,4.2897
1,1.0001,1.0017,1,0.00016128,48.133,6.0344
1,1,1.0003,1,4.9263e-05,5.9139,1.7343
1,1,1,1,9.6836e-07,584.25,24.028
1,1,1,1,1.6504e-07,66.342,7.4771
1.0001,1.0001,1.002,1,0.00024748,20.522,3.5815
1.0002,1.0003,1.0068,1,0.00044345,69.705,5.9536
1,1,1,1,1.4039e-09,190.02,12.712
1,1,1.0001,1,8.542e-06,17.778,3.4056
1,1.0001,1.0005,1,0.0001181,3.3451,1.2402
1,1,1,1,1.8955e-07,406.57,19.135
1.0001,1.0002,1.004,1,0.00038315,37.872,5.2408
1,1,1,1,2.7336e-06,20.657,4.2617
1.0001,1.0001,1.0037,1,0.00032797,41.636,5.7008
1,1,1.0006,1,8.262e-05,14.506,3.0238
1,1,1,1,4.1381e-08,79.987,8.154
1,1,1,1,2.8979e-08,137.07,10.454
1,1,1.0001,1,9.8817e-06,7.8125,2.2017
1,1,1,1,1.0886e-11,75.083,6.9328
1,1,1.0013,1,0.00012749,31.547,4.6425
1,1,1.0002,1,3.8474e-05,9.5974,2.5396
1,1,1.0001,1,4.9674e-06,73.834,7.5218
1,1.0001,1.0009,1,0.00014497,9.4333,2.4026
1.0001,1.0002,1.0023,1,0.00029029,13.029,2.6426
1,1.0001,1.0013,1,0.00013169,25.511,3.9295
1,1.0001,1.0022,1,0.00021014,54.377,6.6642
1,1,1,1,1.7316e-07,18.089,3.5669
1,1,1.0005,1,4.7842e-05,25.618,3.8754
1,1,1.0007,1,3.9336e-05,140.83,9.9435
1,1,1.0001,1,1.7936e-05,17.569,3.5803
1,1,1.0007,1,8.1303e-05,19.515,3.6192
1,1,1.0005,1,8.1054e-05,12.125,2.8105
1.0002,1.0003,1.0028,1,0.00041916,10.96,2.5283
1,1,1.0003,1,2.1339e-05,64.202,6.5516
1.0001,1.0003,1.0057,1,0.00054005,29.725,4.7057
1,1,1,1,2.229e-07,56.009,5.906
1.0001,1.0001,1.0019,1,0.00017083,35.222,4.8322
1,1,1.0004,1,5.9265e-05,9.1703,2.4945
1,1,1.0001,1,4.7381e-06,99.263,9.031
1,1.0001,1.0011,1,0.00011087,35.335,4.8689
1,1,1.0002,1,2.0186e-05,25.131,3.9822
1.0001,1.0001,1.0011,1,0.00018138,8.9689,2.2806
1,1.0001,1.0017,1,0.00014817,43.382,5.4807
1,1,1.0012,1,0.00011999,38.238,5.4417
1,1,1.0007,1,7.1378e-05,18.846,3.3013
1,1,1.0001,1,2.1363e-05,7.1814,2.0266
1,1,1.0009,1,8.4609e-05,33.755,5.0693
1,1,1.0003,1,5.4444e-05,7.1004,1.926
1,1.0001,1.0012,1,0.00013147,22.366,3.8428
1,1,1.0001,1,8.2409e-06,16.172,3.4468
1,1,1.0001,1,2.4529e-05,4.1332,1.5437
1.0001,1.0002,1.0043,1,0.00037013,60.036,6.6487
1,1,1.0003,1,2.929e-05,35.537,5.4509
1,1,1.0015,1,0.00013627,51.395,6.416
1.0001,1.0001,1.0038,1,0.00036275,50.345,6.3052
1,1,1,1,2.3116e-07,42.464,5.6627
1,1,1.0002,1,8.9347e-06,326.66,17.049
1,1,1.0006,1,4.8335e-05,43.053,5.0139
1,1,1,1,5.4948e-09,170.36,11.69
1,1,1,1,1.0735e-06,19.197,3.8421
1.0001,1.0001,1.0014,1,0.00014828,14.558,2.7889
1,1,1,1,2.315e-07,329.78,17.428
1,1,1.0004,1,2.8002e-05,74.357,7.7
1.0001,1.0001,1.0008,1,0.00018019,6.8407,2.0948
1,1,1.0003,1,3.4352e-05,20.135,3.7337
1,1.0001,1.0008,1,0.00014913,9.352,2.5518
1.0002,1.0004,1.0081,1,0.00097851,28.898,4.7462
1,1,1.0016,1,0.00015789,51.765,6.5699
1,1,1.0001,1,7.3354e-06,20.982,3.8204
1,1,1,1,2.8468e-09,133.86,9.8704
1,1,1.001,1,6.0775e-05,80.581,6.8634
1,1,1.0001,1,8.969e-06,15.837,3.4634
1,1,1,1,1.2345e-06,68.585,7.3975
1,1,1.0003,1,3.8344e-05,14.249,3.0446
1,1,1.0002,1,2.3548e-05,19.889,3.8055
1,1,1.0002,1,3.466e-05,8.164,2.1672
1,1,1,1,1.212e-06,352.47,17.668
1,1,1.0002,1,3.6999e-05,6.5793,1.9236
1,1,1.0001,1,1.1814e-05,30.6,4.8428
1,1,1,1,7.3676e-09,166.2,11.601
1,1.0001,1.0029,1,0.00019178,86.774,8.0483
1,1.0001,1.0008,1,0.0001127,9.2638,2.1626
1,1,1.0002,1,3.4882e-05,6.9753,2.0394
1,1,1,1,6.7203e-06,7.4588,1.7956
1,1,1.0003,1,3.9177e-05,23.987,4.4786
1,1,1,1,2.5962e-07,51.956,6.2599
1,1.0001,1.0009,1,0.00011216,8.5641,1.8681
1,1,1,1,1.1052e-08,32.798,5.254
1,1,1,1,8.7698e-10,407.3,19.295
1,1,1.0002,1,1.3001e-05,175.12,11.932
1,1.0001,1.001,1,0.00011271,13.152,2.9181
1,1,1,1,1.7968e-10,317.32,16.632
1,1,1.0004,1,5.5477e-05,9.8087,2.2002
1,1,1.0001,1,9.9614e-06,32.622,5.0869
1,1,1.0008,1,7.1451e-05,33.542,4.6735
1,1,1.0004,1,3.2444e-05,49.712,6.1867
1,1,1.0032,1,0.00015287,298.02,16.191
1,1,1,1,3.2167e-06,20.689,3.7257
1,1,1.0004,1,6.1993e-05,10.264,2.6021
1,1,1.0003,1,2.9855e-05,30.007,4.9271
1,1,1.0001,1,5.3325e-06,184.38,11.018
1,1.0001,1.0011,1,0.00012285,30.374,4.7517
1,1,1.0002,1,9.4979e-06,236.82,14.654
1,1,1.0009,1,7.2988e-05,40.11,4.673
1,1,1.0008,1,6.7455e-05,52.143,5.9924
1,1,1.0008,1,7.6377e-05,24.46,3.8929
1,1,1.0009,1,6.4129e-05,137.91,11.082
1.0001,1.0002,1.0081,1,0.00065094,77.799,8.0331
1,1,1,1,8.3786e-07,190.21,13.468
1,1.0001,1.0005,1,0.00010829,4.518,1.5653
1,1.0001,1.0004,1,7.738e-05,8.5678,2.2361
1,1,1.0017,1,9.8129e-05,146.08,10.523
1.0001,1.0001,1.001,1,0.00015595,10.779,2.7219
1.0001,1.0001,1.0028,1,0.0002618,54.158,6.2366
1,1,1.0001,1,4.4391e-06,201.09,13.273
1,1.0001,1.0036,1,0.00019598,132.56,9.3934
1,1.0001,1.0034,1,0.00020251,132.42,10.004
1.0001,1.0001,1.0007,1,0.00012362,3.6647,0.90389
1,1,1,1,5.2349e-08,225.2,14.45
1,1,1,1,6.564e-08,79.639,8.3497
1,1,1.0002,1,2.1655e-05,33.853,4.9457
1,1,1.002,1,0.00014678,84.577,8.3039
1,1,1.0002,1,2.9549e-05,11.179,2.525
1,1.0001,1.0006,1,7.0142e-05,9.2759,2.1791
1.0001,1.0001,1.0012,1,0.00016639,9.5121,2.3993
1.0001,1.0001,1.0026,1,0.00019612,49.291,5.3032
1,1,1.0008,1,8.5849e-05,26.269,3.8193
1.0001,1.0001,1.0031,1,0.00025439,70.916,7.5216
1,1.0001,1.0003,1,6.204e-05,3.1882,1.0735
1,1,1.0004,1,7.2836e-05,8.6224,2.363
1,1,1.0001,1,1.2314e-05,12.042,2.9862
1,1.0001,1.0018,1,0.00014925,39.374,5.1293
1,1.0001,1.001,1,9.2431e-05,39.444,4.932
1,1,1,1,1.7671e-10,362.24,18.163
1.0001,1.0001,1.0013,1,0.00018263,10.97,2.3077
1,1,1.0002,1,2.109e-05,18.356,3.4401
1,1,1,1,5.6333e-08,185.06,13.073
1,1,1,1,3.3537e-06,11.286,2.8111
1,1,1,1,2.2198e-06,10.759,2.5724
1.0001,1.0002,1.0026,1,0.00031125,19.791,3.6998
1,1,1,1,2.2218e-06,42.681,5.8713
1,1,1,1,1.0028e-07,185.34,13.047
1.0001,1.0001,1.0024,1,0.00024019,23.761,4.0468
1,1.0001,1.0027,1,0.00020129,74.206,7.3529
1,1.0001,1.0006,1,0.00010375,10.443,2.6401
1,1,1.0017,1,0.00014204,48.737,6.052
1,1.0001,1.001,1,0.00011701,17.108,3.3535
1,1,1.0001,1,1.2542e-05,51.014,6.489
1,1,1.001,1,8.4377e-05,73.961,8.0194
1,1.0001,1.0035,1,0.00024142,98.988,8.9845
1,1,1,1,4.3598e-07,117.02,9.6537
1,1,1,1,1.1231e-06,387.95,19.192
1,1,1.0001,1,2.2585e-05,5.2868,1.4564
1,1,1.0002,1,3.1503e-05,3.857,1.2174
1,1,1,1,4.9434e-09,139.98,10.918
1,1,1.0029,1,0.00021918,99.607,9.3336
1.0001,1.0002,1.0011,1,0.00019201,7.6289,1.8963
1,1,1.0001,1,7.4976e-06,13.675,3.0782
1,1,1,1,3.4744e-06,16.439,2.7164
1,1,1.0019,1,0.00012891,100.6,9.1794
1,1,1,1,5.8674e-10,62.834,7.3197
1,1,1.0001,1,1.1078e-05,87.722,8.7114
1,1,1,1,1.4628e-06,47.527,6.4065
1.0001,1.0001,1.0012,1,0.00017426,13.409,2.9052
1,1,1,1,5.777e-08,48.683,6.4086
1,1,1.0004,1,5.3171e-05,11.087,2.5684
1,1,1.0003,1,4.7156e-05,13.902,3.2046
1.0001,1.0001,1.0011,1,0.00012792,10.892,2.1786
1,1.0001,1.0007,1,6.0044e-05,32.421,3.6226
1,1,1,1,4.2827e-06,43.003,5.663
1,1.0001,1.0007,1,8.524e-05,13.41,2.8331
1,1,1.0003,1,5.8847e-05,5.7709,1.7359
1,1,1.0001,1,9.8988e-06,15.682,3.0929
1,1,1.0001,1,9.6698e-06,3.9122,1.0744
1,1,1.0005,1,2.7768e-05,116.16,9.2753
1,1,1,1,3.0593e-06,34.047,5.5215
