0,0,1,1,1,1,0,0,1,1,1,1
0.018182,0.036364,0.14545,0.85455,1,1,0.0091408,0.032541,0.17989,0.90713,1,1
0,0,0,0,0.58537,0.90244,0,0,0,0,0.65157,0.94525
0.72222,0.94444,0.94444,0.94444,0.83333,0.83333,0.78352,0.97126,0.97126,0.96169,0.86494,0.86494
1,1,1,1,1,1,1,1,1,1,1,1
0,0,0,0.93333,1,1,0,0,0,0.96425,1,1
0.18182,0.18182,0.72727,1,1,0.90909,0.20563,0.20563,0.68169,1,1,0.92394
0.17391,0.26087,0.3913,0.95652,0.95652,0.91304,0.16888,0.21727,0.37476,0.9611,0.9611,0.90323
0.5,0.5,1,1,1,1,0.38889,0.38889,1,1,1,1
0,0,0.30769,0.94872,1,1,0,0,0.24602,0.92142,1,1
0.30556,0.44444,0.80556,1,1,1,0.38374,0.50803,0.8348,1,1,1
0,0,0.032258,0.3871,0.87097,0.96774,0,0,0.062941,0.39941,0.85412,0.98059
0.083333,0.083333,0.083333,0.44444,1,1,0.074353,0.074353,0.074353,0.47118,1,1
0.083333,0.27083,0.91667,1,1,1,0.16117,0.32845,0.90639,1,1,1
0,0,0.026316,0.52632,0.86842,1,0,0,0.020276,0.41751,0.74839,1
0,0,0.043478,0.52174,0.91304,1,0,0,0.050191,0.60229,0.91969,1
1,1,1,0,0,0,1,1,1,0,0,0
0,0.023256,0.32558,0.95349,0.97674,0.97674,0,0.04328,0.40592,0.9508,0.98041,0.98041
0.33333,0.44444,0.61111,0.94444,0.83333,0.77778,0.26777,0.35787,0.54188,0.95178,0.83756,0.80203
0,0.04878,0.2439,0.97561,1,1,0,0.056455,0.33585,0.99173,1,1
0,0,0,0.075472,0.5283,0.77358,0,0,0,0.054277,0.53713,0.75858
0,0,0.027027,0.10811,0.2973,1,0,0,0.019108,0.085191,0.25159,1
1,1,1,0,0,0,1,1,1,0,0,0
1,1,1,0.84615,0.84615,0.84615,1,1,1,0.83454,0.83454,0.83454
0.066667,0.066667,0.088889,0.13333,0.48889,0.68889,0.039599,0.039599,0.049613,0.1766,0.51661,0.69959
0.083333,0.22222,0.66667,1,1,1,0.19321,0.34274,0.74195,1,1,1
0,0,0.088889,0.82222,1,1,0,0,0.078113,0.81047,1,1
0,0,0.53846,1,1,1,0,0,0.51045,1,1,1
0.33333,0.33333,0.35556,0.77778,0.75556,0.75556,0.19172,0.19172,0.20781,0.83225,0.82335,0.82335
0.1,0.46667,0.66667,1,1,1,0.058007,0.38969,0.6594,1,1,1
0,0,0.43333,0.93333,0.96667,1,0,0,0.24253,0.92951,0.94385,1
0.14286,0.2381,0.90476,1,1,1,0.092199,0.16312,0.91726,1,1,1
0,0,0,0,0,0,0,0,0,0,0,0
0.15,0.35,0.4,0.65,0.95,0.95,0.061283,0.17304,0.2062,0.65898,0.98414,0.98414
0.28571,0.28571,0.35714,0.71429,0.85714,0.85714,0.40479,0.40479,0.46072,0.80293,0.74035,0.74035
0.3,0.6,0.7,0.7,0.7,0.7,0.39038,0.58846,0.70962,0.60962,0.60962,0.60962
0,0.5,0.5,0.5,0.75,0.75,0,0.44262,0.44262,0.44262,0.66393,0.66393
0,0,0.071429,0.46429,0.80357,0.94643,0,0,0.058992,0.40721,0.79189,0.93445
0,0,0,0.66667,1,1,0,0,0,0.66056,1,1
0,0.046512,0.069767,0.44186,0.90698,1,0,0.067607,0.1012,0.51846,0.93156,1
0,0,0.11628,0.67442,0.93023,1,0,0,0.16064,0.71094,0.93799,1
0.46667,0.6,0.93333,0.86667,0.73333,0.73333,0.43016,0.57619,0.9,0.90476,0.72857,0.72857
0,0.037736,0.13208,0.56604,0.88679,0.96226,0,0.030628,0.14161,0.59029,0.90732,0.96062
0,0,0,0.64706,1,1,0,0,0,0.58472,1,1
0,0,0.15385,0.96154,1,1,0,0,0.21086,0.97508,1,1
1,1,1,0.5,0.5,0.5,1,1,1,0.39655,0.39655,0.39655
0,0,0.055556,0.52778,0.88889,0.91667,0,0,0.074569,0.54981,0.93823,0.95159
0,0,0,0,0,0,0,0,0,0,0,0
0.48936,0.82979,0.97872,1,1,1,0.45579,0.82012,0.97508,1,1,1
0,0.086957,0.86957,1,1,1,0,0.072426,0.79522,1,1,1
0,0.0625,0.15625,0.9375,1,1,0,0.05106,0.1249,0.96072,1,1
0.02381,0.16667,0.45238,0.95238,1,1,0.034889,0.14152,0.41867,0.94742,1,1
0,0,0.18182,0.57576,0.9697,1,0,0,0.15381,0.60863,0.9797,1
0.5,0.5,0,0.5,0.5,0.5,0.29293,0.29293,0,0.70707,0.70707,0.70707
0,0.068182,0.27273,0.75,0.90909,0.95455,0,0.057385,0.25682,0.75682,0.9111,0.95532
0,0.026316,0.026316,0.5,0.92105,0.97368,0,0.038356,0.038356,0.53927,0.95662,0.98584
0.055556,0.055556,0.055556,0.38889,0.94444,1,0.050883,0.050883,0.050883,0.32226,0.96961,1
0.078947,0.13158,0.39474,1,1,1,0.044647,0.080624,0.37451,1,1,1
0.029412,0.029412,0.26471,0.76471,0.88235,1,0.018182,0.018182,0.20275,0.72672,0.88485,1
0.032258,0.096774,0.48387,0.87097,0.96774,0.96774,0.019231,0.089103,0.52244,0.87372,0.98077,0.98077
0,0,0.068182,0.79545,0.97727,1,0,0,0.038839,0.78381,0.98783,1
0.625,0.625,0.625,0.875,0.625,0.625,0.68182,0.68182,0.68182,0.84965,0.53147,0.53147
0,0,0.085106,0.68085,0.87234,0.93617,0,0,0.092153,0.67153,0.90283,0.96214
0,0,0.0625,0.72917,0.89583,0.97917,0,0,0.054781,0.76694,0.90966,0.98751
0,0,0.55556,1,1,1,0,0,0.55314,1,1,1
0.42857,0.57143,1,0.85714,0.85714,0.71429,0.34186,0.52558,1,0.92093,0.92093,0.82326
0.074074,0.074074,0.22222,0.92593,1,1,0.086439,0.086439,0.23949,0.92942,1,1
0,0,0,0,0,0,0,0,0,0,0,0
0.75,0.75,0.75,0.5,0.33333,0.33333,0.37577,0.37577,0.37577,0.2707,0.17429,0.52781
0.11111,0.2963,0.92593,1,0.88889,0.88889,0.070285,0.22965,0.9492,1,0.92971,0.92971
0,0.019608,0.21569,0.84314,1,1,0,0.039907,0.21903,0.8529,1,1
0,0.10345,0.68966,0.96552,1,1,0,0.14286,0.76998,0.96489,1,1
0,0,0.15556,1,1,1,0,0,0.14968,1,1,1
0,0.04878,0.65854,1,1,1,0,0.0345,0.64515,1,1,1
0,0.034483,0.068966,0.65517,1,1,0,0.027169,0.054338,0.61437,1,1
0,0,0.055556,0.52778,0.94444,0.94444,0,0,0.038635,0.58076,0.95684,0.95684
0.66667,0.66667,1,0.66667,0.66667,0.66667,0.87889,0.87889,1,0.89446,0.89446,0.89446
0.042553,0.042553,0.23404,0.42553,0.55319,0.97872,0.031722,0.031722,0.28499,0.46073,0.54532,0.98741
0,0,0.19512,0.92683,1,1,0,0,0.16391,0.95033,1,1
0,0,0,0.24,0.64,0.92,0,0,0,0.24757,0.54553,0.89478
0.029412,0.029412,0.26471,0.97059,1,1,0.026552,0.026552,0.21038,0.98611,1,1
0,0,0.13333,0.8,1,1,0,0,0.1452,0.85677,1,1
0,0.022727,0.022727,0.045455,0.13636,0.68182,0,0.015112,0.015112,0.038765,0.10644,0.73784
0,0.11111,0.27778,1,1,1,0,0.13782,0.30761,1,1,1
0.04878,0.31707,0.68293,0.95122,0.95122,0.95122,0.025606,0.22908,0.63237,0.97805,0.97439,0.97439
0.625,0.75,0.75,1,1,0.75,0.64574,0.75785,0.75785,1,1,0.78475
0,0,0,0.18919,0.75676,0.86486,0,0,0,0.24749,0.80475,0.87757
0.027027,0.18919,0.89189,1,1,1,0.024221,0.21038,0.92388,1,1,1
0.032258,0.064516,0.35484,0.93548,1,1,0.016962,0.070059,0.34661,0.94469,1,1
0.25,0.75,0.75,1,1,0.75,0.20408,0.82993,0.82993,1,1,0.79592
0.030303,0.030303,0.36364,0.9697,1,1,0.011111,0.011111,0.35749,0.98309,1,1
0.032258,0.19355,0.41935,1,1,1,0.029373,0.23172,0.4876,1,1,1
1,1,1,0.5,0,0,1,1,1,0.61039,0,0
0,0,0.03125,0.8125,1,1,0,0,0.016059,0.85917,1,1
0.090909,0.090909,0.090909,0.72727,0.90909,0.90909,0.064516,0.064516,0.064516,0.62212,0.93548,0.93548
0.22222,0.37037,0.7037,0.74074,0.7037,0.88889,0.25859,0.37523,0.73056,0.74593,0.68716,0.87884
0,0,0.095238,0.71429,0.92857,1,0,0,0.080019,0.76867,0.94471,1
0.020408,0.040816,0.53061,0.93878,0.97959,1,0.0096194,0.029276,0.63153,0.95358,0.98996,1
0.23529,0.29412,0.82353,0.88235,0.76471,0.76471,0.2131,0.26786,0.83214,0.85595,0.7869,0.7869
0,0,0,1,1,1,0,0,0,1,1,1
0.9,1,1,0.9,0.6,0.4,0.90133,1,1,0.78748,0.49526,0.35484
0,0,0,0.85714,1,1,0,0,0,0.92,1,1
0,0.051282,0.5641,1,1,1,0,0.026265,0.51411,1,1,1
0.21739,0.56522,0.73913,0.95652,0.95652,0.95652,0.20042,0.62131,0.76688,0.97679,0.97257,0.97257
0,0,0,0,0,0,0,0,0,0,0,0
0.11111,0.14815,0.37037,0.77778,0.88889,0.88889,0.19058,0.21014,0.56739,0.73188,0.80942,0.80942
0.045455,0.090909,0.22727,0.22727,0.54545,0.95455,0.022099,0.042971,0.11664,0.11664,0.65316,0.98343
0,0,0.36842,0.78947,0.97368,1,0,0,0.34284,0.75511,0.98512,1
0.086957,0.086957,0.086957,0.91304,0.91304,0.91304,0.062742,0.062742,0.062742,0.93726,0.93726,0.93726
0.0625,0.3125,0.625,1,1,1,0.036667,0.27833,0.675,1,1,1
0.83784,0.83784,0.86486,0.78378,0.37838,0.37838,0.90281,0.90281,0.91386,0.85859,0.32704,0.32704
0,0.029412,0.58824,1,1,1,0,0.032041,0.59897,1,1,1
0,0.022727,0.5,0.97727,1,1,0,0.009539,0.61049,0.96781,1,1
0,0.027027,0.37838,1,1,1,0,0.027102,0.35675,1,1,1
0.4,0.4,1,1,1,1,0.3956,0.3956,1,1,1,1
0.028571,0.14286,0.2,0.94286,1,1,0.01632,0.11874,0.15869,0.96792,1,1
0,0,0.018868,0.73585,1,1,0,0,0.022704,0.72805,1,1
0.2381,0.69048,0.92857,1,1,0.97619,0.25698,0.77654,0.95052,1,1,0.98962
0,0,0,0,0,0,0,0,0,0,0,0
0,0.13889,0.41667,1,1,1,0,0.15883,0.4215,1,1,1
0.027027,0.21622,0.7027,1,1,1,0.01931,0.14069,0.71172,1,1,1
0,0.090909,0.34545,0.98182,1,1,0,0.10815,0.33808,0.98203,1,1
0,0.037037,0.11111,0.81481,1,1,0,0.015964,0.046616,0.85185,1,1
0,0,0.5,1,1,1,0,0,0.43794,1,1,1
0.029412,0.029412,0.20588,0.23529,0.55882,0.85294,0.018444,0.018444,0.24539,0.26624,0.59503,0.85004
0.076923,0.10256,0.12821,0.20513,0.71795,0.97436,0.045735,0.066749,0.086527,0.17305,0.73733,0.97466
1,1,1,1,0,0,1,1,1,1,0,0
0.090909,0.15909,0.40909,0.5,0.81818,0.90909,0.063574,0.15335,0.39304,0.47938,0.7994,0.93643
0.090909,0.13636,0.36364,0.72727,0.95455,1,0.057971,0.095238,0.36542,0.73292,0.95859,1
0,0,0,0.47826,0.86957,1,0,0,0,0.6052,0.91795,1
0.23077,0.38462,0.46154,0.92308,0.92308,0.92308,0.17005,0.25225,0.27928,0.97635,0.95045,0.95045
0.125,0.125,0.375,0.875,1,1,0.10284,0.10284,0.2695,0.73759,1,1
0.035714,0.071429,0.10714,0.35714,0.92857,1,0.024645,0.067299,0.15261,0.36872,0.92701,1
0,0,0.098361,0.93443,1,1,0,0,0.086159,0.93584,1,1
0.035714,0.14286,0.5,0.89286,0.92857,1,0.017625,0.19017,0.5821,0.80659,0.83442,1
0,0.13333,0.53333,0.86667,1,1,0,0.15235,0.43184,0.75258,1,1
0.5,1,0.75,0.75,0.75,0.75,0.45428,1,0.81711,0.81711,0.81711,0.81711
0.041667,0.125,0.29167,0.625,1,0.95833,0.028618,0.12183,0.25511,0.6991,1,0.97138
0.020408,0.20408,0.36735,0.97959,1,1,0.012105,0.17899,0.31907,0.99092,1,1
0.26667,0.3,0.43333,0.83333,0.76667,0.83333,0.22064,0.23772,0.33594,0.83986,0.79004,0.85907
0,0.052632,0.052632,0.47368,0.94737,1,0,0.037099,0.037099,0.48145,0.89376,1
0.23529,0.23529,0.29412,0.73529,0.85294,0.88235,0.30136,0.30136,0.34349,0.79585,0.86779,0.88723
0.8,1,1,1,0.8,0.6,0.79221,1,1,1,0.73377,0.59091
0,0,0,0.7931,1,1,0,0,0,0.81752,1,1
0,0.019231,0.038462,0.55769,0.94231,1,0,0.011876,0.03365,0.56017,0.94893,1
0,0,0.19512,0.41463,0.70732,1,0,0,0.20338,0.44719,0.68944,1
0,0,0.02439,0.26829,0.7561,0.97561,0,0,0.016385,0.2167,0.73679,0.97304
0,0,0,0.33333,0.71111,0.93333,0,0,0,0.3523,0.68537,0.95449
0.40541,0.43243,0.62162,0.81081,0.75676,0.78378,0.35674,0.36861,0.58751,0.87093,0.83273,0.85906
0,0,0.029412,0.94118,1,1,0,0,0.014,0.9505,1,1
0,0.095238,0.33333,0.95238,1,1,0,0.055871,0.26705,0.93182,1,1
0,0,0.030303,0.12121,0.84848,1,0,0,0.015434,0.075241,0.87653,1
0.66667,0.66667,0.66667,1,0.33333,0.33333,0.81579,0.81579,0.81579,1,0.18421,0.18421
0,0,0.047619,0.95238,1,1,0,0,0.025052,0.90971,1,1
0,0,0.086957,0.26087,0.78261,1,0,0,0.18577,0.31104,0.7845,1
0,0,0.3,1,1,1,0,0,0.30819,1,1,1
0,0.3,0.7,1,1,1,0,0.14554,0.7011,1,1,1
0,0.13333,0.26667,0.8,1,1,0,0.10811,0.26403,0.73805,1,1
0.029412,0.029412,0.23529,0.82353,0.97059,1,0.052224,0.052224,0.23791,0.82785,0.98453,1
0,0,0.021739,0.47826,0.97826,1,0,0,0.015029,0.40636,0.97052,1
0.21951,0.2439,0.4878,1,1,0.97561,0.21254,0.23441,0.50717,1,1,0.97921
0.046512,0.44186,0.76744,0.97674,1,1,0.032775,0.3274,0.77734,0.97292,1,1
0,0,0,0.27273,0.48485,0.81818,0,0,0,0.19553,0.47905,0.81006
0,0,0.027778,0.055556,0.91667,1,0,0,0.032193,0.05835,0.92824,1
0.10526,0.26316,0.52632,0.94737,0.97368,0.97368,0.095347,0.32847,0.56615,0.93431,0.98677,0.98677
1,1,0.66667,0,0,0,1,1,0.69474,0,0,0
0.16667,0.16667,0.22222,0.27778,0.88889,0.88889,0.24064,0.24064,0.31835,0.36798,0.90637,0.90637
0.025641,0.10256,0.17949,0.46154,0.94872,1,0.012061,0.24856,0.35029,0.61353,0.96592,1
0,0,0,0.125,0.4375,0.8125,0,0,0,0.1507,0.42912,0.84036
0.13043,0.30435,0.76087,0.97826,1,1,0.1207,0.27818,0.73261,0.95763,1,1
0.34043,0.57447,0.95745,0.93617,0.80851,0.80851,0.21502,0.43568,0.95211,0.96385,0.8892,0.8892
0.08,0.08,0.08,0.44,0.64,0.96,0.061892,0.061892,0.061892,0.38992,0.64633,0.95933
0,0.1,0.225,0.95,1,1,0,0.11926,0.22732,0.94177,1,1
0,0,0.61364,0.93182,1,1,0,0,0.66433,0.94136,1,1
0.076923,0.076923,0.17949,0.74359,0.92308,0.92308,0.035777,0.035777,0.14529,0.6418,0.96422,0.96422
0,0.025641,0.28205,0.41026,0.74359,0.94872,0,0.021297,0.59505,0.67147,0.86095,0.96868
0,0,0,0.11111,0.53333,0.82222,0,0,0,0.16063,0.59494,0.85378
0.055556,0.055556,0.055556,0.083333,1,1,0.095798,0.095798,0.095798,0.14454,1,1
0.027778,0.027778,0.055556,0.083333,0.36111,0.91667,0.018226,0.018226,0.058323,0.10085,0.35784,0.91616
0.054054,0.18919,0.64865,1,0.94595,0.94595,0.034945,0.1592,0.66926,1,0.96505,0.96505
0,0,0.054054,0.7027,1,1,0,0,0.034739,0.67701,1,1
0.06383,0.14894,0.46809,0.97872,0.95745,0.95745,0.052288,0.15033,0.50617,0.98802,0.97676,0.97676
0.044776,0.1194,0.38806,1,1,1,0.036439,0.13338,0.44001,1,1,1
0,0,0,0.5814,0.97674,0.97674,0,0,0,0.68744,0.98555,0.98555
0,0,0,0.58065,0.77419,0.96774,0,0,0,0.70132,0.84061,0.97695
0,0.20968,0.33871,0.77419,1,1,0,0.24562,0.40424,0.80818,1,1
0.1,0.2,0.35,0.6,0.625,0.825,0.087753,0.15657,0.30366,0.625,0.64773,0.86742
0.016949,0.033898,0.033898,0.084746,0.32203,0.88136,0.011816,0.024945,0.024945,0.073523,0.25646,0.89978
0.083333,0.125,0.125,0.85417,0.97917,1,0.069119,0.11037,0.11037,0.87068,0.98959,1
0.5,0.55,0.75,0.85,0.85,0.85,0.38781,0.40728,0.73497,0.93649,0.93565,0.93565
0,0,0.30769,1,1,1,0,0,0.34894,1,1,1
0,0.073171,0.36585,1,1,1,0,0.11818,0.42845,1,1,1
0,0.083333,0.33333,1,1,1,0,0.053476,0.24599,1,1,1
1,1,1,0,0,0,1,1,1,0,0,0
0.125,0.375,0.5,1,0.875,0.875,0.08094,0.21149,0.26893,1,0.91906,0.91906
0,0,0,0,0,0,0,0,0,0,0,0
0.021277,0.021277,0.085106,0.3617,0.93617,1,0.02964,0.02964,0.13751,0.39359,0.96356,1
0.25,0.25,0.5,0.75,0.75,0.75,0.13575,0.13575,0.24887,0.86425,0.86425,0.86425
0.022727,0.15909,0.40909,0.97727,1,1,0.024813,0.28212,0.49422,0.98334,1,1
0.022222,0.022222,0.26667,0.6,0.88889,1,0.017228,0.017228,0.25372,0.5787,0.9213,1
0.027778,0.16667,0.88889,1,1,1,0.028607,0.24129,0.9005,1,1,1
0,0.028571,0.31429,0.85714,1,1,0,0.017504,0.28843,0.8554,1,1
0,0,0,0.66667,1,1,0,0,0,0.59953,1,1
0,0,0,0.33333,0.86667,1,0,0,0,0.31699,0.85999,1
0.041667,0.083333,0.29167,0.83333,1,1,0.01772,0.038521,0.39445,0.89985,1,1
0,0,0,0.83784,0.97297,1,0,0,0,0.84125,0.98507,1
0,0.085714,0.25714,0.71429,0.91429,0.97143,0,0.068886,0.22053,0.77346,0.9117,0.98382
0.016129,0.080645,0.72581,1,1,0.98387,0.025703,0.098993,0.71344,1,1,0.9743
0,0.41379,0.72414,1,1,1,0,0.47035,0.77217,1,1,1
1,1,1,0,0,0,1,1,1,0,0,0
0,0,0.020833,0.6875,0.97917,1,0,0,0.01634,0.59991,0.98506,1
0.06,0.06,0.06,0.58,0.84,1,0.093347,0.093347,0.093347,0.5312,0.81949,1
0.019608,0.058824,0.39216,0.7451,1,1,0.01609,0.048757,0.42272,0.73866,1,1
0.83333,0.83333,0.91667,0.66667,0.58333,0.58333,0.80974,0.80974,0.85032,0.86925,0.70424,0.70424
0.19149,0.46809,0.91489,1,1,1,0.17612,0.44009,0.92367,1,1,1
0.75,1,1,1,0.75,0.5,0.7767,1,1,1,0.78641,0.52427
0.033333,0.33333,0.6,0.93333,1,1,0.036898,0.41444,0.68021,0.94225,1,1
0,0.25,0.75,1,1,1,0,0.11017,0.87712,1,1,1
0.25926,0.25926,0.33333,0.81481,0.85185,0.85185,0.24167,0.24167,0.31294,0.79241,0.83269,0.83269
0,0,0,0,0,0,0,0,0,0,0,0
0,0,0,0.71875,0.90625,0.9375,0,0,0,0.71356,0.87901,0.94679
0,0,0.04,0.24,0.28,0.64,0,0,0.021352,0.20996,0.2331,0.6121
0,0,0,1,1,1,0,0,0,1,1,1
0.04878,0.21951,0.39024,0.87805,0.97561,0.97561,0.031529,0.16238,0.33894,0.86232,0.98318,0.98318
0,0,0.24528,0.64151,0.69811,1,0,0,0.16717,0.68547,0.72389,1
1,1,1,1,1,1,1,1,1,1,1,1
1,1,0.25,0,0,0,1,1,0.19685,0,0,0
0,0.0625,0.6875,1,1,1,0,0.033065,0.44677,1,1,1
0.2963,0.37037,0.48148,0.81481,0.85185,0.77778,0.327,0.397,0.468,0.816,0.859,0.726
0.5,0.5,0.66667,0.66667,0.5,0.66667,0.52193,0.52193,0.68421,0.68421,0.49561,0.64474
0,0,0.19565,0.84783,0.97826,1,0,0,0.12494,0.84433,0.97431,1
0.32258,0.45161,0.58065,0.93548,0.87097,0.87097,0.24145,0.34268,0.52052,0.96922,0.89945,0.89945
0.5,0.5,0.83333,0.75,0.58333,0.5,0.44475,0.44475,0.74586,0.68508,0.62707,0.55525
0,0,0.18421,0.94737,1,1,0,0,0.2403,0.96057,1,1
0.33333,0.44444,0.72222,0.83333,0.88889,0.88889,0.3472,0.44485,0.71971,0.80651,0.88427,0.88427
0.26667,0.53333,1,1,0.93333,0.93333,0.22353,0.46824,1,1,0.94588,0.94588
0.03125,0.3125,0.59375,0.90625,1,1,0.030816,0.3287,0.76012,0.93958,1,1
0,0.026316,0.052632,0.28947,0.92105,0.97368,0,0.017897,0.02774,0.32752,0.94273,0.97897
0,0,0,0.86667,1,1,0,0,0,0.86957,1,1
0.028571,0.057143,0.085714,0.54286,0.77143,0.85714,0.016072,0.028127,0.041688,0.45455,0.78302,0.92366
0.8,0.8,0.6,0,0.2,0.2,0.88776,0.88776,0.72449,0,0.11224,0.11224
0,0,0.45238,0.97619,1,1,0,0,0.35391,0.98457,1,1
0.58824,0.88235,0.88235,0.52941,0.47059,0.47059,0.66961,0.93551,0.93551,0.41608,0.35071,0.35071
0,0,0.5,1,1,1,0,0,0.49091,1,1,1
1,1,1,1,0.33333,0,1,1,1,1,0.34783,0
0,0.13043,0.91304,1,1,1,0,0.092079,0.9396,1,1,1
0.2,0.46667,1,1,0.8,0.8,0.2147,0.45965,1,1,0.7853,0.7853
0.45455,0.63636,0.90909,1,0.90909,0.90909,0.41394,0.69935,0.94553,1,0.90196,0.90196
0.33333,0.33333,0.95238,1,0.71429,0.71429,0.31604,0.31604,0.96698,1,0.73585,0.73585
0.5,0.64286,0.71429,0.92857,1,1,0.43046,0.52815,0.7053,0.87914,1,1
0,0.041667,0.083333,0.45833,0.875,1,0,0.0327,0.093882,0.46941,0.84283,1
0.85714,1,1,1,0.85714,0.78571,0.79853,1,1,1,0.86241,0.80098
0.83333,0.83333,0.95833,0.95833,0.58333,0.45833,0.841,0.841,0.97109,0.97109,0.56636,0.45466
0.54167,0.75,0.79167,0.79167,0.79167,0.79167,0.64035,0.76974,0.79934,0.79934,0.89949,0.89949
0,0.021277,0.23404,0.3617,0.70213,1,0,0.017404,0.3269,0.4826,0.76952,1
0,0,0.10909,1,1,1,0,0,0.080505,1,1,1
0,0,0.75,1,1,1,0,0,0.66176,1,1,1
0.11429,0.17143,0.71429,1,0.97143,0.97143,0.12692,0.17229,0.72103,1,0.92826,0.92826
0.08,0.24,0.32,0.4,0.4,0.56,0.080378,0.26005,0.34752,0.4078,0.4078,0.56619
1,1,1,1,1,0,1,1,1,1,1,0
0.78261,0.86957,0.86957,0.26087,0.30435,0.30435,0.84116,0.90268,0.90268,0.19128,0.22371,0.22371
0,0,0.27273,0.90909,1,1,0,0,0.21701,0.82195,1,1
0,0,0.44444,1,1,1,0,0,0.39286,1,1,1
0.24,0.24,0.64,0.76,0.76,0.88,0.16055,0.16055,0.66451,0.72786,0.75306,0.93161
0.5,0.9,1,0.9,0.7,0.7,0.64303,0.90465,1,0.91687,0.55257,0.55257
0.63636,0.72727,0.81818,0.81818,0.45455,0.45455,0.70833,0.78009,0.87269,0.87037,0.38889,0.38657
0.16129,0.19355,0.3871,0.90323,0.96774,0.93548,0.1636,0.18373,0.33858,0.91164,0.97375,0.93701
0.84091,0.97727,1,0.97727,0.95455,0.95455,0.83897,0.96266,1,0.98658,0.97375,0.97375
0.18519,0.18519,0.51852,1,0.88889,0.85185,0.22972,0.22972,0.53905,1,0.81744,0.79767
0,0,0,0,0,0,0,0,0,0,0,0
0,0,0.25806,1,1,1,0,0,0.2502,1,1,1
0.83333,0.84722,0.86111,0.97222,0.81944,0.79167,0.87324,0.87984,0.88645,0.98228,0.86693,0.83238
0.84615,0.69231,0.76923,0.53846,0.15385,0.15385,0.80268,0.67816,0.78544,0.50766,0.19732,0.19732
0.76923,0.84615,0.92308,0.38462,0.38462,0.30769,0.79452,0.8591,0.91781,0.35029,0.35029,0.26419
0.5,0.75,0.75,1,1,1,0.26106,0.47788,0.47788,1,1,1
0.047619,0.047619,0.095238,0.33333,0.85714,0.90476,0.024077,0.024077,0.060995,0.63965,0.9077,0.94703
0.61111,0.83333,0.88889,0.88889,0.88889,0.88889,0.84128,0.9442,0.974,0.96641,0.96641,0.96641
0.035714,0.035714,0.035714,0.42857,0.85714,0.92857,0.026762,0.026762,0.026762,0.44246,0.8876,0.95272
0,0,0,0.15385,0.87179,1,0,0,0,0.22517,0.85389,1
0.5,0.5,0.5,0.5,0.5,0.5,0.14953,0.14953,0.14953,0.85047,0.85047,0.85047
0.44444,0.55556,0.77778,1,0.77778,0.66667,0.42763,0.56908,0.80592,1,0.76316,0.68092
0.066667,0,0.8,0.93333,0.93333,0.93333,0.019525,0,0.92954,0.98048,0.98048,0.98048
0.56522,0.73913,0.95652,0.95652,0.6087,0.47826,0.49845,0.66805,0.98242,0.94209,0.61427,0.52947
0,0,0.047619,0.47619,0.90476,1,0,0,0.022651,0.55705,0.88758,1
0.30769,0.30769,0.84615,1,0.84615,0.76923,0.20211,0.20211,0.91554,1,0.88084,0.84465
0.4,0.4,0.96,0.8,0.72,0.72,0.33974,0.33974,0.98078,0.82579,0.71668,0.71978
0.78947,0.94737,0.94737,0.78947,0.31579,0.36842,0.8888,0.97476,0.97476,0.91009,0.28233,0.30757
0.15625,0.5,0.625,1,0.9375,0.90625,0.22233,0.54683,0.65374,1,0.93945,0.90634
0,0,0,0.2,0.46667,0.97778,0,0,0,0.15314,0.44514,0.97943
0,0,0,1,1,1,0,0,0,1,1,1
0,0.071429,0.10714,0.53571,0.85714,0.85714,0,0.10721,0.12963,0.61014,0.89571,0.89571
0.9697,0.9697,1,0.93939,0.87879,0.87879,0.97403,0.97403,1,0.96694,0.93506,0.93506
0,0.020833,0.083333,0.77083,1,1,0,0.033019,0.12264,0.76625,1,1
0.57143,0.61905,0.7619,0.80952,0.95238,0.90476,0.63806,0.72512,0.83706,0.86692,0.94403,0.85323
0.86842,1,1,0.34211,0.21053,0.21053,0.9187,1,1,0.25799,0.12358,0.12358
0,0,0,0.64286,0.95238,1,0,0,0,0.61212,0.97055,1
1,1,1,0.5,0,0,1,1,1,0.45794,0,0
0.027778,0.027778,0.055556,0.77778,1,1,0.013398,0.013398,0.070037,0.82339,1,1
0.038462,0.038462,0.30769,0.69231,0.88462,1,0.023111,0.023111,0.31822,0.71289,0.90667,1
0,0,0,0.083333,1,1,0,0,0,0.096817,1,1
0.090909,0.090909,0.36364,0.40909,0.81818,1,0.055959,0.055959,0.31917,0.34301,0.78238,1
0.25,0.41667,0.58333,1,0.91667,0.83333,0.21239,0.30265,0.52566,1,0.95044,0.84956
0,0.28125,0.90625,1,1,1,0,0.22707,0.93842,1,1,1
0.55,0.55,1,1,0.55,0.55,0.49388,0.49388,1,1,0.57959,0.57959
0,0,0.65385,1,1,1,0,0,0.7401,1,1,1
0.5,0.61111,0.77778,0.83333,0.88889,0.83333,0.52181,0.62682,0.78514,0.82553,0.84491,0.80129
0,0,0,0.75676,0.97297,1,0,0,0,0.77539,0.9814,1
0.14286,0.2381,0.2381,0.38095,0.80952,0.90476,0.16717,0.26961,0.26961,0.31976,0.74496,0.85426
0,0,0.090909,0.90909,1,1,0,0,0.053016,0.94333,1,1
0,0,0,0,0,0,0,0,0,0,0,0
0.78571,0.85714,0.78571,0.85714,0.64286,0.5,0.76396,0.82234,0.76142,0.87563,0.64721,0.50761
0.23077,0.57692,1,1,0.84615,0.84615,0.34303,0.65494,1,1,0.74763,0.74763
0.03125,0.03125,0.03125,0.875,1,1,0.022959,0.022959,0.022959,0.91518,1,1
0.8,0.86667,0.93333,0.8,0.86667,0.86667,0.82753,0.88153,0.96167,0.79443,0.83275,0.83275
0,0,0.25,0.675,1,1,0,0,0.20387,0.62232,1,1
0,0.2,0.2,1,1,1,0,0.11278,0.11278,1,1,1
0,0,0.34286,1,1,1,0,0,0.32575,1,1,1
0.69444,0.72222,0.91667,0.97222,0.86111,0.77778,0.73817,0.76075,0.92957,0.97688,0.8957,0.79785
0.38462,0.53846,0.92308,0.84615,0.73077,0.61538,0.42734,0.59849,0.92788,0.84392,0.73412,0.57266
0.14815,0.14815,0.18519,0.96296,0.96296,0.96296,0.18782,0.18782,0.21156,0.96904,0.9711,0.9711
0.11765,0.17647,0.82353,0.94118,0.88235,0.88235,0.10463,0.15266,0.87993,0.96055,0.89537,0.89537
0.38462,0.53846,1,1,0.92308,0.92308,0.38501,0.50646,1,1,0.92765,0.92765
0.083333,0.083333,0.13889,1,1,1,0.071238,0.071238,0.11119,1,1,1
0.28571,0.35714,0.85714,1,1,0.85714,0.31839,0.37892,0.87444,1,1,0.8296
0.53846,0.71795,0.89744,1,0.94872,0.92308,0.58779,0.79188,0.94898,1,0.96223,0.93732
0.15152,0.18182,0.84848,1,0.84848,0.84848,0.14004,0.15704,0.86948,1,0.85996,0.85996
0.21875,0.28125,0.84375,0.96875,0.875,0.84375,0.26777,0.32231,0.88017,0.97769,0.82645,0.8
0,0.054054,0.64865,1,1,1,0,0.035201,0.67888,1,1,1
0,0,0.45455,0.90909,0.90909,0.90909,0,0,0.39949,0.91677,0.91677,0.91677
0,0,0,0,0,0,0,0,0,0,0,0
0.55556,0.61111,0.72222,0.88889,0.83333,0.72222,0.61669,0.68624,0.77743,0.9119,0.86244,0.74343
1,1,1,0.66667,0,0,1,1,1,0.50388,0,0
0.71429,0.71429,0.85714,0.85714,0.42857,0.42857,0.70066,0.70066,0.81579,0.81579,0.49013,0.49013
0,0,0.875,1,1,1,0,0,0.88385,1,1,1
0.11765,0.11765,0.35294,0.29412,0.64706,0.88235,0.087719,0.087719,0.39234,0.36683,0.67464,0.91228
0.14286,0.14286,0.5,0.85714,1,1,0.082707,0.082707,0.43308,0.79248,1,1
0.47826,0.52174,0.69565,0.95652,0.69565,0.6087,0.52711,0.58844,0.76978,0.97511,0.63289,0.57689
0.34211,0.39474,0.63158,0.94737,0.84211,0.73684,0.44054,0.48719,0.68413,0.94111,0.71969,0.60153
0,0,0.088235,0.73529,0.97059,1,0,0,0.19204,0.74801,0.97719,1
0,0,0,0,0,0,0,0,0,0,0,0
0.25,0.25,0.33333,0.33333,0.33333,0.5,0.27072,0.27072,0.40147,0.40147,0.40147,0.53591
0.8125,0.875,0.875,0.4375,0.375,0.375,0.85601,0.88771,0.91678,0.28666,0.25495,0.25495
0.11765,0.20588,0.52941,0.97059,1,1,0.073582,0.13431,0.66312,0.98715,1,1
0.5,0.5,0.75,0.5,0.5,0.5,0.55645,0.55645,0.80645,0.44355,0.44355,0.44355
0,0,0,0.032258,0.3871,0.77419,0,0,0,0.018032,0.35913,0.75432
0.08,0.2,0.36,0.8,1,1,0.096807,0.27572,0.44906,0.81855,1,1
0.4,0.5,0.6,0.75,0.75,0.75,0.52124,0.56991,0.61681,0.85929,0.59292,0.59292
0.068966,0.13793,0.2069,0.41379,0.96552,0.96552,0.053079,0.12314,0.20064,0.40446,0.97452,0.97452
0.53571,0.82143,1,0.71429,0.67857,0.67857,0.51462,0.75462,1,0.70846,0.67692,0.67692
0.66667,0.66667,1,0.33333,0.33333,0.33333,0.36145,0.36145,1,0.63855,0.63855,0.63855
0.41176,0.76471,0.88235,0.88235,0.88235,0.76471,0.21758,0.87033,0.93187,0.92637,0.92637,0.87143
0.074074,0.14815,0.18519,0.25926,0.48148,0.59259,0.096348,0.16783,0.20124,0.26263,0.45921,0.63947
0.5,0.66667,0.75,0.75,0.66667,0.75,0.70475,0.80415,0.84718,0.8368,0.75519,0.80415
0,0,0.025641,0.025641,0.25641,0.76923,0,0,0.020789,0.020789,0.25018,0.8
0.037037,0.074074,0.55556,1,0.96296,0.96296,0.036803,0.068349,0.54259,1,0.9632,0.9632
0.36364,0.45455,0.90909,0.90909,0.81818,0.81818,0.40498,0.47664,0.93146,0.92835,0.80685,0.80685
0.095238,0.40476,0.61905,0.78571,0.97619,0.95238,0.056431,0.36387,0.49725,0.7336,0.9934,0.97582
0,0,0,0.05,0.4,0.85,0,0,0,0.023063,0.40867,0.88745
0.31034,0.31034,0.75862,0.96552,0.7931,0.75862,0.22284,0.22284,0.6151,0.98527,0.8496,0.8318
0.85714,0.85714,0.92857,0.78571,0.5,0.42857,0.81282,0.81282,0.94359,0.82564,0.53333,0.45897
0.58333,0.91667,0.91667,1,0.41667,0.41667,0.51794,0.83184,0.83184,1,0.48206,0.48206
0.16667,0.36667,0.46667,0.86667,0.96667,0.96667,0.17565,0.46348,0.55478,0.87826,0.97304,0.97304
0.069767,0.069767,0.069767,0.27907,0.74419,0.86047,0.15599,0.15599,0.15599,0.30402,0.71436,0.82017
0.1,0.1,0.5,1,1,1,0.15842,0.15842,0.55116,1,1,1
0.65385,0.69231,0.92308,0.84615,0.53846,0.5,0.64689,0.67218,0.83268,0.82782,0.49805,0.47276
0,0,0,0,0,0,0,0,0,0,0,0
0.066667,0.53333,0.8,0.8,0.86667,1,0.048218,0.55975,0.8218,0.8218,0.87421,1
0.58333,0.58333,0.83333,0.83333,0.66667,0.41667,0.56584,0.56584,0.89712,0.78601,0.6214,0.43416
0.057143,0.057143,0.085714,0.54286,0.94286,0.94286,0.046493,0.046493,0.081566,0.59054,0.95351,0.95351
0,0,0.085106,0.44681,0.97872,1,0,0,0.074416,0.47583,0.98316,1
0.08,0.12,0.16,1,1,1,0.07541,0.099454,0.1541,1,1,1
0.5,0.5,1,1,0.625,0.5625,0.49538,0.49538,1,1,0.63626,0.57044
0.0625,0.09375,0.1875,0.59375,0.59375,0.75,0.070948,0.088037,0.15691,0.51579,0.51579,0.79751
0,0,0.074074,0.7037,0.92593,1,0,0,0.058152,0.6459,0.92835,1
0.4,0.4,0.8,0.8,0.8,0.8,0.24348,0.24348,0.90435,0.90435,0.90435,0.90435
0.46667,0.6,0.73333,0.8,0.8,0.86667,0.4547,0.57778,0.73675,0.81197,0.82393,0.90769
0.125,0.25,0.625,1,0.875,0.875,0.099585,0.21992,0.6805,1,0.90041,0.90041
0.13043,0.3913,0.73913,0.95652,1,1,0.075269,0.24318,0.62366,0.98098,1,1
0,0,0.28889,1,1,1,0,0,0.28591,1,1,1
0.25,0.25,1,1,0.75,0.75,0.83934,0.83934,1,1,0.16066,0.16066
1,1,1,1,1,1,1,1,1,1,1,1
0.2,0.7,0.8,1,1,1,0.23929,0.68214,0.81071,1,1,1
0.09375,0.25,0.96875,0.96875,1,1,0.10482,0.2415,0.95963,0.95963,1,1
0.66667,0.88889,0.77778,0.44444,0.44444,0.44444,0.77516,0.91387,0.86673,0.43246,0.43246,0.43246
0.52941,0.52941,0.64706,0.82353,0.76471,0.88235,0.55814,0.55814,0.64922,0.80426,0.76163,0.87984
0,0,0,0.25,1,1,0,0,0,0.27201,1,1
0,0,0,1,1,1,0,0,0,1,1,1
0,0.31429,0.91429,1,1,1,0,0.30851,0.93883,1,1,1
0,0,0,0.6,1,1,0,0,0,0.55383,1,1
0,0.33333,0.66667,1,1,1,0,0.30556,0.59259,1,1,1
0.26667,0.43333,0.53333,1,1,1,0.31556,0.45069,0.53397,1,1,1
0,0,0.5,0.75,1,1,0,0,0.5473,0.81081,1,1
0.78378,0.81081,0.81081,0.78378,0.37838,0.35135,0.72339,0.74814,0.74876,0.81374,0.37314,0.35891
0.28,0.6,1,1,0.92,0.88,0.26284,0.56392,1,1,0.89247,0.85902
0,0,0,0,0,0,0,0,0,0,0,0
0,0,0.022727,0.54545,0.95455,1,0,0,0.016618,0.61584,0.96579,1
0,0,0,0.096774,0.51613,0.90323,0,0,0,0.068505,0.45107,0.90836
0,0.027778,0.33333,0.83333,0.97222,1,0,0.021314,0.34192,0.82282,0.94316,1
0.076923,0.076923,0.23077,0.26923,0.76923,1,0.058182,0.058182,0.23515,0.3103,0.77455,1
0.5,0.5,0.75,0.875,0.875,0.875,0.28027,0.28027,0.61769,0.73469,0.92653,0.92653
0,0,0.083333,0.88889,1,1,0,0,0.075596,0.87182,1,1
0,0,0,0.083333,0.58333,0.91667,0,0,0,0.069815,0.52361,0.92608
0.16667,0.16667,0.33333,0.5,0.88889,0.94444,0.18375,0.18375,0.34429,0.48549,0.853,0.94971
0.076923,0.076923,0.076923,0.42308,0.92308,1,0.083067,0.083067,0.083067,0.4771,0.92865,1
0,0.076923,0.076923,0.34615,0.92308,1,0,0.078708,0.078708,0.44739,0.93206,1
0.65217,0.78261,0.86957,0.6087,0.34783,0.34783,0.68296,0.81704,0.88687,0.59078,0.31704,0.31704
0.052632,0.10526,0.21053,0.31579,0.42105,0.68421,0.0558,0.10426,0.18796,0.32159,0.45668,0.6652
0.026316,0.052632,0.71053,1,0.97368,0.97368,0.03118,0.067372,0.74944,1,0.96882,0.96882
0,0.022222,0.13333,0.86667,0.95556,0.97778,0,0.042909,0.19015,0.9187,0.97561,0.98735
0,0.05,0.05,0.95,1,1,0,0.020932,0.020932,0.96289,1,1
0.14583,0.14583,0.22917,0.875,0.875,0.875,0.10875,0.10875,0.18706,0.90538,0.90538,0.90538
0,0,0,0.82857,1,1,0,0,0,0.83158,1,1
0,0,0,0.72222,1,1,0,0,0,0.70021,1,1
0.05,0.15,0.8,1,0.95,0.95,0.025578,0.10149,0.7929,1,0.97442,0.97442
0.083333,0.125,0.375,0.625,0.83333,0.95833,0.094543,0.13579,0.45749,0.67449,0.82487,0.97525
0,0.035714,0.17857,0.85714,1,1,0,0.016691,0.12627,0.8106,1,1
0.66667,0.66667,0.66667,1,0.86667,0.73333,0.63291,0.63291,0.63291,1,0.88788,0.75769
0,0,0.175,0.925,1,1,0,0,0.19798,0.92857,1,1
0.30769,0.38462,0.61538,0.92308,0.84615,0.84615,0.20444,0.26149,0.60222,0.96513,0.91125,0.91125
0.125,0.6875,1,1,1,1,0.083682,0.79637,1,1,1,1
0.4,0.4,0.8,0.6,0.6,0.6,0.41212,0.41212,0.72121,0.58788,0.58788,0.58788
0.090909,0.090909,0.18182,0.81818,0.95455,0.95455,0.070142,0.070142,0.14408,0.8654,0.97441,0.97441
0.25,0.25,0.875,0.75,0.75,0.75,0.13075,0.13075,0.8862,0.86925,0.86925,0.86925
0.27273,0.27273,0.36364,0.72727,0.72727,0.72727,0.14156,0.14156,0.29259,0.85844,0.85844,0.85844
0.91667,1,1,0.66667,0.58333,0.5,0.94075,1,1,0.64991,0.57092,0.32855
0.35714,0.35714,0.67857,0.96429,0.82143,0.78571,0.25338,0.25338,0.63784,0.97973,0.86081,0.84595
0.23077,0.38462,0.69231,0.76923,0.84615,0.84615,0.20479,0.42021,0.73404,0.79255,0.85904,0.85904
0,0,0,0,0,0,0,0,0,0,0,0
0.068966,0.068966,0.068966,0.96552,1,0.96552,0.080861,0.080861,0.080861,0.97329,1,0.98294
0.08,0.2,0.92,1,0.96,0.96,0.037815,0.13375,0.96289,1,0.98109,0.98109
0.020833,0.020833,0.0625,0.79167,1,1,0.028722,0.028722,0.054093,0.79607,1,1
0.12,0.16,0.48,0.96,0.92,0.88,0.071745,0.14969,0.47033,0.97786,0.95394,0.92826
0,0,0.77143,0.94286,1,1,0,0,0.8351,0.96565,1,1
0.088235,0.14706,0.55882,0.91176,1,1,0.090312,0.13957,0.51149,0.93596,1,1
0.8,0.8,0.8,1,1,1,0.76364,0.76364,0.76364,1,1,1
0.23077,0.30769,0.30769,0.84615,0.84615,0.84615,0.24184,0.3762,0.3762,0.87716,0.87716,0.87716
0.11765,0.17647,0.29412,0.64706,0.64706,0.64706,0.19194,0.24568,0.36084,0.59693,0.59693,0.59693
0,1,1,1,1,1,0,1,1,1,1,1
0,0,0.068966,0.58621,0.96552,1,0,0,0.090029,0.61762,0.97677,1
0,0,0.071429,1,1,1,0,0,0.048565,1,1,1
0.25,0.625,0.75,1,1,1,0.22302,0.55036,0.64748,1,1,1
0.4,0.53333,0.8,0.93333,0.86667,0.86667,0.41007,0.61007,0.82446,0.93381,0.87194,0.87194
0,0,0,0.88889,1,1,0,0,0,0.89406,1,1
0.2,0.2,0.33333,0.8,0.86667,0.93333,0.20916,0.20916,0.33865,0.83466,0.90239,0.94821
0,0.028571,0.37143,1,1,1,0,0.019022,0.30571,1,1,1
0,0,0.51351,0.89189,1,1,0,0,0.47427,0.86648,1,1
0.28571,0.28571,0.42857,0.28571,0.42857,0.57143,0.29746,0.29746,0.72603,0.49119,0.56751,0.62622
0.52941,0.70588,0.76471,0.82353,0.82353,0.82353,0.59492,0.72193,0.76471,0.87433,0.87433,0.87433
0,0.034483,0.13793,0.75862,0.93103,1,0,0.025335,0.10134,0.75112,0.93145,1
0.27273,0.36364,0.5,1,1,1,0.20067,0.28492,0.36918,1,1,1
0,0,0.055556,0.58333,0.97222,1,0,0,0.044346,0.57058,0.97857,1
0,0,0.23333,0.9,0.93333,1,0,0,0.21187,0.87364,0.89279,1
0.25,0.25,0.375,0.83333,0.75,0.79167,0.28903,0.28903,0.43875,0.85428,0.69576,0.73659
0,0.0625,0.0625,0.8125,1,1,0,0.05,0.05,0.77672,1,1
0,0,0,0.7,0.975,1,0,0,0,0.69662,0.97745,1
0.043478,0.043478,0.47826,1,1,1,0.023674,0.023674,0.52557,1,1,1
0,0.14286,0.19048,0.28571,0.61905,0.90476,0,0.2309,0.39983,0.45161,0.66299,0.92615
0,0,0,0.21429,0.80952,0.95238,0,0,0,0.23348,0.79485,0.94549
0,0,0,0.72,1,1,0,0,0,0.68863,1,1
0,0,0,0,0,0,0,0,0,0,0,0
0,0,0,0.76923,0.92308,1,0,0,0,0.85197,0.95559,1
0.21053,0.26316,0.68421,0.94737,0.94737,0.94737,0.1467,0.18104,0.84315,0.97425,0.98088,0.98088
0,0,0,0.27778,0.55556,0.69444,0,0,0,0.37898,0.70588,0.8081
0.029412,0.17647,0.47059,0.88235,1,1,0.013545,0.13958,0.36455,0.8828,1,1
0,0,0.38095,0.71429,0.95238,1,0,0,0.35538,0.71142,0.94522,1
0,0.51724,0.89655,1,1,1,0,0.4886,0.89544,1,1,1
0,0,0,0.54054,0.94595,1,0,0,0,0.5215,0.9521,1
0.16667,0.22222,0.66667,0.94444,1,1,0.11902,0.15626,0.82731,0.96349,1,1
0.15789,0.15789,0.15789,1,1,1,0.26155,0.26155,0.26155,1,1,1
0,0,0.30769,0.84615,1,1,0,0,0.48004,0.92479,1,1
0,0,0,0.37931,1,1,0,0,0,0.40429,1,1
0,0.069767,0.46512,0.93023,1,1,0,0.04093,0.46202,0.90111,1,1
0,0,0,0.34783,0.86957,1,0,0,0,0.37674,0.91319,1
0,0,0,0,0,0,0,0,0,0,0,0
0,0.1,0.26667,0.96667,1,1,0,0.056415,0.24114,0.92711,1,1
0,0,0,0.83333,0.94444,1,0,0,0,0.69015,0.93835,1
0.21429,0.42857,0.5,0.92857,1,1,0.21275,0.4702,0.77732,0.96854,1,1
0.045455,0.045455,0.22727,0.95455,0.95455,0.95455,0.054377,0.054377,0.23274,0.97934,0.97934,0.97934
0,0,0.23333,0.66667,0.93333,1,0,0,0.36052,0.76909,0.87896,1
0,0,0,0.76744,1,1,0,0,0,0.80634,1,1
0.2,0.4,0.4,0.6,0.9,0.9,0.076031,0.26933,0.26933,0.39304,0.96005,0.96005
0.28571,0.28571,0.71429,0.85714,0.71429,0.71429,0.26489,0.26489,0.84292,0.93121,0.73511,0.73511
0,0,0.55263,0.97368,1,1,0,0,0.62828,0.97234,1,1
0,0,0,0,0.37931,0.7931,0,0,0,0,0.50763,0.82062
0,0,0,0,0.055556,0.62963,0,0,0,0,0.11,0.61792
0.055556,0.11111,0.11111,0.66667,0.77778,0.77778,0.032213,0.11204,0.11204,0.71849,0.84034,0.84034
0,0.04,0.12,0.72,0.88,0.88,0,0.042735,0.10214,0.79701,0.92821,0.92821
0,0,0.16667,0.8,0.96667,1,0,0,0.12962,0.75764,0.97398,1
0,0,0.22727,0.5,0.90909,1,0,0,0.12271,0.45443,0.97174,1
0,0.043478,0.043478,0.34783,0.91304,1,0,0.057621,0.057621,0.4715,0.93804,1
0.83333,0.83333,0.83333,0.66667,0.66667,0.66667,0.9176,0.9176,0.9176,0.603,0.603,0.603
0,0.11111,0.22222,0.55556,0.88889,1,0,0.066532,0.40927,0.62702,0.85484,1
0,0.037037,0.037037,0.96296,1,1,0,0.01203,0.01203,0.98459,1,1
1,1,1,1,1,1,1,1,1,1,1,1
0,0.026316,0.28947,0.47368,0.81579,1,0,0.12503,0.38011,0.55988,0.8244,1
0,0,0.033333,0.066667,0.16667,0.63333,0,0,0.043655,0.098477,0.19086,0.61827
0.10345,0.2069,0.2069,0.44828,0.58621,0.93103,0.064541,0.18983,0.18983,0.42673,0.5672,0.95596
0,0,0.05,0.05,0.1,0.4,0,0,0.024741,0.024741,0.041427,0.28021
0,0,0,0.66667,1,1,0,0,0,0.78446,1,1
0,0.03125,0.125,0.4375,0.875,1,0,0.01583,0.11135,0.57205,0.8559,1
0,0,0,0.80556,1,1,0,0,0,0.87462,1,1
0,0.09375,0.53125,1,1,1,0,0.092801,0.50562,1,1,1
0,0.24138,0.82759,0.96552,1,1,0,0.37489,0.81814,0.98615,1,1
0,0,0,0,0,0,0,0,0,0,0,0
0,0.16667,0.16667,0.25,0.66667,1,0,0.23111,0.23111,0.28738,0.71503,1
0,0,0.2,0.55,0.85,0.95,0,0,0.13522,0.41352,0.73349,0.90016
0.058824,0.058824,0.23529,0.88235,0.94118,0.94118,0.02386,0.02386,0.098947,0.9607,0.97614,0.97614
0,0,0.030303,0.18182,0.57576,0.81818,0,0,0.051231,0.35263,0.69328,0.89088
0.25,0.25,0.5,0.5,0.75,0.75,0.18705,0.18705,0.35971,0.34532,0.81295,0.81295
0,0,0.041667,0.16667,0.54167,0.91667,0,0,0.023256,0.096443,0.5985,0.93981
0,0,0.125,0.125,0.5,0.875,0,0,0.11168,0.11168,0.63322,0.91497
0,0,0.11321,0.26415,0.30189,0.45283,0,0,0.085508,0.24741,0.29016,0.38824
0.76471,0.76471,1,0.58824,0.35294,0.23529,0.70951,0.70951,1,0.667,0.41903,0.29049
0,0.029412,0.38235,0.85294,0.97059,1,0,0.040838,0.46212,0.8748,0.96937,1
0,0,0.28571,0.71429,1,1,0,0,0.090127,0.26028,1,1
0,0,0.15625,0.875,1,1,0,0,0.21392,0.92526,1,1
0,0,0,0.18605,0.86047,1,0,0,0,0.249,0.91259,1
0.051282,0.076923,0.17949,0.89744,1,1,0.062532,0.089476,0.21352,0.89629,1,1
0,0.032258,0.12903,0.74194,1,1,0,0.019856,0.1077,0.77076,1,1
0.2,0.6,0.9,1,0.9,0.9,0.16359,0.64055,0.7765,1,0.96544,0.96544
0,0,0.029412,0.5,0.67647,0.94118,0,0,0.0095873,0.49646,0.63318,0.96165
0,0.5,0.5,0.5,1,1,0,0.74227,0.74227,0.74227,1,1
0,0,0,0.7,1,1,0,0,0,0.744,1,1
0,0,0.038462,0.76923,1,1,0,0,0.012053,0.70416,1,1
0,0,0.36364,0.72727,0.90909,1,0,0,0.36245,0.82329,0.93373,1
0.028571,0.057143,0.31429,0.71429,0.94286,1,0.012564,0.045403,0.28926,0.76556,0.96145,1
0,0.23077,0.23077,0.30769,0.53846,0.53846,0,0.41674,0.41674,0.58956,0.74707,0.74707
0.029412,0.029412,0.029412,0.58824,0.82353,0.94118,0.025505,0.025505,0.025505,0.59989,0.82253,0.96759
0,0,0,0.090909,0.27273,0.54545,0,0,0,0.049658,0.21747,0.44521
0,0.047619,0.14286,0.14286,0.38095,0.52381,0,0.022179,0.04918,0.04918,0.41176,0.53568
0,0,0.057143,0.57143,0.94286,1,0,0,0.052632,0.53465,0.92281,1
0,0.093023,0.32558,0.7907,0.90698,1,0,0.086186,0.32454,0.65278,0.87299,1
0,0,0.65385,1,1,1,0,0,0.45688,1,1,1
0,0,0,0.46667,0.86667,0.93333,0,0,0,0.54651,0.81728,0.95542
0,0,0,0.090909,0.39394,0.69697,0,0,0,0.13789,0.49141,0.84375
0.27778,0.5,0.72222,0.94444,0.94444,0.94444,0.26647,0.61909,0.72878,0.99503,0.99503,0.99503
0,0,0,0.58333,0.91667,0.95833,0,0,0,0.59963,0.89137,0.9789
0,0,0,0.18182,0.69697,0.93939,0,0,0,0.14224,0.81916,0.97823
0,0,0,0.17391,0.6087,0.95652,0,0,0,0.24509,0.54836,0.92948
0,0,0,0.37037,0.92593,1,0,0,0,0.39045,0.94438,1
0,0,0,0,0,0,0,0,0,0,0,0
0,0,0,0.68182,0.95455,1,0,0,0,0.73657,0.96952,1
0,0,0,0.25926,0.40741,0.74074,0,0,0,0.22201,0.51133,0.74757
0,0,0,0.44118,0.94118,1,0,0,0,0.47549,0.96876,1
0,0.27778,0.88889,1,1,1,0,0.30895,0.80239,1,1,1
0.023256,0.046512,0.16279,0.44186,0.65116,0.95349,0.009507,0.023239,0.16655,0.37993,0.7338,0.92641
0,0,0,0.24,0.8,1,0,0,0,0.38891,0.82916,1
0,0,0.5,1,1,1,0,0,0.44663,1,1,1
0,0,0,0.32,0.8,0.96,0,0,0,0.17699,0.8367,0.98562
0,0,0,0.33333,0.5,0.91667,0,0,0,0.36246,0.51133,0.95469
0,0,0,0,0.041667,0.41667,0,0,0,0,0.034117,0.44428
0,0.04,0.04,0.28,0.76,0.92,0,0.013381,0.013381,0.50489,0.87854,0.95059
0,0,0.0625,0.1875,0.1875,0.4375,0,0,0.035577,0.45865,0.45865,0.56538
0.043478,0.065217,0.065217,0.36957,0.71739,0.93478,0.030518,0.062811,0.062811,0.27431,0.72108,0.96026
0,0,0.052632,0.052632,0.15789,0.47368,0,0,0.031655,0.031655,0.23309,0.54676
0.23256,0.32558,0.34884,0.83721,1,0.97674,0.24989,0.31141,0.32935,0.87868,1,0.98975
0,0,0.18182,0.81818,1,1,0,0,0.098387,0.69032,1,1
0,0,0.045455,0.5,1,1,0,0,0.024122,0.45324,1,1
0,0,0.041667,0.16667,0.41667,0.5,0,0,0.015949,0.13131,0.37852,0.43381
0.12,0.12,0.36,0.48,0.8,0.88,0.090573,0.090573,0.49538,0.63832,0.87677,0.90943
0,0,0.029412,0.26471,0.82353,1,0,0,0.020416,0.22381,0.86633,1
0.025641,0.17949,0.53846,0.82051,0.89744,0.97436,0.047285,0.16058,0.51404,0.86002,0.90918,0.97893
0,0.037736,0.33962,0.96226,1,1,0,0.016176,0.26561,0.94759,1,1
0,0,0.30769,0.97436,1,1,0,0,0.33096,0.99319,1,1
0,0,0,0,0.58333,0.95833,0,0,0,0,0.59195,0.98678
0,0,0,0.34483,0.65517,0.82759,0,0,0,0.3188,0.71542,0.87529
0,0,0.068182,0.43182,1,1,0,0,0.029051,0.39937,1,1
0,0,0,0.775,0.95,0.975,0,0,0,0.78208,0.96783,0.98789
0.085714,0.11429,0.2,0.8,0.88571,1,0.10217,0.13437,0.21377,0.82399,0.87674,1
0,0,0.25,0.83333,1,1,0,0,0.26995,0.84116,1,1
0,0.025,0.05,0.25,0.65,0.875,0,0.019623,0.041209,0.21978,0.66562,0.92622
0,0,0.19231,0.92308,1,1,0,0,0.12376,0.94979,1,1
0,0,0.5,0.7,0.95,1,0,0,0.50526,0.71228,0.90292,1
0,0,0.04,0.4,0.92,1,0,0,0.021776,0.32286,0.93007,1
0,0.11111,0.41667,0.86111,1,1,0,0.094737,0.44777,0.77328,1,1
0,0,0,0,0.64286,1,0,0,0,0,0.67841,1
0,0,0,0.2439,0.7561,0.95122,0,0,0,0.25319,0.74725,0.9727
0,0,0,0.34043,0.76596,0.91489,0,0,0,0.29476,0.78277,0.91835
0,0.021739,0.065217,0.54348,0.84783,0.95652,0,0.01785,0.064097,0.48276,0.86897,0.95294
0,0,0,0.54839,0.90323,0.96774,0,0,0,0.66091,0.91362,0.98618
0,0,0.25,1,1,1,0,0,0.32597,1,1,1
0,0,0,0.6383,0.87234,0.89362,0,0,0,0.50984,0.87365,0.90032
0,0,0.21429,0.82143,0.96429,0.96429,0,0,0.16866,0.69677,0.92404,0.92404
0.045455,0.090909,0.31818,0.72727,0.90909,1,0.070313,0.092882,0.31163,0.69444,0.88976,1
0.055556,0.11111,0.22222,0.88889,1,1,0.038419,0.16592,0.24889,0.96437,1,1
0,0,0,0.45714,0.8,1,0,0,0,0.44312,0.80589,1
0,0,0.026316,0.81579,0.97368,1,0,0,0.030942,0.82915,0.9852,1
0,0,0,0,0.16667,0.53333,0,0,0,0,0.2382,0.56894
0,0,0,0.17647,0.79412,0.94118,0,0,0,0.17831,0.76103,0.91605
0,0,0,0.27273,0.75,0.90909,0,0,0,0.31729,0.80742,0.93445
0,0,0,0.33333,0.80556,0.97222,0,0,0,0.31533,0.88467,0.99599
0,0,0,0.92593,0.96296,1,0,0,0,0.94124,0.98688,1
0,0,0,0.46341,0.85366,1,0,0,0,0.39644,0.85394,1
0,0,0.071429,0.60714,0.96429,1,0,0,0.079045,0.72036,0.97837,1
0.12903,0.25806,0.35484,0.6129,0.70968,0.74194,0.14555,0.22603,0.31744,0.60606,0.68505,0.71287
0,0,0,0,0.44444,0.77778,0,0,0,0,0.49787,0.79362
0,0,0,0,0,0,0,0,0,0,0,0
0,0,0.16,0.8,1,1,0,0,0.20247,0.8037,1,1
0,0,0.076923,0.46154,0.97436,1,0,0,0.059449,0.43742,0.97622,1
0,0,0.09375,0.59375,1,1,0,0,0.13635,0.63302,1,1
0,0.02439,0.02439,0.04878,0.92683,0.97561,0,0.014124,0.014124,0.027119,0.91977,0.97288
0,0,0,0,0.11765,0.41176,0,0,0,0,0.29028,0.5912
0,0.12195,0.36585,0.95122,1,1,0,0.15503,0.42032,0.96634,1,1
0,0,0,0.34615,0.73077,0.80769,0,0,0,0.29066,0.74394,0.84706
0,0.066667,0.066667,0.66667,0.93333,1,0,0.1278,0.1278,0.66426,0.95451,1
0,0,0,0.5,0.88889,1,0,0,0,0.61669,0.89077,1
0,0,0,1,1,1,0,0,0,1,1,1
0,0,0.086957,0.34783,0.65217,0.91304,0,0,0.052306,0.20716,0.46593,0.93599
1,1,1,1,0,0,1,1,1,1,0,0
0,0,0,0.48,0.96,1,0,0,0,0.49437,0.97482,1
0,0,0.045455,0.54545,1,1,0,0,0.030876,0.57171,1,1
0,0,0,0.21739,0.56522,0.69565,0,0,0,0.18217,0.56298,0.65407
0,0,0,0.5625,0.9375,1,0,0,0,0.57023,0.95155,1
0,0.068182,0.40909,0.88636,1,1,0,0.1,0.41049,0.81829,1,1
0,0,0,0,0.074074,0.48148,0,0,0,0,0.12094,0.55859
0,0,0.027027,0.37838,0.64865,0.97297,0,0,0.016457,0.40223,0.71491,0.98161
0.16667,0.27778,0.61111,0.72222,0.61111,0.66667,0.13789,0.23969,0.55284,0.66366,0.5683,0.6366
0,0,0,0.38889,0.94444,1,0,0,0,0.40607,0.93273,1
0,0.027027,0.13514,0.2973,0.81081,0.91892,0,0.074215,0.15842,0.32207,0.78402,0.92198
0,0,0.083333,0.47222,0.88889,0.94444,0,0,0.038868,0.5048,0.89012,0.94818
0,0,0,0,0,0,0,0,0,0,0,0
0,0,0,0.68966,0.89655,1,0,0,0,0.60175,0.90396,1
0,0,0,0.037037,0.11111,0.33333,0,0,0,0.018741,0.059106,0.62182
0,0,0.095238,0.14286,0.33333,0.85714,0,0,0.097446,0.12298,0.27285,0.90121
1,1,1,1,1,0.75,1,1,1,1,1,0.94872
0,0,0.6,0.96667,1,1,0,0,0.65355,0.97139,1,1
0,0.066667,0.1,0.36667,0.8,0.96667,0,0.031818,0.061616,0.43384,0.76465,0.98687
0,0,0.10714,0.85714,0.96429,1,0,0,0.099558,0.89878,0.98673,1
0.12,0.12,0.16,0.68,0.8,0.88,0.22156,0.22156,0.23625,0.6712,0.67882,0.77844
0,0,0.38095,0.66667,0.90476,1,0,0,0.32372,0.52457,0.88194,1
0,0,0.043478,0.65217,0.82609,0.95652,0,0,0.01142,0.63754,0.79295,0.88828
0,0,0.081081,0.81081,0.97297,1,0,0,0.10418,0.85864,0.98335,1
0,0,0,0.24528,0.73585,0.9434,0,0,0,0.25618,0.74154,0.94413
0,0,0,0.23077,0.46154,0.92308,0,0,0,0.2524,0.45405,0.9273
0,0,0,0.33333,0.87179,0.97436,0,0,0,0.33806,0.95103,0.99137
0,0,0.057143,0.77143,0.94286,1,0,0,0.092568,0.84572,0.96393,1
0,0,0,0.58065,0.77419,0.90323,0,0,0,0.60156,0.82355,0.93517
0.028571,0.057143,0.14286,0.2,0.65714,0.94286,0.041921,0.051965,0.11747,0.22052,0.66463,0.92664
0,0.028571,0.2,0.54286,0.54286,0.68571,0,0.015062,0.1683,0.61362,0.61362,0.7387
0.02381,0.02381,0.02381,0.071429,0.42857,0.90476,0.013593,0.013593,0.013593,0.050827,0.3948,0.89775
0,0,0.11111,0.77778,1,1,0,0,0.055118,0.80472,1,1
0,0,0.25,0.375,0.375,0.625,0,0,0.23077,0.42081,0.42081,0.65158
0,0,0.25,0.85,0.95,0.975,0,0,0.19778,0.8384,0.97286,0.98438
0,0,0,0.071429,0.92857,1,0,0,0,0.068426,0.94624,1
0,0,0,0,0.65217,0.97826,0,0,0,0,0.69148,0.97738
0,0,0,0.3913,0.93478,1,0,0,0,0.35928,0.93052,1
0,0,0,0.095238,0.61905,0.95238,0,0,0,0.15952,0.77426,0.97334
0,0.030303,0.39394,1,1,1,0,0.016275,0.31917,1,1,1
0,0,0.3125,0.375,0.625,0.9375,0,0,0.34444,0.37222,0.68444,0.97
0,0,0.044444,0.37778,0.88889,0.97778,0,0,0.044091,0.31524,0.84853,0.97391
0.026316,0.026316,0.23684,0.92105,0.97368,0.97368,0.022214,0.022214,0.19456,0.92187,0.97779,0.97779
0,0.16667,0.3,0.46667,0.8,0.9,0,0.17314,0.39376,0.58801,0.84365,0.90695
0,0,0.33333,0.92593,1,1,0,0,0.3815,0.9641,1,1
0,0,0,0,0,0,0,0,0,0,0,0
0,0,0,0.11429,0.71429,0.85714,0,0,0,0.11021,0.75204,0.86162
0.035714,0.035714,0.035714,0.42857,0.92857,1,0.022222,0.022222,0.022222,0.47639,0.93681,1
0.11538,0.11538,0.11538,0.038462,0.26923,0.5,0.17042,0.17042,0.17042,0.033363,0.20559,0.47971
0,0,0,0.25,0.5,0.75,0,0,0,0.19883,0.35088,0.69006
0,0.28205,0.53846,0.87179,1,1,0,0.2,0.50575,0.84521,1,1
0.84211,0.84211,1,0.63158,0.26316,0.26316,0.95223,0.95223,1,0.63644,0.086687,0.086687
0.038462,0.038462,0.038462,0.11538,0.61538,0.96154,0.019851,0.019851,0.019851,0.13813,0.65095,0.98015
0.032258,0.032258,0.12903,0.35484,0.83871,0.96774,0.048592,0.048592,0.14789,0.42183,0.86268,0.95141
0,0,0.04,0.48,0.96,1,0,0,0.016598,0.37635,0.98008,1
0,0,0.26923,0.80769,0.84615,0.92308,0,0,0.37704,0.8495,0.87432,0.94259
0,0,0,0,0.42857,0.89286,0,0,0,0,0.47412,0.92385
0,0,0.025,0.375,0.925,1,0,0,0.012207,0.44727,0.93066,1
0,0,0,0.56522,1,1,0,0,0,0.60729,1,1
0,0,0,0.46429,0.82143,1,0,0,0,0.59495,0.87517,1
0.075,0.225,0.6,0.95,1,1,0.06749,0.20006,0.652,0.95119,1,1
0,0.078947,0.13158,0.84211,0.97368,0.97368,0,0.088796,0.11715,0.83543,0.98745,0.98745
0,0,0,0.4878,0.70732,0.97561,0,0,0,0.50867,0.68333,0.96933
0,0,0,0.48571,0.94286,0.97143,0,0,0,0.53439,0.95566,0.9693
0,0,0,1,1,1,0,0,0,1,1,1
0,0,0,0,0.034483,0.24138,0,0,0,0,0.022071,0.21817
0,0.046512,0.13953,0.25581,0.25581,0.62791,0,0.047529,0.15906,0.25539,0.25539,0.64575
0,0,0,0,0,0,0,0,0,0,0,0
0,0.13333,0.26667,0.82222,0.95556,1,0,0.15676,0.25811,0.82658,0.96892,1
0,0.03125,0.1875,0.875,1,1,0,0.04106,0.13642,0.86821,1,1
0,0,0.11364,0.68182,0.97727,1,0,0,0.13412,0.78934,0.99213,1
0.026316,0.026316,0.026316,0.47368,0.92105,1,0.015861,0.015861,0.015861,0.43429,0.95393,1
0.13514,0.35135,0.83784,0.97297,1,1,0.10756,0.344,0.90444,0.98222,1,1
0,0,0,0.22581,0.67742,0.80645,0,0,0,0.3106,0.69124,0.80461
0,0,0,0,0.35714,0.60714,0,0,0,0,0.34505,0.59663
0,0.09375,0.625,1,1,1,0,0.07413,0.70701,1,1,1
0,0,0,1,1,1,0,0,0,1,1,1
0.10526,0.10526,0.39474,0.78947,0.94737,0.94737,0.096916,0.096916,0.38943,0.85463,0.94802,0.94802
0,0,0,0.15,0.7,1,0,0,0,0.091393,0.63161,1
0,0.042553,0.29787,0.7234,0.87234,0.95745,0,0.026176,0.2764,0.79459,0.90506,0.96717
0,0,0.23077,0.61538,0.76923,1,0,0,0.16281,0.64919,0.78155,1
0,0,0.5,1,1,1,0,0,0.50932,1,1,1
0,0,0.11111,0.47222,0.88889,1,0,0,0.099807,0.47118,0.91992,1
0,0,0,0,0,0,0,0,0,0,0,0
0.22222,0.2963,0.7037,0.88889,0.88889,0.88889,0.10261,0.18737,0.70968,0.95573,0.95573,0.95573
0.31429,0.65714,0.82857,1,1,1,0.31953,0.65946,0.83066,1,1,1
0.071429,0.10714,0.32143,0.78571,0.85714,0.82143,0.10874,0.12921,0.31984,0.82757,0.88353,0.81756
0,0.038462,0.038462,0.076923,0.11538,0.19231,0,0.028729,0.028729,0.053039,0.092818,0.19227
0.33333,0.72222,0.88889,1,1,1,0.26183,0.7855,0.94608,1,1,1
0.25,0.5625,0.75,0.9375,0.9375,0.9375,0.16027,0.46953,0.6377,0.9447,0.94131,0.94131
0,0.043478,0.086957,0.86957,1,1,0,0.20944,0.23534,0.80274,1,1
0,0,0,0.74286,1,1,0,0,0,0.73548,1,1
0,0,0,0.16667,0.4,0.7,0,0,0,0.16081,0.3978,0.74355
0,0,0,0,0,0,0,0,0,0,0,0
1,1,1,0,0,0,1,1,1,0,0,0
0,0,0.071429,0.52381,0.85714,0.95238,0,0,0.056058,0.49652,0.83287,0.98398
0,0,0,0,0.14634,0.5122,0,0,0,0,0.12449,0.5749
0,0,0.045455,0.45455,0.95455,1,0,0,0.015882,0.36473,0.98248,1
0,0,0,0.61111,0.97222,1,0,0,0,0.67283,0.92489,1
0,0,0,0,0,0,0,0,0,0,0,0
0,0,0.22917,0.6875,1,1,0,0,0.24551,0.64928,1,1
0,0,0.19355,0.87097,1,1,0,0,0.12387,0.94801,1,1
0,0,0,0,0,0,0,0,0,0,0,0
0.030303,0.030303,0.18182,0.93939,0.9697,0.9697,0.030061,0.030061,0.20798,0.93926,0.96994,0.96994
0,0,0.11765,0.47059,0.64706,0.94118,0,0,0.11632,0.56098,0.65197,0.96341
0,0,0.19512,0.95122,1,1,0,0,0.22351,0.96353,1,1
0.029412,0.17647,0.5,0.88235,1,1,0.022187,0.28051,0.53368,0.91403,1,1
0.083333,0.16667,0.16667,0.83333,1,1,0.14419,0.29372,0.29372,0.92657,1,1
0.055556,0.27778,0.61111,0.98148,1,1,0.026198,0.35814,0.67252,0.9908,1,1
0,0,0,0,0,0,0,0,0,0,0,0
0.10811,0.18919,0.21622,0.51351,0.94595,0.97297,0.082117,0.14005,0.15511,0.49589,0.95027,0.98038
0,0,0,0.075,0.45,0.625,0,0,0,0.051483,0.38918,0.54014
0,0,0,0,0,0,0,0,0,0,0,0
0,0.035714,0.16071,0.75,0.98214,1,0,0.022756,0.16178,0.74657,0.96353,1
0,0,0,0.71429,0.96429,0.96429,0,0,0,0.78177,0.98137,0.98137
0,0.2069,0.51724,0.89655,1,1,0,0.16125,0.46,0.82875,1,1
0.2,0.2,0.2,0.9,0.8,0.8,0.29536,0.29536,0.29536,0.92163,0.70464,0.70464
0.075,0.175,0.5,0.975,0.95,0.95,0.064207,0.15285,0.49209,0.97077,0.96406,0.96406
0,0,0,0.37838,0.94595,0.97297,0,0,0,0.3381,0.94978,0.96407
0,0,0,0,0,0,0,0,0,0,0,0
0.75,0.75,0.75,1,0.5,0.5,0.63059,0.63059,0.63059,1,0.49176,0.49176
0.12,0.24,0.32,0.92,1,1,0.10329,0.23531,0.30407,0.91123,1,1
0,0,0.027778,0.63889,0.97222,1,0,0,0.042114,0.70322,0.98729,1
0,0,0,0,0,0,0,0,0,0,0,0
0.6,0.6,0.4,0.7,0.7,0.6,0.76103,0.76103,0.63725,0.84314,0.84314,0.77206
0.030303,0.030303,0.27273,0.78788,0.90909,0.9697,0.14296,0.14296,0.4519,0.8774,0.93323,0.85704
0,0,0,0,0,0,0,0,0,0,0,0
0.025641,0.076923,0.10256,0.48718,0.84615,0.97436,0.017666,0.047645,0.059422,0.42131,0.86296,0.98555
0,0.16667,1,1,1,1,0,0.34531,1,1,1,1
0,0,0,0,0.66667,0.9,0,0,0,0,0.73428,0.93294
0,0,0,0,0.10345,0.44828,0,0,0,0,0.21368,0.54881
1,1,1,0,0,0,1,1,1,0,0,0
0,0,0,0,0,0,0,0,0,0,0,0
0.59259,0.88889,0.88889,0.77778,0.51852,0.51852,0.67575,0.87239,0.87239,0.59165,0.37413,0.37413
0,0,0,0,0,0,0,0,0,0,0,0
0,0.047619,0.66667,0.95238,1,1,0,0.032082,0.47713,0.84232,1,1
0,0,0.027778,0.5,0.80556,0.94444,0,0,0.021763,0.5827,0.83297,0.94886
1,1,1,0.5,0,0,1,1,1,0.57051,0,0
0.029412,0.058824,0.47059,1,1,1,0.017458,0.069832,0.44763,1,1,1
0,0,0.16327,0.87755,0.91837,1,0,0,0.13055,0.89697,0.91781,1
0,0.22857,0.57143,1,1,1,0,0.2572,0.60345,1,1,1
0,0,0,0.35294,0.70588,0.76471,0,0,0,0.4386,0.83138,0.85283
0.071429,0.21429,0.21429,0.85714,0.92857,0.92857,0.1312,0.25073,0.25073,0.79883,0.8688,0.8688
0.058824,0.20588,0.20588,0.29412,0.52941,0.61765,0.12527,0.2324,0.2324,0.40907,0.61771,0.67732
0,0,0.14286,0.96429,0.96429,1,0,0,0.19945,0.98466,0.98466,1
0.16667,0.33333,1,0.83333,0.83333,0.83333,0.19059,0.40842,1,0.80941,0.80941,0.80941
0,0.055556,0.38889,0.72222,1,1,0,0.034153,0.33197,0.76639,1,1
0.030303,0.030303,0.030303,0.45455,0.93939,0.9697,0.055396,0.055396,0.055396,0.46641,0.97708,0.993
0.054054,0.37838,0.54054,0.94595,1,1,0.02608,0.41513,0.58743,0.97349,1,1
0,0,0,0,0,0.42857,0,0,0,0,0,0.43644
0,0,0.10169,0.61017,0.98305,1,0,0,0.10366,0.6527,0.97793,1
0,0,0,1,1,1,0,0,0,1,1,1
0.11667,0.36667,0.68333,0.86667,1,1,0.1278,0.32332,0.72149,0.91777,1,1
0.25,0.28571,0.53571,1,0.96429,0.92857,0.13033,0.14718,0.59514,1,0.9886,0.97423
1,1,1,1,1,0.5,1,1,1,1,1,0.2439
0,0,0.033333,0.4,0.86667,0.9,0,0,0.022618,0.35984,0.83482,0.85058
0,0,0,0.16667,0.5,0.9,0,0,0,0.060544,0.23469,0.68231
0.022222,0.28889,0.8,1,1,1,0.024235,0.39928,0.82718,1,1,1
0,0,0,0,0,0.16216,0,0,0,0,0,0.17477
0.33333,0.66667,0.86667,1,1,1,0.48952,0.69553,0.81677,1,1,1
0,0,0,0,0.425,0.775,0,0,0,0,0.44787,0.76108
0.21053,0.42105,0.73684,0.78947,0.84211,0.84211,0.26361,0.45618,0.83134,0.74236,0.76494,0.76494
0.057143,0.31429,0.65714,1,1,1,0.10018,0.3595,0.68952,1,1,1
0.068966,0.10345,0.13793,0.37931,0.72414,0.75862,0.064801,0.084739,0.09931,0.48505,0.90567,0.91526
0,0.078947,0.26316,0.55263,0.81579,0.94737,0,0.065512,0.25456,0.52363,0.84698,0.95133
0.4,0.46667,0.6,0.66667,0.86667,0.86667,0.44077,0.46745,0.61473,0.70224,0.93597,0.93597
0,0,0,0.69231,1,1,0,0,0,0.81412,1,1
0,0,0.032258,0.3871,0.96774,1,0,0,0.030433,0.36348,0.96314,1
0,0,0,0.85714,1,1,0,0,0,0.95781,1,1
0.019608,0.019608,0.019608,0.11765,0.35294,0.86275,0.012229,0.012229,0.012229,0.15306,0.38304,0.87179
0,0.020833,0.25,0.72917,0.97917,1,0,0.027161,0.2368,0.70773,0.9495,1
0.44444,0.44444,0.88889,0.55556,0.55556,0.55556,0.49262,0.49262,0.93882,0.50738,0.50738,0.50738
0,0,0,0,0,0,0,0,0,0,0,0
0,0.017544,0.10526,0.96491,1,1,0,0.0083653,0.11084,0.96898,1,1
0,0,0,0,0,0,0,0,0,0,0,0
0.4,0.4,1,0.6,0.6,0.6,0.091317,0.091317,1,0.90868,0.90868,0.90868
0.11538,0.48077,0.65385,0.90385,0.96154,1,0.095166,0.52812,0.67102,0.95318,0.98297,1
0,0,0,0,0,0,0,0,0,0,0,0
0.25,0.375,1,1,0.875,0.875,0.26053,0.52574,1,1,0.95008,0.95008
0.085714,0.25714,0.54286,0.68571,0.91429,1,0.042321,0.19894,0.59909,0.75089,0.92321,1
0,0,0,0.13793,0.13793,0.13793,0,0,0,0.11059,0.11059,0.11059
0,0.03125,0.09375,0.5,0.8125,0.96875,0,0.085336,0.14566,0.57724,0.89407,0.98578
0.05,0.1,0.1,0.575,0.925,0.975,0.081535,0.14628,0.14628,0.6199,0.92746,0.96583
0,0,0.05,0.5,0.95,1,0,0,0.030612,0.5157,0.9325,1
0.52632,0.52632,0.68421,0.63158,0.47368,0.47368,0.60539,0.60539,0.70285,0.53487,0.39461,0.39461
0,0,0,0.5,0.5,1,0,0,0,0.58065,0.58065,1
0,0.027778,0.13889,0.58333,0.80556,0.88889,0,0.01764,0.11298,0.63923,0.85132,0.89458
0.38889,0.44444,0.88889,1,1,1,0.40397,0.44109,0.72637,1,1,1
0,0,0,0,0,0,0,0,0,0,0,0
0.78723,0.80851,0.93617,0.80851,0.31915,0.31915,0.72376,0.73265,0.94496,0.85094,0.39077,0.39077
0,0.042553,0.23404,0.57447,0.85106,1,0,0.030612,0.2276,0.51775,0.81721,1
0.068966,0.34483,0.58621,0.68966,0.7931,0.93103,0.026224,0.338,0.69347,0.73193,0.82692,0.97378
0.33333,0.33333,0.66667,1,1,1,0.20561,0.20561,0.78505,1,1,1
0.84211,0.94737,1,1,0.36842,0.31579,0.93612,0.98804,1,1,0.32001,0.18817
0.42857,0.71429,0.85714,1,0.71429,0.71429,0.25954,0.55471,0.81934,1,0.89949,0.89949
0,0,0,0,0,0,0,0,0,0,0,0
0,0,0,0.71429,0.95238,1,0,0,0,0.86263,0.99129,1
0,0,0.23404,0.95745,1,1,0,0,0.26756,0.95656,1,1
0,0.04,0.08,0.92,1,1,0,0.017679,0.044581,0.92929,1,1
0.75,0.75,0.75,0.875,0.75,0.75,0.59965,0.59965,0.59965,0.62554,0.83865,0.83865
0.16667,0.16667,0.16667,0.66667,0.66667,0.83333,0.12121,0.12121,0.12121,0.73737,0.73737,0.88384
0.2,0.2,0.4,0.4,0.8,0.8,0.10919,0.10919,0.51473,0.65338,0.89081,0.89081
0,0,0,0.58974,0.94872,1,0,0,0,0.64843,0.96364,1
0,0,0,0,0,0,0,0,0,0,0,0
1,1,1,0,0,0,1,1,1,0,0,0
0,0,0,0.48276,0.82759,0.93103,0,0,0,0.43503,0.86777,0.90839
0,0.034483,0.41379,0.96552,1,1,0,0.086152,0.46369,0.98782,1,1
0,0,0,0,1,1,0,0,0,0,1,1
0.019608,0.039216,0.098039,0.19608,0.2549,0.47059,0.0096805,0.024524,0.071636,0.16134,0.1949,0.44692
0,0,1,1,1,1,0,0,1,1,1,1
0.096774,0.25806,0.74194,0.96774,1,1,0.057151,0.33044,0.74837,0.95748,1,1
0,0,0.25,0.875,0.875,1,0,0,0.31461,0.88764,0.88764,1
0,0,0,0.61111,0.94444,1,0,0,0,0.59737,0.92354,1
0.48148,0.66667,0.85185,0.92593,0.81481,0.81481,0.49667,0.70611,0.88499,0.97246,0.85987,0.85987
0,0.03125,0.0625,0.3125,0.59375,0.875,0,0.010608,0.024108,0.19769,0.43298,0.87898
0,0.090909,0.090909,0.27273,0.54545,0.90909,0,0.042139,0.042139,0.23177,0.53485,0.91734
0,0.5,1,1,1,1,0,0.48837,1,1,1,1
0,0,0.15789,0.36842,0.73684,0.86842,0,0,0.14745,0.38331,0.71664,0.87672
0.52632,0.52632,0.52632,0.84211,0.78947,0.78947,0.49629,0.49629,0.49629,0.82304,0.80376,0.80376
0,0,0.075,0.675,0.975,1,0,0,0.094718,0.68852,0.9742,1
0,0,0,0.068966,0.41379,0.72414,0,0,0,0.066331,0.39169,0.76113
0.025,0.275,0.6,0.9,0.975,1,0.037856,0.3422,0.68478,0.91979,0.97714,1
0,0,0,0.30769,0.96154,0.96154,0,0,0,0.31221,0.97063,0.97063
0,0,0.24,0.88,1,1,0,0,0.53957,0.94272,1,1
0.5,0.5,0.5,0.33333,0,0.33333,0.44915,0.44915,0.44915,0.32203,0,0.39831
0,0,0.086957,0.69565,0.91304,1,0,0,0.051632,0.62543,0.89917,1
0,0.025641,0.025641,0.28205,0.61538,0.87179,0,0.013374,0.013374,0.24461,0.59189,0.85893
0,0.2963,0.55556,1,1,1,0,0.25915,0.53296,1,1,1
0,0.038462,0.23077,0.46154,0.46154,0.46154,0,0.022727,0.37744,0.57062,0.57062,0.57062
0,0,0.071429,0.17857,0.42857,0.85714,0,0,0.036739,0.08304,0.37494,0.86915
1,1,1,0,0,0,1,1,1,0,0,0
0,0.056604,0.20755,0.86792,1,1,0,0.083505,0.20376,0.88533,1,1
0,0,0,0,0.097561,0.21951,0,0,0,0,0.073345,0.18692
0.029412,0.23529,0.79412,0.97059,1,1,0.061786,0.27214,0.81571,0.96107,1,1
0,0,0,0,0,0,0,0,0,0,0,0
0,0,0,0,0,0,0,0,0,0,0,0
0,0,0,0.058824,0.058824,0.11765,0,0,0,0.060024,0.060024,0.091236
0,0,0.26316,0.68421,0.84211,0.89474,0,0,0.43715,0.75985,0.8546,0.91745
0,0,0.20833,0.625,1,1,0,0,0.2849,0.69726,1,1
0,0,0,0.14286,0.7619,0.90476,0,0,0,0.1907,0.79834,0.82855
0.054054,0.16216,0.7027,0.94595,1,1,0.032143,0.1558,0.76473,0.96607,1,1
0.041667,0.20833,0.20833,0.5,0.5,0.625,0.031315,0.15762,0.15762,0.3737,0.3737,0.48956
0,0,0,0.076923,0.5641,0.76923,0,0,0,0.042074,0.65618,0.8283
0,0,0.073171,0.63415,0.95122,1,0,0,0.11202,0.6753,0.93977,1
0,0,0,0.3125,0.89583,0.95833,0,0,0,0.35221,0.94442,0.98088
0,0,0,0.11429,0.42857,0.68571,0,0,0,0.12605,0.52392,0.78184
0.85185,0.88889,0.88889,0.92593,0.48148,0.48148,0.94519,0.96425,0.96425,0.79933,0.37464,0.37464
0.032258,0.032258,0.22581,0.6129,0.87097,0.96774,0.027003,0.027003,0.23171,0.61324,0.90244,0.973
0,0,0.044444,0.8,1,1,0,0,0.026024,0.86473,1,1
0,0,0,0,0,0,0,0,0,0,0,0
0,0,0,0.88235,1,1,0,0,0,0.92617,1,1
0.03125,0.0625,0.1875,0.8125,0.96875,1,0.018328,0.06071,0.1701,0.80699,0.94616,1
0,0,0,0,0,1,0,0,0,0,0,1
0.90476,1,1,0.66667,0.33333,0.33333,0.95066,1,1,0.53242,0.17199,0.17199
0.83333,1,1,0.33333,0.33333,0.33333,0.90343,1,1,0.52575,0.52575,0.52575
0.016949,0.050847,0.15254,0.69492,0.9661,1,0.01492,0.062227,0.15247,0.70524,0.9607,1
0.33333,0.33333,0.33333,1,1,0.66667,0.36927,0.36927,0.36927,1,1,0.63073
0.5,0.5,1,1,0.5,0.5,0.31183,0.31183,1,1,0.68817,0.68817
0,0.060606,0.15152,0.54545,0.78788,0.87879,0,0.035294,0.12406,0.5508,0.83048,0.87112
0.11111,0.11111,0.11111,0.11111,0.14815,0.59259,0.049388,0.049388,0.049388,0.036276,0.1215,0.62281
0,0,0,0.11429,0.77143,0.94286,0,0,0,0.11367,0.78583,0.94152
0,0,0.041667,0.041667,0.66667,0.83333,0,0,0.018722,0.018722,0.72563,0.80181
0,0,0.068966,0.51724,0.82759,0.96552,0,0,0.033788,0.41672,0.89508,0.96088
0,0.25,0.25,0.25,0.5,0.5,0,0.48077,0.48077,0.48077,0.66026,0.66026
0,0,0.35,1,1,1,0,0,0.32947,1,1,1
0,0,0,0.086957,0.6087,0.78261,0,0,0,0.036677,0.74506,0.86839
0.5,0.5,1,1,0.5,0.5,0.27586,0.27586,1,1,0.72414,0.72414
1,1,1,0,0,0,1,1,1,0,0,0
0.5,1,1,0.83333,0.83333,0.83333,0.42321,1,1,0.90275,0.90275,0.90275
0,0,0.55172,1,1,1,0,0,0.70692,1,1,1
0,0,0,0,0,0,0,0,0,0,0,0
0,0.10526,0.26316,0.68421,0.84211,0.84211,0,0.059811,0.16055,0.77335,0.89927,0.89927
0,0.020833,0.14583,0.52083,0.625,0.70833,0,0.013049,0.10474,0.4763,0.69128,0.74863
0.45455,0.77273,0.72727,0.63636,0.54545,0.54545,0.28746,0.43888,0.61002,0.79495,0.71254,0.71254
0.70732,0.70732,0.70732,1,0.58537,0.58537,0.7267,0.7267,0.7267,1,0.5152,0.5152
0,0.043478,0.043478,0.043478,0.13043,0.34783,0,0.018816,0.018816,0.018816,0.22247,0.38628
0,0,0,0,0,0,0,0,0,0,0,0
0.6,0.6,0.8,1,1,1,0.43273,0.43273,0.90182,1,1,1
0.71429,0.85714,0.85714,0.42857,0.28571,0.28571,0.83044,0.86248,0.86248,0.27904,0.16956,0.16956
0.086957,0.1087,0.30435,0.58696,0.69565,0.76087,0.053584,0.061587,0.28079,0.58107,0.71712,0.83438
0.42857,0.57143,0.57143,0.57143,0.85714,0.85714,0.77963,0.84259,0.84259,0.84259,0.57407,0.57407
0,0,0,0.19355,0.25806,0.54839,0,0,0,0.24379,0.36219,0.61362
0.26087,0.34783,0.47826,0.65217,0.91304,0.86957,0.22081,0.32208,0.53098,0.6672,0.9309,0.91303
0,0,0.018519,0.74074,1,1,0,0,0.023545,0.74605,1,1
0,0.017544,0.070175,0.87719,1,1,0,0.02784,0.068096,0.90444,1,1
0.5,1,1,1,1,0.5,0.52,1,1,1,1,0.48
0.071429,0.14286,0.2381,0.90476,1,1,0.046587,0.10701,0.23109,0.90821,1,1
0.018182,0.018182,0.12727,0.58182,0.83636,0.94545,0.0097623,0.0097623,0.10951,0.57088,0.82725,0.94312
0.44118,0.79412,0.88235,0.97059,0.85294,0.85294,0.3917,0.78532,0.91793,0.98874,0.80882,0.80882
0.70588,0.73529,0.88235,0.76471,0.73529,0.73529,0.82567,0.85139,0.90799,0.79752,0.68826,0.67615
0,0,0,0.48649,0.97297,1,0,0,0,0.48807,0.9908,1
0.55556,0.66667,0.66667,0.55556,0.66667,0.66667,0.41552,0.54568,0.54568,0.50939,0.85106,0.85106
