8.5788e-09,-1.0284e-06,5.0161e-05,-0.0012772,0.018076,-0.13961,0.53425,-0.78051
-8.194e-09,8.7974e-07,-3.7671e-05,0.00081885,-0.0095189,0.057175,-0.15578,0.20417
-2.2417e-09,2.3932e-07,-1.026e-05,0.00022033,-0.0023728,0.010436,0.0011072,0.015461
3.4972e-09,-3.295e-07,1.197e-05,-0.00021029,0.0018417,-0.0074749,0.0092783,0.019098
2.3866e-09,-2.4934e-07,1.048e-05,-0.00022686,0.0026965,-0.017446,0.056728,-0.065631
-3.4302e-09,3.817e-07,-1.6682e-05,0.00035853,-0.0038278,0.017023,-0.0065004,0.015619
-8.7805e-09,8.3299e-07,-3.1823e-05,0.00063016,-0.0069451,0.042355,-0.13016,0.16493
9.7776e-09,-1.0509e-06,4.4609e-05,-0.0009512,0.010723,-0.061713,0.16131,-0.10539
-9.3907e-06,0.0012141,-0.06644,1.9933,-35.382,371.35,-2132.6,5167.6
1.833e-08,-1.7202e-06,6.4775e-05,-0.0012451,0.012832,-0.067977,0.15985,-0.044009
-7.236e-10,7.9136e-08,-3.5803e-06,8.743e-05,-0.0012541,0.010379,-0.041046,0.098049
4.6033e-08,-3.3431e-06,9.792e-05,-0.001495,0.012835,-0.06183,0.15389,-0.11258
7.3773e-09,-7.7791e-07,3.294e-05,-0.00071773,0.0085791,-0.055577,0.17963,-0.14142
3.5699e-09,-3.5911e-07,1.4101e-05,-0.00027397,0.0027604,-0.013922,0.033039,0.073259
5.0297e-09,-5.3914e-07,2.3167e-05,-0.00050936,0.0060459,-0.037393,0.10646,-0.065124
-2.4242e-09,2.5178e-07,-1.0495e-05,0.00022255,-0.0024916,0.013445,-0.022835,0.030336
1.2717e-07,-1.6399e-05,0.00089567,-0.026829,0.47542,-4.9762,28.436,-68.277
-3.6364e-09,3.4977e-07,-1.3049e-05,0.00023344,-0.0019382,0.0045926,0.021737,-0.0069831
2.253e-10,-3.0041e-07,2.4084e-05,-0.00078438,0.012801,-0.10719,0.42088,-0.54816
-5.7413e-09,5.9493e-07,-2.4466e-05,0.00050358,-0.0053333,0.026047,-0.035491,0.04527
-3.7108e-09,3.7479e-07,-1.4963e-05,0.00029993,-0.0031783,0.017313,-0.04276,0.09691
8.9838e-09,-9.6392e-07,4.1727e-05,-0.0009344,0.011524,-0.076918,0.25354,-0.23959
1.5105e-08,-2.004e-06,0.0001103,-0.0032513,0.055178,-0.53731,2.7787,-5.8991
6.9413e-10,-2.4426e-07,1.7006e-05,-0.0005278,0.0090091,-0.091182,0.52297,-1.2637
8.8677e-08,-1.2863e-05,0.00078526,-0.026106,0.50951,-5.8272,36.098,-93.18
3.1248e-09,-2.5545e-07,6.9511e-06,-4.5319e-05,-0.0010963,0.020614,-0.11295,0.29011
-6.6946e-09,7.2727e-07,-3.2122e-05,0.00074446,-0.0097691,0.072973,-0.29194,0.58271
5.4974e-05,-0.0080253,0.46253,-12.586,124.05,1370.8,-41635,2.6893e+05
6.7757e-09,-5.8818e-07,1.9459e-05,-0.00030644,0.0023531,-0.0083132,0.01534,0.048344
-1.115e-09,1.0215e-07,-2.9999e-06,1.7061e-05,0.00063504,-0.010633,0.050597,-0.00050035
-2.7902e-09,2.4899e-07,-8.3677e-06,0.00012666,-0.00071078,-0.0019709,0.037682,-0.0096803
1.4504e-08,-1.5938e-06,6.944e-05,-0.001525,0.017781,-0.10678,0.2939,-0.22865
-3.0191e-09,3.1891e-07,-1.3603e-05,0.00030043,-0.0036627,0.024295,-0.079876,0.10022
-2.3819e-08,2.2806e-06,-8.4033e-05,0.0014964,-0.013289,0.054512,-0.07638,0.069939
-7.0872e-08,5.8762e-06,-0.00020212,0.0037286,-0.039758,0.24483,-0.80621,1.0978
-1.4781e-05,-2.3522e-06,0.01335,-0.28242,2.6358,-12.821,31.652,-31.227
5.3984e-08,-7.4132e-06,0.00041044,-0.01172,0.18234,-1.4897,5.5959,-7.5488
9.2203e-10,-1.3528e-07,7.4738e-06,-0.00020475,0.0030052,-0.023456,0.089382,-0.069055
1.8621e-08,-1.8951e-06,7.8372e-05,-0.0016882,0.020093,-0.12829,0.3905,-0.34994
1.6383e-09,-1.8086e-07,7.8355e-06,-0.00016629,0.001744,-0.0077284,0.0062374,0.10165
2.3151e-09,-1.9728e-07,5.7699e-06,-5.395e-05,-0.00038166,0.0092337,-0.044381,0.11589
-3.2132e-10,3.0978e-08,-1.2119e-06,2.5777e-05,-0.00034683,0.0031948,-0.01841,0.055291
-1.1065e-09,1.4065e-07,-7.1629e-06,0.0001865,-0.0026328,0.019621,-0.066791,0.16714
-1.8489e-06,9.4749e-05,-0.0019081,0.019156,-0.099934,0.25344,-0.24397,0.085803
1.3954e-08,-1.0461e-06,3.0543e-05,-0.00045132,0.0037796,-0.020229,0.075248,-0.020238
0.0011785,-0.14877,7.9058,-227.95,3817.6,-36566,1.7993e+05,-3.2573e+05
-8.438e-09,8.2776e-07,-3.1385e-05,0.00057582,-0.0051929,0.01999,-0.016786,0.062103
6.5125e-06,-0.0010951,0.07879,-3.1442,75.156,-1076.1,8544.8,-29029
-4.5295e-09,4.5422e-07,-1.8046e-05,0.00035929,-0.0037283,0.018941,-0.038673,0.079426
-2.231e-09,2.1519e-07,-8.1052e-06,0.00014674,-0.0012133,0.0023186,0.020401,-0.0028376
6.1948e-09,-7.1258e-07,3.2835e-05,-0.00077375,0.0098376,-0.064858,0.19005,-0.075053
9.0658e-10,-7.4757e-08,2.0809e-06,-1.6864e-05,-0.0001783,0.003133,-0.0066997,0.016003
-1.7958e-08,1.8519e-06,-7.6355e-05,0.0016004,-0.017919,0.10304,-0.26135,0.27678
3.1077e-11,-1.3892e-09,3.0778e-09,6.3918e-07,-1.0033e-05,4.253e-05,3.0338e-05,0.0002461
6.9042e-09,-7.2705e-07,3.0444e-05,-0.00064664,0.007378,-0.044501,0.13419,-0.071667
1.269e-08,-1.2593e-06,5.0373e-05,-0.0010434,0.011936,-0.073904,0.22447,-0.15735
-2.0813e-09,1.9059e-07,-6.8988e-06,0.00012577,-0.0012052,0.00549,-0.005659,0.041674
-2.0387e-09,2.0828e-07,-8.559e-06,0.00018163,-0.0021291,0.013704,-0.045535,0.15674
-1.2999e-09,1.3836e-07,-6.0019e-06,0.00013289,-0.0015233,0.0078322,-0.0075624,0.031265
-3.9547e-09,4.2882e-07,-1.831e-05,0.00038498,-0.0040073,0.016968,-0.0016072,0.011086
1.3889e-08,-1.4024e-06,5.5977e-05,-0.0011221,0.011862,-0.063896,0.16219,-0.076793
1.6496e-08,-2.0492e-06,0.00010547,-0.0029046,0.046027,-0.41742,1.9927,-3.8246
4.0768e-09,-4.7384e-07,2.1309e-05,-0.00047311,0.005497,-0.033124,0.099418,-0.0051005
2.2725e-09,-2.0301e-07,6.8465e-06,-0.00010829,0.00085193,-0.0043178,0.023834,0.046208
-2.5427e-08,3.2668e-06,-0.00017334,0.0048984,-0.079183,0.72821,-3.5105,6.8178
1.5159e-08,-1.85e-06,9.3272e-05,-0.0025049,0.038493,-0.33688,1.5519,-2.9041
-3.2742e-09,2.7419e-07,-8.4622e-06,0.00011261,-0.00042533,-0.0041167,0.039173,-0.004006
4.4609e-10,-4.5233e-08,1.8305e-06,-3.7678e-05,0.00041454,-0.0023169,0.0055572,-0.0045546
-1.8354e-10,1.2318e-08,-3.3393e-07,7.5972e-06,-0.00016564,0.0017248,-0.0032349,0.0025642
-2.0254e-09,1.8484e-07,-6.4197e-06,0.00010223,-0.00063112,-0.0010971,0.024397,0.0015872
-3.3162e-09,3.1248e-07,-1.175e-05,0.00022419,-0.0022606,0.011202,-0.021751,0.084429
8.177e-07,-4.9312e-05,0.0011922,-0.014792,0.10024,-0.36577,0.66571,-0.41654
2.7427e-09,-3.5278e-07,1.7442e-05,-0.00042447,0.0053619,-0.033975,0.09791,-0.01329
3.8805e-09,-3.7692e-07,1.4148e-05,-0.00025617,0.002278,-0.0091006,0.013218,0.082242
-1.7778e-07,2.2277e-05,-0.0011686,0.033204,-0.55095,5.3311,-27.827,60.496
4.2921e-09,-4.4188e-07,1.7982e-05,-0.00036859,0.0040236,-0.022674,0.055622,0.034562
-4.9977e-08,3.4275e-06,-9.2416e-05,0.0012148,-0.0075343,0.013143,0.054239,-0.16094
2.0127e-09,-2.1805e-07,9.6233e-06,-0.0002247,0.003011,-0.023086,0.090105,-0.066308
2.8721e-09,-2.8483e-07,1.1046e-05,-0.00021406,0.0022338,-0.013145,0.044601,0.068756
2.3699e-09,-2.7873e-07,1.2338e-05,-0.00027182,0.0031818,-0.01921,0.056897,-0.020866
3.347e-09,-3.6817e-07,1.6664e-05,-0.00039827,0.0053434,-0.039404,0.14519,-0.12198
3.2211e-09,-3.7188e-07,1.7116e-05,-0.00040525,0.005319,-0.038724,0.14266,-0.12655
7.7119e-10,-6.1526e-08,2.0814e-06,-4.3795e-05,0.00066868,-0.0065219,0.030689,0.0214
-1.9649e-09,2.2156e-07,-1.0223e-05,0.00024725,-0.0033255,0.024185,-0.084079,0.14519
3.6399e-09,-3.8478e-07,1.6069e-05,-0.00033692,0.0037331,-0.021402,0.061924,-0.023122
3.0956e-08,-3.1973e-06,0.00013363,-0.0029067,0.035263,-0.23718,0.81856,-1.1158
-8.6864e-09,8.8826e-07,-3.6101e-05,0.00073785,-0.0079094,0.042439,-0.10281,0.21129
-1.494e-10,5.4754e-09,2.6294e-07,-1.758e-05,0.0003593,-0.0033735,0.015976,0.017267
3.695e-08,-3.7888e-06,0.0001567,-0.0033549,0.039692,-0.25622,0.82371,-0.88168
2.3787e-07,-1.6541e-05,0.00045758,-0.0066121,0.054349,-0.25582,0.64257,-0.66522
-7.4379e-09,8.265e-07,-3.7285e-05,0.00087269,-0.011221,0.077017,-0.24888,0.35033
8.179e-09,-9.2551e-07,4.1798e-05,-0.00095783,0.01169,-0.072651,0.1969,-0.057101
0.0011453,-0.033862,0.41747,-2.773,10.685,-23.83,28.47,-14.069
-1.8529e-08,1.855e-06,-7.3437e-05,0.0014694,-0.015754,0.087602,-0.22054,0.26056
-1.488e-08,1.0562e-06,-2.8734e-05,0.00038275,-0.002582,0.0061598,0.013373,-0.0011116
-3.7874e-09,3.6278e-07,-1.3511e-05,0.00024146,-0.0019616,0.003315,0.032273,0.00073783
1.6229e-09,-1.2935e-07,3.6806e-06,-4.424e-05,0.00022433,-0.0012688,0.01383,0.061534
-5.5291e-09,5.5633e-07,-2.184e-05,0.00041564,-0.0037884,0.012162,0.020659,-0.0026356
-1.4762e-08,1.7477e-06,-8.5864e-05,0.0022672,-0.034772,0.31034,-1.4938,2.9968
-0.36696,5.3604,-32.604,106.8,-203.05,223.69,-132.02,32.192
1.921e-08,-1.5786e-06,4.8768e-05,-0.00070004,0.0046712,-0.013117,0.020886,-0.0046318
3.1949e-05,-0.0018233,0.04392,-0.57805,4.4831,-20.462,50.854,-53.044
3.6109e-09,-3.5906e-07,1.4073e-05,-0.00027524,0.0027995,-0.013958,0.02769,0.035992
2.4318e-08,-2.8047e-06,0.00013281,-0.0033349,0.047836,-0.39184,1.703,-2.9337
3.8193e-10,-4.2178e-08,1.8816e-06,-4.3421e-05,0.00055035,-0.0037399,0.012257,-0.014814
-1.2543e-09,-7.292e-08,1.2096e-05,-0.00046075,0.0076492,-0.058885,0.19289,-0.036008
-2.7574e-08,2.2926e-06,-7.6102e-05,0.0012982,-0.012246,0.064039,-0.17237,0.25306
-4.6495e-09,4.6691e-07,-1.8412e-05,0.00035782,-0.003504,0.015546,-0.020993,0.10671
4.1868e-09,-3.6964e-07,1.2892e-05,-0.00022588,0.0020834,-0.009771,0.021607,-0.001411
-4.7695e-09,5.6749e-07,-2.6577e-05,0.0006243,-0.007688,0.046606,-0.11323,0.09137
2.2516e-08,-2.3206e-06,9.7052e-05,-0.0021204,0.02595,-0.17646,0.61288,-0.82149
-2.4844e-09,3.4595e-07,-1.7747e-05,0.0004338,-0.0052858,0.028958,-0.037253,0.042483
2.1686e-08,-2.216e-06,9.0015e-05,-0.0018537,0.020486,-0.11887,0.33143,-0.22177
3.3203e-09,-3.4078e-07,1.3836e-05,-0.00028262,0.0030552,-0.016853,0.042646,0.013555
-3.7804e-10,3.0453e-08,-8.5333e-07,8.3212e-06,2.7917e-05,-0.00089372,0.0031053,0.0069427
1.1085e-08,-1.1163e-06,4.5171e-05,-0.00094347,0.010887,-0.069149,0.22801,-0.15855
7.0099e-09,-8.5414e-07,4.121e-05,-0.001006,0.01313,-0.088687,0.27521,-0.19146
4.893e-09,-5.097e-07,2.0944e-05,-0.00043078,0.004629,-0.024291,0.048732,0.075369
-2.6276e-10,3.0586e-08,-1.4322e-06,3.4346e-05,-0.00044311,0.0029353,-0.0085456,0.0085142
-2.8315e-09,3.2389e-07,-1.4919e-05,0.00035086,-0.004392,0.027467,-0.069807,0.11096
1.5764e-08,-1.8485e-06,8.9018e-05,-0.0022621,0.032376,-0.25696,1.0255,-1.4386
5.4266e-10,-6.4537e-08,2.9037e-06,-6.5443e-05,0.00084154,-0.0068207,0.034415,0.022717
8.1453e-10,-1.2492e-07,7.7103e-06,-0.00025124,0.0046792,-0.049484,0.26904,-0.47437
-4.8613e-09,5.2806e-07,-2.3483e-05,0.00055005,-0.0072543,0.053162,-0.19778,0.41481
-1.0901e-09,1.3693e-07,-7.0232e-06,0.00018713,-0.0027352,0.02132,-0.078797,0.14373
2.9927e-09,-3.1037e-07,1.29e-05,-0.00027509,0.0031986,-0.019903,0.060941,0.0073037
1.1178e-09,-1.2662e-07,5.7728e-06,-0.00013526,0.0017186,-0.011392,0.034259,-0.03323
1.5126e-09,-1.5851e-07,6.6396e-06,-0.00014565,0.0018484,-0.013512,0.045986,0.044486
-8.8115e-09,8.9887e-07,-3.6034e-05,0.00071933,-0.0074721,0.038376,-0.082073,0.072766
-1.2644e-07,1.9079e-05,-0.0012159,0.042404,-0.87353,10.624,-70.604,197.7
-1.6248e-10,8.0934e-08,-6.4282e-06,0.00018926,-0.0020608,0.0021361,0.039111,0.003551
-3.7795e-09,4.32e-07,-2.0055e-05,0.00048474,-0.0064992,0.047599,-0.17311,0.26136
-3.1982e-09,3.1753e-07,-1.2328e-05,0.00023482,-0.0022417,0.0095951,-0.011477,0.03707
1.0048e-08,-1.0159e-06,4.1596e-05,-0.00088413,0.010359,-0.065086,0.19309,-0.080189
-2.9787e-08,2.8083e-06,-0.00010406,0.0019086,-0.017786,0.075652,-0.097303,0.069092
7.82e-09,-9.7885e-07,4.8357e-05,-0.0012107,0.016529,-0.12413,0.47474,-0.65933
1.3127e-08,-1.5944e-06,8.0643e-05,-0.002202,0.035114,-0.32799,1.6658,-3.5467
-5.3084e-09,6.9572e-07,-3.6479e-05,0.00098316,-0.014505,0.11439,-0.42698,0.58921
-1.661e-08,1.7444e-06,-7.3341e-05,0.0015722,-0.018087,0.10744,-0.28693,0.33647
-1.5618e-09,1.5689e-07,-6.035e-06,0.00010688,-0.00073994,-0.0011316,0.02887,0.0090765
-2.4606e-10,-5.618e-08,6.5773e-06,-0.00025267,0.0045135,-0.038399,0.1287,-0.02943
-1.3798e-08,1.6034e-06,-7.6241e-05,0.001904,-0.026636,0.20562,-0.79994,1.3089
-5.0451e-08,3.7526e-06,-0.00011106,0.0016653,-0.013345,0.055215,-0.10128,0.061003
3.8243e-09,-4.3964e-07,2.0052e-05,-0.00046086,0.0055909,-0.034196,0.091104,-0.01257
-2.9076e-10,-3.8468e-08,4.907e-06,-0.0001859,0.0032251,-0.02698,0.098553,-0.023476
-4.0884e-10,2.7082e-08,-2.1571e-07,-2.2887e-05,0.00071838,-0.0084123,0.040323,0.040467
-2.7781e-10,7.8689e-08,-7.104e-06,0.00030234,-0.0068634,0.085,-0.53939,1.4376
-2.8217e-09,2.9152e-07,-1.1955e-05,0.00024772,-0.0027399,0.015828,-0.042424,0.088896
-9.4292e-09,7.9058e-07,-2.6919e-05,0.00048398,-0.0049627,0.028105,-0.068481,0.12263
2.6323e-09,-3.5405e-07,1.9056e-05,-0.00053336,0.0084116,-0.075172,0.35538,-0.63868
-2.9163e-09,3.5559e-07,-1.8312e-05,0.00051459,-0.0084626,0.080209,-0.39151,0.72928
-6.9578e-09,7.1748e-07,-3.0165e-05,0.00066105,-0.0079861,0.051515,-0.15668,0.22517
2.0615e-08,-1.5694e-06,4.4768e-05,-0.0005826,0.0033445,-0.0071267,0.0052918,-0.00040695
-2.5513e-09,2.6067e-07,-1.0759e-05,0.0002284,-0.0025948,0.014348,-0.02413,0.038098
-3.0708e-07,4.1732e-05,-0.0023858,0.074325,-1.3622,14.683,-86.198,212.76
3.0256e-09,-2.9745e-07,1.1698e-05,-0.0002341,0.0024856,-0.012861,0.023752,0.010692
-5.2524e-06,0.00090018,-0.065781,2.6566,-64.026,920.78,-7315.7,24770
6.7461e-08,-5.3375e-06,0.00018608,-0.0037375,0.04638,-0.34769,1.4141,-2.2738
-1.4944e-08,1.5449e-06,-6.4277e-05,0.0013767,-0.016088,0.099795,-0.29338,0.3715
1.4867e-09,-1.6759e-07,7.4305e-06,-0.00016345,0.0018213,-0.0089323,0.009289,0.082587
1.3148e-08,-1.4845e-06,6.7121e-05,-0.0015516,0.0194,-0.12755,0.39243,-0.24463
4.4908e-09,-4.8965e-07,2.1251e-05,-0.00046971,0.0056268,-0.03594,0.11077,-0.061934
-4.1103e-08,3.7219e-06,-0.00013231,0.0023395,-0.021356,0.093434,-0.15494,0.11995
-4.1778e-09,4.5959e-07,-2.0451e-05,0.00047093,-0.0059404,0.039711,-0.12335,0.21232
5.3671e-09,-5.1391e-07,1.8778e-05,-0.0003194,0.002329,-0.0020954,-0.044414,0.18871
6.5192e-06,-0.00026895,0.0046285,-0.042926,0.23077,-0.71584,1.1813,-0.79791
-1.0809e-08,1.0762e-06,-3.9928e-05,0.00063932,-0.0029435,-0.025682,0.23917,-0.43907
6.6007e-10,-1.0435e-07,5.7643e-06,-0.00014976,0.0019822,-0.013395,0.043824,-0.00056406
1.4984e-05,-0.00051224,0.0069314,-0.047297,0.17199,-0.32492,0.28708,-0.041605
-6.0778e-09,6.7812e-07,-3.0374e-05,0.00069802,-0.0086975,0.05686,-0.1715,0.26348
-1.8342e-09,1.4535e-07,-3.7602e-06,1.8255e-05,0.00075652,-0.013344,0.077735,-0.037708
9.4528e-08,-1.2176e-05,0.00065414,-0.018965,0.31994,-3.1366,16.536,-36.086
9.8296e-10,-8.9667e-08,3.1913e-06,-5.8747e-05,0.00067378,-0.0056688,0.029583,-0.00064762
-1.5761e-09,8.0083e-08,2.1346e-07,-7.6979e-05,0.0015813,-0.011794,0.029518,0.092354
2.8458e-08,-2.5612e-06,9.1705e-05,-0.0016667,0.016254,-0.082543,0.19458,-0.051864
5.6306e-09,-5.9496e-07,2.5028e-05,-0.00053578,0.0061919,-0.037913,0.1155,-0.047565
-9.3492e-10,1.9728e-08,3.1105e-06,-0.00016553,0.003188,-0.026961,0.091308,-0.010122
-8.754e-10,1.2209e-07,-6.6673e-06,0.00018187,-0.0026133,0.019179,-0.06503,0.16548
9.1462e-11,-1.0784e-08,7.1136e-07,-2.6927e-05,0.00054494,-0.0057141,0.029906,0.070935
-1.6413e-09,1.1653e-07,-1.9606e-06,-3.9475e-05,0.0017272,-0.021054,0.096522,-0.0018037
-2.4415e-08,2.9052e-06,-0.00014199,0.0036697,-0.053736,0.44198,-1.8768,3.255
-1.9121e-09,1.99e-07,-8.4429e-06,0.00018812,-0.0023673,0.016861,-0.063538,0.19306
-1.3177e-09,1.111e-07,-3.4549e-06,4.7967e-05,-0.00028546,0.00061806,-0.00041678,0.081791
5.8178e-09,-5.9819e-07,2.4008e-05,-0.00047187,0.0046404,-0.020608,0.031938,0.025688
-2.4594e-09,2.102e-07,-6.5533e-06,8.3941e-05,-0.00021572,-0.0030933,0.0074715,0.17935
-2.2805e-09,2.1758e-07,-8.3906e-06,0.00016708,-0.0018022,0.010112,-0.02642,0.16177
-1.3225e-09,1.0744e-07,-2.9611e-06,2.3002e-05,0.00032669,-0.006615,0.034144,0.02356
-4.9023e-09,4.5786e-07,-1.6375e-05,0.00027771,-0.0022033,0.0061812,0.0065011,0.086441
-1.0757e-09,1.2984e-07,-6.5403e-06,0.000175,-0.002635,0.021938,-0.092091,0.23038
3.4339e-08,-3.4468e-06,0.00013938,-0.0028909,0.032255,-0.18351,0.43973,-0.2263
-2.946e-09,3.1174e-07,-1.3287e-05,0.0002906,-0.0034387,0.021203,-0.057019,0.064672
-5.9845e-09,6.478e-07,-2.8231e-05,0.00063366,-0.0077833,0.051191,-0.16122,0.2608
6.3537e-06,-0.00027277,0.004756,-0.043274,0.21916,-0.60688,0.83453,-0.38691
3.8767e-11,-3.7022e-09,1.3688e-07,-2.4594e-06,2.2368e-05,-0.0001028,0.00024621,0.00011623
3.2559e-09,-4.0258e-07,1.9317e-05,-0.00046411,0.0059513,-0.039595,0.11865,-0.082734
-3.6382e-09,3.836e-07,-1.6354e-05,0.00036101,-0.0043889,0.028901,-0.094368,0.11888
-1.0471e-08,1.0835e-06,-4.4467e-05,0.00091705,-0.0098855,0.052091,-0.11244,0.1893
3.03e-08,-3.4563e-06,0.00016302,-0.004116,0.060091,-0.50806,2.3086,-4.3581
5.5621e-10,-9.551e-08,5.7371e-06,-0.0001625,0.0023367,-0.016742,0.054965,0.0042044
4.4046e-09,-4.1701e-07,1.6078e-05,-0.00032527,0.0036772,-0.02275,0.073493,-0.018628
-1.2128e-09,6.689e-08,1.4054e-07,-7.6419e-05,0.0018626,-0.018056,0.073766,-0.033881
2.5423e-09,-3.0405e-07,1.4389e-05,-0.00034449,0.004431,-0.030055,0.098894,-0.06496
8.3461e-09,-7.8952e-07,2.9371e-05,-0.00054469,0.0052545,-0.024874,0.049542,0.040648
-9.9687e-10,1.1977e-07,-5.7463e-06,0.00013741,-0.0016618,0.0091281,-0.017931,0.067084
-3.1084e-09,3.2559e-07,-1.3375e-05,0.00026619,-0.0024909,0.0074048,0.019408,0.037735
-4.1002e-09,4.3189e-07,-1.8217e-05,0.00039284,-0.0045931,0.028646,-0.087929,0.17263
-2.722e-09,2.7856e-07,-1.1197e-05,0.00022017,-0.0021045,0.0075912,0.0054609,0.027263
-2.9591e-09,2.8967e-07,-1.113e-05,0.00020716,-0.001788,0.0041274,0.022703,0.026384
-8.4169e-10,1.1397e-07,-6.1315e-06,0.0001686,-0.0025147,0.019495,-0.064888,0.11519
-1.4315e-08,1.2527e-06,-4.5476e-05,0.00090185,-0.010809,0.079969,-0.33819,0.61689
-2.5967e-09,2.5414e-07,-9.6628e-06,0.00017355,-0.0013202,0.00023547,0.037261,0.030797
1.127e-08,-1.3185e-06,6.2835e-05,-0.0015641,0.021654,-0.16385,0.61678,-0.79097
3.7955e-09,-4.1003e-07,1.7639e-05,-0.00038497,0.0044838,-0.026574,0.066623,0.082324
2.5675e-09,1.5411e-07,-2.163e-05,0.0007448,-0.011454,0.084549,-0.27997,0.33903
1.8433e-10,-9.2219e-08,8.027e-06,-0.00029707,0.0055613,-0.054109,0.25696,-0.3923
-1.1727e-05,0.0011046,-0.04261,0.87495,-10.386,71.665,-267.43,418.01
4.6184e-08,-3.7505e-06,0.00012305,-0.0020768,0.01892,-0.088758,0.18683,-0.078357
1.9776e-08,-2.9104e-06,0.00017985,-0.0060396,0.1188,-1.3663,8.4926,-21.977
-2.2482e-09,7.0294e-08,6.4849e-06,-0.00042504,0.0098352,-0.10669,0.52958,-0.87408
-1.7325e-10,1.8515e-08,-8.3614e-07,2.0679e-05,-0.00030242,0.0026145,-0.012368,0.024686
-2.9006e-09,3.1148e-07,-1.3404e-05,0.0002907,-0.0032678,0.017636,-0.038787,0.095404
2.6758e-07,-1.6463e-05,0.00039903,-0.0048306,0.030662,-0.099604,0.16004,-0.049838
6.7355e-09,-6.124e-07,2.0232e-05,-0.00027795,0.00095046,0.0098012,-0.062732,0.096759
-3.1732e-09,3.4084e-07,-1.4482e-05,0.00030387,-0.0031777,0.013993,-0.0047606,0.066986
-5.4772e-09,6.0683e-07,-2.7247e-05,0.00063274,-0.0080615,0.055468,-0.18609,0.30246
5.4105e-07,-6.0353e-05,0.0027699,-0.067478,0.93852,-7.4342,31.025,-52.697
-4.1198e-10,4.0623e-09,1.3468e-06,-5.907e-05,0.0010276,-0.0087339,0.037103,-0.050823
9.1672e-09,-1.1006e-06,5.4293e-05,-0.0014251,0.021491,-0.18554,0.83374,-1.3633
-6.6954e-11,-1.9636e-08,1.9659e-06,-7.2062e-05,0.0013663,-0.014155,0.071092,-0.022857
-1.428e-08,1.7083e-06,-8.2631e-05,0.002063,-0.028066,0.20091,-0.66733,0.81977
2.1404e-09,-2.6878e-07,1.3632e-05,-0.00036163,0.0053935,-0.044784,0.18828,-0.20059
5.3784e-09,-5.8366e-07,2.5776e-05,-0.00060019,0.0079674,-0.060214,0.23696,-0.29737
-4.6627e-09,3.9694e-07,-1.308e-05,0.00021198,-0.001802,0.0080331,-0.015304,0.020933
1.3845e-08,-1.4165e-06,5.9177e-05,-0.0012965,0.015895,-0.1073,0.36053,-0.35783
6.2976e-09,-7.0518e-07,3.2027e-05,-0.00075908,0.010055,-0.073658,0.27213,-0.32585
-1.7358e-09,2.2342e-07,-1.1473e-05,0.00030078,-0.0042765,0.032301,-0.11675,0.16377
-2.2357e-09,3.0023e-07,-1.6386e-05,0.00046754,-0.0074333,0.064514,-0.27503,0.47159
-7.2333e-09,4.0389e-07,-6.9974e-06,4.4195e-06,0.0011203,-0.011559,0.039168,0.024036
-4.9365e-09,4.943e-07,-1.9761e-05,0.00040347,-0.0044604,0.025884,-0.067649,0.12406
5.7966e-09,-6.1719e-07,2.6465e-05,-0.0005854,0.0071122,-0.046926,0.15751,-0.12192
-3.7571e-09,4.2402e-07,-1.9426e-05,0.00046313,-0.0061286,0.044626,-0.16733,0.26961
-6.3565e-09,6.3918e-07,-2.551e-05,0.0005107,-0.005312,0.026627,-0.05149,0.15768
1.058e-08,-1.1213e-06,4.8379e-05,-0.0010942,0.013867,-0.096596,0.32834,-0.32947
1.7241e-08,-1.9512e-06,9.0199e-05,-0.0021815,0.029322,-0.21427,0.76927,-1.0488
6.7512e-09,-7.7873e-07,3.6498e-05,-0.00089022,0.012002,-0.087326,0.30725,-0.39487
5.9145e-08,-6.2986e-06,0.00027945,-0.0066797,0.092686,-0.74486,3.2026,-5.6355
-2.2309e-08,2.7941e-06,-0.00014335,0.0038795,-0.059347,0.50831,-2.2313,3.9152
8.8394e-09,-2.4572e-07,-9.2734e-06,0.00044355,-0.0061078,0.03297,-0.055306,0.029565
1.6595e-08,-1.7793e-06,7.5143e-05,-0.0015753,0.016974,-0.089169,0.21416,-0.12163
-4.9352e-09,-3.4137e-07,4.261e-05,-0.0013858,0.020137,-0.13712,0.37038,-0.068895
-5.9947e-09,6.0185e-07,-2.3794e-05,0.00046486,-0.0045306,0.017792,0.010766,-0.10538
-4.8913e-09,5.4414e-07,-2.5268e-05,0.00063137,-0.0090728,0.073659,-0.30386,0.51122
2.8289e-09,-3.0477e-07,1.3066e-05,-0.00028317,0.0032421,-0.018502,0.044055,-0.002662
-1.4674e-07,1.0489e-05,-0.00030498,0.0046331,-0.039264,0.18247,-0.41621,0.36093
1.0952e-08,-1.2025e-06,5.2875e-05,-0.0011906,0.014552,-0.093683,0.27672,-0.12463
1.6717e-09,-1.8246e-07,8.255e-06,-0.00019639,0.0025327,-0.016022,0.034559,0.069188
5.2765e-10,-1.2e-07,8.2193e-06,-0.00025281,0.0037886,-0.025593,0.055473,0.052774
2.3165e-08,-2.0275e-06,6.91e-05,-0.0011549,0.0097705,-0.038703,0.056027,0.11954
1.2283e-10,-2.4864e-08,1.5726e-06,-4.6471e-05,0.00072287,-0.0059419,0.022225,0.017141
2.3117e-09,-2.259e-07,8.9672e-06,-0.00018608,0.0021624,-0.013962,0.046189,-0.058705
5.7498e-10,-5.5152e-08,1.9066e-06,-2.6043e-05,3.3526e-05,0.0020677,-0.013849,0.056393
1.8989e-09,-1.8276e-07,6.888e-06,-0.00012969,0.0012826,-0.0062808,0.013006,0.065642
2.6939e-09,-2.994e-07,1.3184e-05,-0.00029214,0.0034135,-0.020107,0.053005,-0.035573
2.2965e-09,-2.3747e-07,9.6701e-06,-0.00019709,0.0021153,-0.011528,0.028376,0.0080844
-3.4132e-09,4.0883e-07,-2.0481e-05,0.00055715,-0.0088958,0.083262,-0.42073,0.88076
-4.4375e-09,4.434e-07,-1.8758e-05,0.00042937,-0.0056019,0.040182,-0.13914,0.20555
1.6117e-09,-1.6684e-07,6.8735e-06,-0.00014387,0.0016192,-0.0093065,0.019296,0.091594
-7.315e-09,7.7314e-07,-3.2934e-05,0.00072343,-0.008694,0.0557,-0.16911,0.21429
-1.1455e-08,1.247e-06,-5.6208e-05,0.0013563,-0.018853,0.15001,-0.62449,1.0802
7.5811e-10,-8.6225e-08,3.9406e-06,-9.2341e-05,0.0011723,-0.0078117,0.024041,-0.022649
-1.9976e-08,1.9786e-06,-7.7695e-05,0.0015336,-0.015885,0.081516,-0.16988,0.16159
-4.0162e-10,3.4288e-08,-1.2334e-06,2.6664e-05,-0.00039929,0.0038323,-0.018126,0.12178
-6.6482e-09,7.9128e-07,-3.9108e-05,0.0010356,-0.015788,0.1379,-0.63719,1.2029
6.9247e-07,-4.9234e-05,0.0014165,-0.021061,0.17087,-0.72965,1.444,-1.0077
1.8425e-08,-2.137e-06,0.00010175,-0.0025612,0.036481,-0.2899,1.1593,-1.6883
6.4445e-09,-8.0948e-07,4.1538e-05,-0.0011215,0.017056,-0.14444,0.62329,-1.018
-4.4153e-10,5.3742e-08,-2.5966e-06,6.1426e-05,-0.00070626,0.0031893,0.0001826,0.01225
-5.836e-09,5.4584e-07,-1.9699e-05,0.00034154,-0.0028411,0.0091215,0.0011739,0.046633
-3.0933e-09,3.1931e-07,-1.3129e-05,0.00027312,-0.0030178,0.017021,-0.042647,0.07461
-2.5032e-07,3.297e-05,-0.0018496,0.057201,-1.0511,11.448,-68.237,171.31
-1.2235e-08,1.1514e-06,-4.5541e-05,0.00099359,-0.013058,0.10337,-0.44717,0.85548
7.8945e-08,-9.9915e-06,0.00051859,-0.01418,0.2178,-1.8461,7.8253,-12.801
-1.0749e-08,1.1364e-06,-4.7216e-05,0.0009787,-0.010662,0.059441,-0.15103,0.15406
-4.0734e-09,4.8098e-07,-2.2419e-05,0.00051867,-0.0061132,0.033507,-0.067677,0.091686
-1.454e-09,1.9081e-07,-1.0427e-05,0.00030686,-0.005238,0.051665,-0.2712,0.58252
-6.0486e-09,6.1329e-07,-2.5014e-05,0.00052161,-0.0058138,0.032524,-0.070593,0.12164
-1.1578e-08,1.5407e-06,-8.256e-05,0.0022904,-0.035095,0.29176,-1.1904,1.8609
-1.4185e-09,1.1462e-07,-3.1897e-06,2.5058e-05,0.00041397,-0.0094276,0.06408,-0.028673
-7.8058e-09,7.4519e-07,-2.8824e-05,0.00058344,-0.0066577,0.042759,-0.14261,0.28526
-1.1253e-07,7.6561e-06,-0.00020836,0.0028727,-0.020803,0.07312,-0.097005,0.092026
5.0336e-12,-1.6326e-08,1.2972e-06,-3.7083e-05,0.00044773,-0.0021474,0.0035011,0.082674
-2.2507e-09,2.5679e-07,-1.165e-05,0.00026547,-0.0031534,0.018177,-0.039812,0.047508
1.1916e-08,-1.2876e-06,5.6719e-05,-0.0013068,0.016788,-0.11818,0.40939,-0.40407
2.0642e-08,-1.6147e-06,5.0829e-05,-0.00082903,0.0075046,-0.03696,0.086078,-0.016767
-1.4386e-08,1.6308e-06,-7.5975e-05,0.001874,-0.02623,0.20649,-0.83991,1.4291
-7.8931e-10,6.7177e-08,-2.2214e-06,3.7529e-05,-0.00037424,0.0024492,-0.0099245,0.089568
4.1826e-09,-4.5633e-07,1.9958e-05,-0.00044702,0.005437,-0.03515,0.10951,-0.11807
-1.6666e-10,5.0508e-08,-3.8599e-06,0.00012728,-0.0020277,0.015035,-0.04243,0.092089
-1.8359e-09,2.1991e-07,-1.0111e-05,0.00022309,-0.0023818,0.010353,-0.0056518,0.053025
3.8955e-09,-5.3057e-07,2.7849e-05,-0.00073619,0.01052,-0.079263,0.27277,-0.19199
-1.3868e-09,1.4869e-07,-6.3254e-06,0.00013553,-0.0015272,0.0084302,-0.016689,0.027687
1.7701e-08,-1.9e-06,7.9183e-05,-0.0015933,0.015516,-0.063899,0.099873,-0.0016839
3.95e-08,-3.0178e-06,9.1942e-05,-0.0014294,0.012093,-0.055313,0.12788,-0.026013
-2.149e-09,1.8125e-07,-5.5289e-06,7.1307e-05,-0.00030214,-0.00058577,0.0040378,0.034113
4.9628e-09,-5.3073e-07,2.2361e-05,-0.00047017,0.0051375,-0.027523,0.063502,0.011953
-2.2892e-09,2.7351e-07,-1.3443e-05,0.00034854,-0.0050714,0.040436,-0.1565,0.25111
-1.0225e-08,1.0301e-06,-4.1595e-05,0.00085745,-0.0094764,0.053339,-0.12592,0.15112
3.4184e-10,-2.8914e-08,1.1396e-06,-3.1142e-05,0.00059384,-0.0064047,0.02996,0.048837
1.0126e-07,-6.4251e-06,0.00016308,-0.0021313,0.01536,-0.060104,0.11278,-0.028762
9.5041e-07,-0.00011315,0.0057447,-0.16126,2.703,-27.058,149.81,-353.95
3.0808e-09,-3.8461e-07,1.9561e-05,-0.00052158,0.0078148,-0.065353,0.28051,-0.45075
3.3862e-10,-4.239e-08,2.0724e-06,-4.9609e-05,0.00058694,-0.0028274,9.5406e-05,0.043111
8.7271e-09,-1.047e-06,5.0682e-05,-0.0012735,0.017763,-0.13595,0.52258,-0.69199
-7.1796e-07,4.6308e-05,-0.001228,0.017257,-0.13793,0.62283,-1.4597,1.3882
-1.4283e-08,1.3791e-06,-5.2074e-05,0.00096573,-0.0089689,0.036455,-0.032841,0.098823
7.2334e-10,-4.9051e-08,2.4777e-07,6.2187e-05,-0.0022057,0.032528,-0.22411,0.58853
-1.6547e-09,1.5122e-07,-5.1628e-06,7.3551e-05,-0.00014956,-0.0065946,0.058184,-0.037884
4.4723e-09,-5.0545e-07,2.3172e-05,-0.0005549,0.0074454,-0.055635,0.21152,-0.20559
3.316e-08,-2.9705e-06,0.00010603,-0.0019142,0.01828,-0.087712,0.18224,-0.051921
-1.1979e-09,1.2548e-07,-5.297e-06,0.00011491,-0.0013385,0.0077389,-0.016038,0.045631
3.5074e-09,-3.9781e-07,1.8164e-05,-0.00042763,0.0055138,-0.037961,0.12368,-0.063468
-8.7449e-09,1.3042e-06,-6.697e-05,0.0016616,-0.022054,0.15742,-0.55555,0.7954
5.1312e-10,-5.8857e-08,2.7245e-06,-6.5304e-05,0.00086955,-0.0064615,0.024798,-0.0013748
-6.0096e-09,6.0292e-07,-2.3762e-05,0.00046547,-0.004737,0.024213,-0.058826,0.092382
-1.0845e-09,1.1653e-07,-4.7822e-06,9.4161e-05,-0.00093174,0.0049539,-0.022256,0.14803
-8.3724e-10,5.1476e-08,-1.7675e-09,-6.6338e-05,0.0018988,-0.022228,0.11671,-0.19316
-3.8007e-09,4.0687e-07,-1.7212e-05,0.00036331,-0.0039582,0.020476,-0.037484,0.056027
-1.8458e-10,1.7795e-08,-6.7069e-07,9.8053e-06,3.6083e-05,-0.002422,0.020472,-0.01569
1.057e-08,-1.1222e-06,4.8745e-05,-0.0011145,0.014327,-0.10196,0.3665,-0.4559
3.1079e-09,-3.8302e-07,1.8767e-05,-0.00046218,0.005958,-0.038448,0.11475,-0.12199
-4.4545e-09,5.1874e-07,-2.4736e-05,0.00062062,-0.0087389,0.067759,-0.26052,0.41381
-3.7451e-08,5.0297e-06,-0.0002826,0.008585,-0.1518,1.557,-8.557,19.458
1.3042e-08,-1.1546e-06,4.2438e-05,-0.0008628,0.010821,-0.084212,0.3594,-0.5801
-3.4777e-09,3.2678e-07,-1.2169e-05,0.00022746,-0.0022057,0.0097975,-0.0065973,0.024485
1.6082e-10,-9.0909e-08,6.4089e-06,-0.00018383,0.0026168,-0.019231,0.065146,0.010343
-9.3957e-09,9.2968e-07,-3.6628e-05,0.00073233,-0.0078503,0.044059,-0.12137,0.1823
4.5952e-09,-5.2476e-07,2.4137e-05,-0.00057262,0.0074256,-0.051224,0.16964,-0.13732
-7.7419e-09,7.7135e-07,-3.0481e-05,0.00060568,-0.0062984,0.031754,-0.056306,0.05992
-1.9978e-09,2.2809e-07,-1.017e-05,0.00022358,-0.0025097,0.013331,-0.026349,0.073219
-2.7928e-08,3.3579e-06,-0.00016577,0.0043299,-0.064159,0.53469,-2.299,3.9424
-2.34e-12,-6.2695e-08,6.6087e-06,-0.00027248,0.0055398,-0.057144,0.27164,-0.405
8.9051e-11,-9.6399e-09,4.4133e-07,-1.0592e-05,0.00012799,-0.00060497,0.00090889,0.033029
2.491e-09,-2.5025e-07,9.9086e-06,-0.0001932,0.0018401,-0.0062434,-0.013335,0.118
-4.4626e-09,4.621e-07,-1.8241e-05,0.00034125,-0.003105,0.013451,-0.024113,0.020998
-1.1222e-08,9.8158e-07,-3.2883e-05,0.00052544,-0.0040218,0.012006,0.0059835,0.02565
1.3705e-08,-1.4914e-06,6.5035e-05,-0.0014471,0.017315,-0.10817,0.32245,-0.27375
5.0421e-09,-6.5178e-07,3.2847e-05,-0.00083726,0.011605,-0.086848,0.32566,-0.39575
-1.049e-08,9.4258e-07,-3.3022e-05,0.00056925,-0.004986,0.019746,-0.011845,-0.0043185
-6.0548e-09,6.0638e-07,-2.4156e-05,0.00048816,-0.0052999,0.030266,-0.082939,0.12448
-1.5634e-07,1.9077e-05,-0.00096966,0.02656,-0.42268,3.9034,-19.363,39.918
4.6058e-09,-4.8394e-07,2.0169e-05,-0.00042344,0.0046812,-0.025554,0.0525,0.026384
-5.5544e-09,5.4677e-07,-2.1053e-05,0.00040216,-0.0040131,0.020417,-0.046246,0.12301
-1.8862e-09,1.5775e-07,-5.0161e-06,7.5227e-05,-0.00050994,0.00079094,0.0057748,0.0055067
2.1141e-09,-1.984e-07,7.2026e-06,-0.00012662,0.0010905,-0.0039995,0.004952,0.098469
1.4351e-09,-1.9147e-07,1.0228e-05,-0.00028238,0.004316,-0.035949,0.14579,-0.16037
-4.9607e-10,2.2684e-08,4.6388e-07,-4.4729e-05,0.00097817,-0.0091809,0.037688,-0.024362
1.4368e-09,-2.2687e-07,1.2952e-05,-0.00035534,0.0050063,-0.034738,0.10269,-0.023418
3.3217e-08,-3.5556e-06,0.00015195,-0.0033151,0.039309,-0.25014,0.77917,-0.81738
-5.1399e-09,5.8664e-07,-2.7232e-05,0.00065594,-0.0086434,0.059839,-0.18598,0.23157
6.7234e-09,-7.6093e-07,3.4223e-05,-0.00077742,0.009386,-0.058406,0.16996,-0.13825
1.0772e-08,-1.1444e-06,4.7273e-05,-0.00096028,0.010104,-0.054601,0.13892,-0.072844
-6.047e-09,5.7498e-07,-2.0944e-05,0.00035887,-0.0027512,0.0052784,0.025146,0.014384
4.9484e-10,-2.9162e-07,2.859e-05,-0.0012141,0.026898,-0.32206,1.9545,-4.5477
3.8134e-09,-4.2082e-07,1.8507e-05,-0.00041226,0.0048746,-0.029204,0.077264,-0.041627
-7.4535e-09,7.3951e-07,-2.8696e-05,0.00054492,-0.0050877,0.018704,0.012707,-0.118
7.6116e-07,-0.00012022,0.0080079,-0.29102,6.2162,-77.829,527.41,-1489.5
-8.4788e-09,8.3091e-07,-3.1588e-05,0.00058454,-0.0054146,0.023355,-0.038986,0.057558
-8.9809e-09,1.1232e-06,-5.6567e-05,0.0014663,-0.020783,0.15858,-0.59877,0.91775
-2.4979e-09,3.2192e-07,-1.7189e-05,0.00048619,-0.007725,0.067204,-0.28496,0.4732
-2.2186e-09,2.1689e-07,-8.2586e-06,0.00015312,-0.0013933,0.005164,-0.00058561,0.024014
4.5349e-09,-4.6044e-07,1.8636e-05,-0.00038566,0.0043583,-0.02652,0.078084,-0.0062831
7.1772e-08,-8.3098e-06,0.00039578,-0.0099989,0.14386,-1.171,4.9598,-8.3342
1.5602e-09,-2.0429e-07,1.0458e-05,-0.00026887,0.0036849,-0.026249,0.08783,-0.051182
-1.9804e-09,2.5335e-07,-1.3192e-05,0.00035902,-0.0054516,0.045428,-0.18721,0.32812
2.3731e-09,-2.3172e-07,8.9263e-06,-0.0001725,0.0017568,-0.0090239,0.020455,-0.013111
-5.6421e-09,6.3108e-07,-2.8435e-05,0.00066297,-0.0085417,0.059786,-0.2057,0.29502
1.4368e-08,-1.4557e-06,5.9409e-05,-0.0012562,0.014729,-0.094123,0.28936,-0.23315
-2.7446e-08,3.3806e-06,-0.00017197,0.0046735,-0.073212,0.66182,-3.2038,6.4665
-5.9213e-09,5.8363e-07,-2.2468e-05,0.00042185,-0.0038632,0.013744,0.003897,0.043158
8.0233e-08,-6.1695e-06,0.00018988,-0.0029973,0.025953,-0.12293,0.29516,-0.2414
1.9426e-09,-2.1772e-07,9.3539e-06,-0.00019199,0.0019069,-0.0083439,0.015211,-0.0030884
5.1104e-10,-5.3001e-08,2.3328e-06,-5.7176e-05,0.0008308,-0.0068083,0.027073,-0.012654
6.0575e-10,-6.2014e-08,2.6746e-06,-6.9025e-05,0.0012034,-0.012686,0.061396,-0.046644
1.0363e-08,-1.1494e-06,5.1374e-05,-0.0011809,0.014704,-0.094637,0.26159,-0.15384
2.4762e-09,-2.7534e-07,1.2412e-05,-0.00029102,0.0037703,-0.026238,0.086596,-0.080325
-3.4883e-09,3.7696e-07,-1.6446e-05,0.00037041,-0.004556,0.029542,-0.087742,0.12744
6.6609e-11,-5.414e-09,1.5394e-07,-1.6525e-06,6.7915e-07,9.4788e-05,-0.00047396,0.0006652
-2.9839e-09,3.1013e-07,-1.2764e-05,0.00026207,-0.0027596,0.013577,-0.02377,0.042688
1.6773e-09,-1.9438e-07,8.8634e-06,-0.0002033,0.0025009,-0.016422,0.053906,-0.036947
5.7145e-09,-5.6108e-07,2.2514e-05,-0.00046725,0.0052256,-0.029688,0.071136,-0.027207
-3.7323e-07,5.3889e-05,-0.0032921,0.11024,-2.1843,25.598,-164.22,444.79
-1.4456e-07,8.5479e-06,-0.00020208,0.0024246,-0.01538,0.04819,-0.060563,0.037665
-4.7035e-09,4.7107e-07,-1.8786e-05,0.00038137,-0.0041758,0.023995,-0.064112,0.079636
3.3417e-09,-3.8774e-07,1.7981e-05,-0.00042426,0.005358,-0.034915,0.10382,-0.040146
3.9533e-09,-5.0261e-07,2.5182e-05,-0.00063113,0.0082189,-0.051196,0.11023,0.044825
1.4534e-09,-2.1589e-07,1.2237e-05,-0.00034374,0.0050777,-0.037935,0.12516,-0.040078
-2.2786e-09,2.4489e-07,-1.0685e-05,0.00023979,-0.0028961,0.018099,-0.052033,0.13889
2.6338e-09,-2.8835e-07,1.2581e-05,-0.00027942,0.0033617,-0.021838,0.073291,0.0011249
1.1805e-08,-1.251e-06,5.3295e-05,-0.0011667,0.013915,-0.088177,0.26683,-0.20987
1.077e-08,-1.0749e-06,4.2373e-05,-0.00083657,0.0086176,-0.043196,0.084072,-0.048714
3.5395e-09,-4.0008e-07,1.8243e-05,-0.00042979,0.0055598,-0.038578,0.12729,-0.080274
-2.3545e-08,2.5496e-06,-0.00010905,0.0023192,-0.025268,0.13048,-0.269,0.23291
-5.8064e-10,8.0175e-09,2.0881e-06,-0.00010333,0.0019935,-0.017968,0.068345,0.03803
-1.6604e-09,1.8892e-07,-8.8199e-06,0.00021526,-0.0028865,0.020368,-0.065025,0.10565
2.6503e-08,-3.7117e-06,0.00021713,-0.0068577,0.12588,-1.338,7.5969,-17.636
-2.3991e-09,2.8114e-07,-1.3353e-05,0.00032877,-0.0044506,0.032301,-0.11233,0.18109
2.0231e-09,-1.0674e-07,-4.2245e-07,0.00011328,-0.0022248,0.014685,-0.032267,0.032696
4.5043e-09,-5.1563e-07,2.4481e-05,-0.00062371,0.0091552,-0.076512,0.33193,-0.482
7.2553e-09,-7.1286e-07,2.7936e-05,-0.00055917,0.0060868,-0.035437,0.099611,-0.029215
-2.4656e-08,2.6442e-06,-0.00011056,0.0021834,-0.017274,-0.05098,1.6171,-6.9219
-1.9314e-09,1.761e-07,-6.0883e-06,9.6584e-05,-0.00061865,-0.00046698,0.020825,0.0654
-4.7101e-09,4.6019e-07,-1.7636e-05,0.00033581,-0.0033261,0.016282,-0.031648,0.088374
5.3681e-10,-6.6838e-08,3.3595e-06,-8.644e-05,0.0011913,-0.0083072,0.024022,0.054465
-2.1936e-09,1.982e-07,-6.2846e-06,6.907e-05,0.0003354,-0.012441,0.080614,-0.033632
-1.9148e-08,2.1017e-06,-9.2414e-05,0.0020737,-0.025021,0.15695,-0.45644,0.53262
-2.0912e-09,2.4477e-07,-1.1229e-05,0.00025689,-0.0030705,0.018266,-0.046423,0.080146
-6.876e-09,7.653e-07,-3.4377e-05,0.00079897,-0.010251,0.071858,-0.25564,0.39805
2.5113e-09,-3.4101e-07,1.8187e-05,-0.00048598,0.0068546,-0.049495,0.1671,-0.10716
-1.5529e-07,2.0046e-05,-0.0010804,0.031472,-0.53491,5.3055,-28.448,63.704
3.8528e-10,-6.6665e-08,3.8699e-06,-0.0001054,0.0015039,-0.011825,0.048165,0.063649
1.1245e-09,-1.2604e-07,5.5582e-06,-0.00012159,0.0013654,-0.0073343,0.015638,0.00067948
-3.9453e-09,4.3096e-07,-1.9272e-05,0.00045491,-0.0060885,0.045944,-0.17887,0.29089
-5.4197e-07,7.1389e-05,-0.0039766,0.12142,-2.1942,23.468,-137.52,340.6
-3.9615e-05,0.0065671,-0.46578,18.323,-431.78,6095.1,-47725,1.5991e+05
-5.0415e-09,5.6881e-07,-2.5875e-05,0.00060551,-0.0076952,0.051395,-0.16038,0.1851
-2.8558e-10,-1.7012e-08,2.9973e-06,-0.00012054,0.0021218,-0.0175,0.063069,-0.010363
-1.4182e-08,1.6543e-06,-7.8567e-05,0.0019505,-0.027012,0.2056,-0.78337,1.1908
-5.1938e-09,5.7158e-07,-2.5329e-05,0.00057757,-0.0071631,0.046595,-0.13781,0.14929
-5.4243e-10,4.3975e-08,-1.2729e-06,1.4849e-05,-3.0035e-05,-0.00073993,0.006099,0.027056
-3.2921e-09,2.505e-07,-5.3481e-06,-3.0652e-05,0.0025768,-0.033683,0.16921,-0.25699
3.5051e-09,-3.6908e-07,1.5665e-05,-0.00034393,0.004158,-0.027025,0.083293,-0.0069415
-2.2935e-09,2.2588e-07,-8.6746e-06,0.00016043,-0.0013537,0.0021906,0.033084,-0.10864
2.4286e-09,-2.6831e-07,1.2078e-05,-0.0002848,0.0037559,-0.027271,0.098919,-0.097689
-9.9219e-10,6.3888e-08,-7.7847e-07,-2.8625e-05,0.0009184,-0.010094,0.049898,-0.0086324
-1.0593e-06,8.8221e-05,-0.0030575,0.057007,-0.61594,3.8476,-12.841,17.654
4.3795e-09,-2.1685e-07,-1.2437e-06,0.00022667,-0.0042834,0.029839,-0.066867,0.055673
-1.3461e-08,1.483e-06,-6.6696e-05,0.0015775,-0.021044,0.15706,-0.59995,0.97525
2.2457e-08,-2.0925e-06,7.5364e-05,-0.0013396,0.012566,-0.061194,0.14103,-0.087057
-5.0455e-09,5.4703e-07,-2.4019e-05,0.00055016,-0.0070472,0.049786,-0.17253,0.27881
2.974e-09,-2.5451e-07,6.8444e-06,-2.0647e-05,-0.0019097,0.029429,-0.14105,0.24444
-9.3503e-07,0.0001463,-0.0097426,0.35785,-7.8284,101.99,-732.54,2237.7
-4.3643e-09,4.0886e-07,-1.5187e-05,0.00028625,-0.002892,0.014804,-0.029907,0.059266
-9.8917e-09,1.059e-06,-4.5373e-05,0.00098988,-0.011553,0.069251,-0.18731,0.23903
1.9219e-08,-1.5723e-06,5.003e-05,-0.0007787,0.0061256,-0.022924,0.039225,-0.0014062
-8.3528e-10,6.6056e-08,-7.8067e-07,-5.9294e-05,0.0020926,-0.025464,0.12439,-0.10438
1.7802e-08,-2.0531e-06,9.5434e-05,-0.0022941,0.030413,-0.21914,0.78473,-0.97253
-1.6383e-10,8.4656e-08,-6.5881e-06,0.00020971,-0.0032554,0.025167,-0.089414,0.12234
1.5165e-08,-1.7162e-06,8.0107e-05,-0.0019892,0.028237,-0.22808,0.9673,-1.644
4.5846e-10,-3.7605e-08,9.2088e-07,4.2128e-07,-0.00032059,0.0042383,-0.016831,0.032291
1.1034e-08,-1.1728e-06,5.0488e-05,-0.0011251,0.013663,-0.085122,0.20499,0.10614
-9.6649e-10,5.1862e-08,3.3198e-07,-7.0672e-05,0.0016584,-0.015773,0.064717,-0.032096
-1.0235e-08,1.0106e-06,-3.8022e-05,0.00066982,-0.0053154,0.012239,0.031546,0.02881
1.742e-09,-2.2063e-07,1.1161e-05,-0.00028902,0.004063,-0.030058,0.10292,-0.087855
-3.9921e-09,4.6938e-07,-2.2165e-05,0.00053538,-0.0069405,0.045832,-0.12942,0.18046
-8.5213e-09,7.3201e-07,-2.4156e-05,0.00037938,-0.0027857,0.0069363,0.0094421,0.10022
1.0597e-08,-1.0659e-06,4.3176e-05,-0.00090384,0.010418,-0.065028,0.19953,-0.11423
6.6396e-08,-9.5406e-06,0.00057262,-0.018557,0.34968,-3.8205,22.36,-53.962
-2.437e-10,3.146e-08,-1.7133e-06,4.9503e-05,-0.00078686,0.0064739,-0.022977,0.094202
1.3789e-08,-1.0819e-06,3.2357e-05,-0.00045585,0.0029782,-0.0073922,0.0093746,0.010724
-2.6432e-09,3.1161e-07,-1.5337e-05,0.00040688,-0.0062526,0.055311,-0.25903,0.49436
-1.7734e-08,1.8219e-06,-7.4559e-05,0.001553,-0.017432,0.1031,-0.30129,0.43483
-3.5015e-10,1.0502e-09,2.3719e-06,-0.00013708,0.0032972,-0.038339,0.20312,-0.33371
6.9697e-09,-7.6726e-07,3.3478e-05,-0.00073285,0.0083777,-0.047111,0.11067,-0.036816
-2.6623e-08,2.879e-06,-0.00012641,0.0028995,-0.037227,0.26563,-0.97026,1.5371
-1.5948e-08,1.6042e-06,-6.4326e-05,0.0013007,-0.013698,0.068029,-0.10403,0.06267
2.1881e-09,-2.6284e-07,1.3572e-05,-0.00039014,0.0066315,-0.064559,0.31992,-0.53878
7.6896e-10,-1.4046e-07,8.3563e-06,-0.00022299,0.0028168,-0.015161,0.023865,0.048242
-1.1273e-08,1.211e-06,-5.1983e-05,0.0011369,-0.013413,0.083911,-0.26113,0.42899
-3.2967e-09,2.4488e-07,-6.56e-06,8.3323e-05,-0.00082758,0.011553,-0.1095,0.38998
4.3882e-09,-5.1781e-07,2.4339e-05,-0.0005763,0.0071151,-0.042311,0.096588,-0.031222
1.7188e-09,-1.6278e-07,5.7691e-06,-9.4213e-05,0.00070363,-0.0020668,0.0011035,0.068959
1.683e-08,-1.6976e-06,6.7797e-05,-0.0013653,0.014625,-0.081175,0.2151,-0.10441
7.5103e-08,-6.1712e-06,0.0002091,-0.0037747,0.038994,-0.22859,0.69695,-0.81129
1.04e-09,-1.082e-07,4.618e-06,-0.00010412,0.0013296,-0.0095399,0.035345,-0.05158
7.5827e-09,-8.3169e-07,3.7358e-05,-0.00088611,0.01191,-0.089774,0.34259,-0.44449
-1.1062e-07,1.2211e-05,-0.00054845,0.012908,-0.1709,1.2688,-4.9086,7.8669
-1.5616e-09,1.729e-07,-7.7005e-06,0.00017586,-0.0021679,0.013846,-0.03985,0.044281
6.0546e-09,-7.1293e-07,3.2973e-05,-0.00076547,0.0094314,-0.059948,0.17756,-0.17823
1.5409e-09,-2.2568e-07,1.2481e-05,-0.00033918,0.0048175,-0.034319,0.10184,-0.020434
-3.8774e-09,4.0395e-07,-1.6746e-05,0.00034988,-0.0038284,0.020407,-0.040791,0.067405
5.1987e-09,-6.0056e-07,2.802e-05,-0.00067655,0.0089958,-0.064613,0.22708,-0.28748
2.3018e-09,-1.3864e-07,1.8677e-06,3.9208e-05,-0.001339,0.013627,-0.056092,0.084813
1.7904e-09,-1.631e-07,5.3919e-06,-7.8412e-05,0.00051226,-0.002346,0.017244,0.0097662
7.3947e-10,-7.1463e-08,2.645e-06,-4.7033e-05,0.00042826,-0.0023822,0.01193,0.019035
1.0287e-08,-1.1971e-06,5.6294e-05,-0.0013691,0.01827,-0.13044,0.44591,-0.37385
-6.1087e-08,7.7771e-06,-0.00041225,0.011743,-0.19328,1.8314,-9.2283,19.105
-1.8541e-09,2.0641e-07,-9.1584e-06,0.00020449,-0.0023856,0.013811,-0.035056,0.065059
9.6715e-09,-1.087e-06,4.9603e-05,-0.0011837,0.015788,-0.11537,0.41286,-0.45264
7.0826e-09,-7.4647e-07,3.0956e-05,-0.00063716,0.0067411,-0.034603,0.079523,-0.022387
3.7895e-10,-5.5377e-08,2.699e-06,-6.5496e-05,0.00092104,-0.0075706,0.029878,0.021859
-3.9189e-09,4.363e-07,-1.9664e-05,0.00045763,-0.005793,0.038282,-0.1145,0.12144
4.6809e-06,-0.00017992,0.0026558,-0.018768,0.065069,-0.10705,0.085123,0.016451
-2.1549e-09,1.8421e-07,-5.7885e-06,7.8334e-05,-0.00033976,-0.0013037,0.012145,0.01006
-8.7019e-08,1.1493e-05,-0.00063714,0.019181,-0.3381,3.4855,-19.455,45.393
-1.2524e-09,1.0799e-07,-3.6012e-06,5.473e-05,-0.00020621,-0.0044334,0.045929,-0.0058383
-1.4315e-09,1.3917e-07,-5.5353e-06,0.00011664,-0.0013749,0.0083539,-0.018915,0.052528
-5.4666e-09,5.7445e-07,-2.3522e-05,0.00047109,-0.004747,0.02217,-0.03531,0.051619
-1.3351e-08,1.6857e-06,-8.6114e-05,0.0022851,-0.033657,0.27181,-1.0993,1.8256
-3.5367e-10,3.4114e-08,-1.3406e-06,2.7421e-05,-0.00030655,0.0017469,-0.0035701,0.0043185
1.7957e-09,-2.2197e-07,1.1275e-05,-0.00030404,0.0046577,-0.039692,0.16688,-0.21021
-1.6462e-09,1.6877e-07,-6.9951e-06,0.00015055,-0.0017987,0.011902,-0.04131,0.11037
-2.977e-09,2.7913e-07,-1.0041e-05,0.00017331,-0.0014669,0.0055582,-0.0064341,0.02597
1.4726e-09,-1.2694e-07,4.2881e-06,-7.6403e-05,0.00085415,-0.0063873,0.025346,0.053269
106.38,-19833,1.5706e+06,-6.8352e+07,1.7607e+09,-2.6741e+10,2.2047e+11,-7.5426e+11
2.1379e-09,-2.162e-07,8.2449e-06,-0.00014372,0.0010498,-0.0011478,-0.013697,0.054695
2.031e-06,-0.00010525,0.0022005,-0.023843,0.14319,-0.47188,0.77291,-0.34777
-8.4651e-09,5.4423e-08,7.66e-05,-0.0055541,0.17602,-2.9217,24.85,-85.554
3.4602e-09,-3.7541e-07,1.6305e-05,-0.00036211,0.004368,-0.028259,0.089988,-0.059961
-2.663e-10,1.5323e-08,-3.5272e-08,-1.405e-05,0.00036023,-0.0036736,0.016163,-0.010251
1.0703e-09,-1.0824e-07,4.382e-06,-9.1201e-05,0.0010398,-0.0063307,0.018108,-0.0069062
-1.8888e-09,2.6577e-07,-1.4657e-05,0.00039966,-0.0055086,0.033567,-0.048736,0.030373
-1.432e-09,1.361e-07,-4.9115e-06,8.2479e-05,-0.00060753,0.00071305,0.011747,0.072571
3.6723e-10,-6.6682e-08,4.3791e-06,-0.0001407,0.0024096,-0.02185,0.095668,-0.14662
1.5293e-08,-1.7358e-06,7.9448e-05,-0.0018774,0.02435,-0.16999,0.57739,-0.63016
-1.535e-08,1.6518e-06,-7.0161e-05,0.001489,-0.016408,0.08742,-0.17636,0.10744
5.4638e-09,-5.1777e-07,1.8578e-05,-0.00031468,0.0026541,-0.012762,0.045245,0.020893
-1.6763e-09,1.8123e-07,-7.7041e-06,0.00015923,-0.0015618,0.0050057,0.014192,0.0015315
3.7313e-10,-3.1566e-08,1.0138e-06,-1.7063e-05,0.00021452,-0.0025441,0.018976,-0.0083579
5.3327e-09,-6.4256e-07,3.1189e-05,-0.00078131,0.010722,-0.078153,0.26121,-0.20033
5.5473e-09,-6.5564e-07,3.0762e-05,-0.00073249,0.0094152,-0.064521,0.21796,-0.27274
1.7757e-08,-1.9018e-06,8.2423e-05,-0.0018581,0.023287,-0.15977,0.54007,-0.55969
-1.0487e-10,1.2615e-08,-6.1628e-07,1.5616e-05,-0.00021688,0.001599,-0.0055532,0.007055
-1.1855e-08,1.2882e-06,-5.5295e-05,0.0011897,-0.013472,0.077877,-0.2079,0.20239
6.6481e-09,-6.292e-07,2.2993e-05,-0.00040844,0.0036215,-0.014204,0.011927,0.076465
6.7013e-07,-0.00010184,0.0065543,-0.23151,4.8473,-60.173,410.19,-1184.9
-8.2964e-10,9.1501e-08,-4.2724e-06,0.00010702,-0.0014641,0.0096957,-0.021138,0.071738
7.9708e-09,-7.9184e-07,3.0323e-05,-0.00056463,0.0053622,-0.025492,0.054789,-0.016381
-7.7701e-09,7.5592e-07,-2.8468e-05,0.00051921,-0.004649,0.01745,-0.0068985,0.014731
2.6799e-06,-0.00027984,0.011949,-0.27048,3.513,-26.247,104.72,-172.41
2.1579e-08,-2.1703e-06,8.6212e-05,-0.0017043,0.017207,-0.07985,0.12065,0.074203
-3.3126e-09,2.9882e-07,-1.0393e-05,0.00017644,-0.0015351,0.0063682,-0.0051848,0.050608
-1.3688e-08,1.434e-06,-6.0288e-05,0.0012867,-0.014454,0.079182,-0.1652,0.17069
3.3227e-09,-4.1647e-07,2.0705e-05,-0.00052127,0.0069696,-0.046768,0.1286,0.028579
2.2907e-08,-2.4228e-06,0.00010087,-0.0020945,0.02262,-0.11956,0.24553,0.087561
-2.9164e-09,2.5e-07,-7.8514e-06,0.00010176,-0.00023511,-0.0058144,0.04213,-0.021567
5.8845e-09,-7.0885e-07,3.4621e-05,-0.00087668,0.012223,-0.092057,0.34119,-0.42097
2.8105e-07,-4.0004e-05,0.0023943,-0.078037,1.4946,-16.813,102.81,-263.54
-4.4221e-09,4.8801e-07,-2.1349e-05,0.0004676,-0.0052984,0.028309,-0.049454,0.066994
-3.2705e-09,3.1164e-07,-1.1102e-05,0.00017289,-0.00078928,-0.0079668,0.091872,-0.12702
4.7117e-09,-5.0257e-07,2.1049e-05,-0.00043462,0.0045155,-0.020903,0.025441,0.10719
1.6739e-10,-1.8562e-08,8.4258e-07,-2.0224e-05,0.00027668,-0.0021579,0.0088971,-0.014962
-1.4684e-07,1.2672e-05,-0.00044785,0.0083364,-0.087419,0.51033,-1.5155,1.8317
-3.6903e-08,3.2794e-06,-0.00011689,0.0021322,-0.020857,0.10224,-0.19575,0.18544
3.9972e-09,-4.4362e-07,1.9777e-05,-0.00045251,0.0056474,-0.037998,0.12956,-0.13225
-1.677e-10,1.5048e-08,-4.2482e-07,-1.4019e-06,0.00028745,-0.0050279,0.029517,-0.01494
-6.0093e-10,7.678e-08,-3.8324e-06,9.181e-05,-0.0010226,0.0036526,0.0097098,0.060417
-4.3132e-09,4.8504e-07,-2.2055e-05,0.00051667,-0.0065624,0.043429,-0.12948,0.16904
2.2306e-07,-1.2133e-05,0.00026446,-0.0029328,0.017284,-0.051127,0.063694,0.016177
5.6643e-09,-5.8052e-07,2.3342e-05,-0.00046519,0.0047651,-0.023338,0.042956,0.037451
-3.0899e-06,0.00022695,-0.0069808,0.1166,-1.1424,6.5633,-20.458,26.731
-3.8238e-09,4.0107e-07,-1.6617e-05,0.00034182,-0.0035649,0.016503,-0.016784,0.03449
6.023e-08,-6.2829e-06,0.00026562,-0.0058408,0.071337,-0.47833,1.6126,-2.0083
-4.0853e-09,4.5925e-07,-2.0574e-05,0.00046638,-0.0055937,0.033607,-0.084995,0.07631
-1.1512e-08,1.1732e-06,-4.8213e-05,0.0010246,-0.011982,0.07539,-0.22861,0.34314
1.031e-09,-1.5687e-07,9.4603e-06,-0.00029346,0.0050149,-0.046149,0.20174,-0.28367
-4.6741e-08,4.7396e-06,-0.00019411,0.0041144,-0.048085,0.30549,-0.96583,1.2366
3.5489e-07,-1.7542e-05,0.00032465,-0.002762,0.010709,-0.016971,0.0093686,0.021128
6.0961e-10,-5.0118e-08,1.5033e-06,-1.9535e-05,9.0521e-05,0.00014268,-0.001946,0.012652
-3.6078e-09,3.9234e-07,-1.7036e-05,0.00037615,-0.0044533,0.027222,-0.07277,0.082814
-1.0036e-06,0.0001885,-0.014789,0.63101,-15.863,235.45,-1913.8,6580.3
-4.614e-09,5.2407e-07,-2.3453e-05,0.0005178,-0.0057255,0.027314,-0.022249,0.0098679
3.5195e-09,-3.7832e-07,1.6066e-05,-0.000336,0.0034705,-0.014535,0.0034084,0.12557
2.1953e-08,-2.1483e-06,8.3752e-05,-0.0016556,0.017454,-0.094191,0.22532,-0.053182
1.875e-09,-2.3353e-07,1.2237e-05,-0.0003515,0.0059672,-0.059038,0.30657,-0.53164
1.127e-10,-1.6762e-08,9.8844e-07,-2.9567e-05,0.00047068,-0.0037986,0.013818,0.0082146
-4.439e-09,4.2144e-07,-1.5321e-05,0.00026485,-0.0021573,0.0062224,0.0098013,-0.0030379
3.3352e-10,-5.6242e-09,-1.1469e-06,5.6303e-05,-0.0010186,0.0082812,-0.028998,0.1228
2.4364e-09,-2.4206e-07,9.2658e-06,-0.00016888,0.0013894,-0.0021462,-0.028513,0.18768
1.8279e-09,-3.3783e-07,2.0886e-05,-0.00059658,0.0084987,-0.058183,0.16411,-0.012738
5.2028e-09,-5.836e-07,2.5164e-05,-0.00052399,0.0054457,-0.027049,0.062537,0.024083
-1.8963e-08,2.2421e-06,-0.0001084,0.0027467,-0.038722,0.29617,-1.1003,1.5939
-6.2518e-09,6.1055e-07,-2.3017e-05,0.00040726,-0.0030842,0.0027941,0.058312,-0.028956
-4.2427e-09,3.7493e-07,-1.1431e-05,0.00011688,0.00058354,-0.017718,0.093516,-0.046539
-2.6144e-09,2.6496e-07,-1.0758e-05,0.0002247,-0.002568,0.015492,-0.041263,0.074013
-1.1634e-09,1.8226e-07,-9.7861e-06,0.00024279,-0.0029505,0.016163,-0.026966,0.022848
-1.3166e-08,1.4399e-06,-6.2031e-05,0.0013281,-0.014668,0.079657,-0.20012,0.22786
-1.739e-08,1.8785e-06,-8.3497e-05,0.0019867,-0.02758,0.22659,-1.0327,2.0929
-1.0763e-08,1.054e-06,-4.0571e-05,0.00077623,-0.0076545,0.035744,-0.054555,0.075685
-8.2121e-10,1.594e-07,-1.0928e-05,0.00036447,-0.0065208,0.062952,-0.30239,0.65251
-5.4411e-09,5.4747e-07,-2.1956e-05,0.00043965,-0.0044907,0.020699,-0.020436,0.021521
0.078639,-8.9883,405.53,-8613.9,64701,6.3615e+05,-1.4523e+07,7.3505e+07
6.6834e-09,-7.4772e-07,3.2868e-05,-0.00071524,0.0078995,-0.039059,0.042648,0.15193
-7.2814e-09,8.7956e-07,-4.3577e-05,0.0011339,-0.016438,0.12906,-0.48509,0.71838
9.6403e-09,-1.0393e-06,4.4284e-05,-0.00094389,0.010468,-0.05678,0.12692,-0.02768
-4.3898e-08,3.2181e-06,-8.6987e-05,0.0010377,-0.0047126,-0.0028081,0.06022,0.019803
-4.0078e-09,4.1955e-07,-1.785e-05,0.00039411,-0.0047517,0.029936,-0.084829,0.13809
-5.6522e-09,4.5719e-07,-1.2318e-05,9.077e-05,0.0011615,-0.019594,0.076527,0.026286
2.9835e-08,-3.2191e-06,0.00014041,-0.0031722,0.039507,-0.26647,0.88352,-0.98978
-2.9802e-08,2.9462e-06,-0.00011551,0.0022824,-0.023867,0.12654,-0.29358,0.28879
-6.3555e-09,6.7196e-07,-2.7857e-05,0.00057053,-0.0059493,0.028811,-0.046825,0.076201
9.2878e-10,-6.5584e-08,7.9319e-07,4.3192e-05,-0.0014908,0.017452,-0.078978,0.16108
8.8973e-09,-1.0832e-06,5.4561e-05,-0.0014605,0.022126,-0.18594,0.78343,-1.2009
9.1495e-09,-9.5273e-07,4.0099e-05,-0.00087621,0.010624,-0.070538,0.23173,-0.17839
3.3446e-09,-3.2067e-07,1.101e-05,-0.00015045,0.00031173,0.0085707,-0.040245,0.05512
-3.319e-10,-9.9037e-09,2.3182e-06,-9.0626e-05,0.0015264,-0.0123,0.045259,-0.0017239
-1.1772e-09,1.584e-07,-8.3851e-06,0.00022021,-0.0029859,0.019725,-0.051479,0.077252
-4.0573e-08,2.7467e-06,-7.8242e-05,0.0012153,-0.011114,0.059847,-0.1757,0.21704
-1.7385e-09,1.6158e-07,-5.6481e-06,8.8255e-05,-0.00048867,-0.0016915,0.02314,0.0015592
4.8817e-10,-6.6974e-08,3.7609e-06,-0.00010872,0.0016955,-0.013816,0.053193,-0.03373
-1.8151e-09,1.727e-07,-6.5278e-06,0.00012522,-0.0012917,0.0069527,-0.016596,0.050178
1.2554e-09,-1.1671e-07,4.1391e-06,-6.9298e-05,0.00054548,-0.0018156,0.004084,0.0308
1.2312e-10,-3.9102e-09,-2.8815e-07,1.6876e-05,-0.00031196,0.0022534,-0.0033034,0.019681
1.6402e-08,-1.9126e-06,9.0521e-05,-0.0022318,0.030551,-0.22826,0.84445,-1.0465
-1.304e-08,1.4149e-06,-6.1092e-05,0.0013349,-0.015498,0.091655,-0.24152,0.26816
-4.2019e-09,4.3063e-07,-1.73e-05,0.00034431,-0.0035584,0.018997,-0.057191,0.15988
3.4199e-09,-3.9091e-07,1.7242e-05,-0.00037137,0.0040627,-0.021214,0.042838,0.095433
-1.1753e-08,1.4971e-06,-7.9168e-05,0.0022424,-0.036537,0.34035,-1.6696,3.3245
1.019e-07,-1.045e-05,0.0004466,-0.010274,0.13677,-1.0481,4.2601,-6.9904
-2.787e-05,0.0019649,-0.052612,0.69054,-4.9417,19.73,-41.33,35.421
2.3362e-09,-2.5666e-07,1.097e-05,-0.00023085,0.0025071,-0.013775,0.037414,0.0051174
-1.4092e-08,1.6711e-06,-8.3128e-05,0.0022424,-0.035337,0.32464,-1.6069,3.3223
4.0631e-08,-4.1601e-06,0.00017183,-0.0036641,0.042798,-0.26689,0.79093,-0.72537
-3.4096e-09,4.2289e-07,-2.1581e-05,0.00058158,-0.0088107,0.0735,-0.30378,0.5232
-6.5545e-10,-4.864e-09,3.6349e-06,-0.00016156,0.0030107,-0.026919,0.10997,-0.028307
-1.9177e-09,1.3218e-07,-1.9115e-06,-5.8195e-05,0.0021505,-0.024443,0.10404,-0.04204
2.4603e-09,-3.2898e-07,1.7418e-05,-0.00047053,0.0069006,-0.053467,0.19626,-0.19248
-4.2622e-09,4.6527e-07,-2.0811e-05,0.00048738,-0.0063168,0.043812,-0.14259,0.17077
-3.7008e-08,5.3783e-06,-0.00031862,0.0099657,-0.17742,1.7944,-9.5321,20.541
2.1726e-09,-2.5874e-07,1.2618e-05,-0.00032308,0.0046123,-0.035766,0.13361,-0.15341
1.8669e-08,-2.0564e-06,9.1548e-05,-0.0021125,0.026918,-0.18609,0.63138,-0.72196
-7.2022e-11,3.5933e-09,3.9701e-09,-3.2762e-06,7.5554e-05,-0.00071793,0.0030235,-0.0044425
-5.2903e-11,1.6994e-08,-2.5604e-06,0.00016054,-0.0049317,0.078693,-0.6234,1.9714
-1.8161e-09,9.1761e-08,6.4444e-07,-0.00011326,0.002369,-0.018786,0.055652,0.089673
-1.1071e-08,8.9457e-07,-2.7271e-05,0.00038435,-0.0024086,0.0046556,0.0035692,0.036104
1.2832e-09,-1.7747e-07,9.2246e-06,-0.0002244,0.0025243,-0.010643,0.011252,-0.0029594
-3.7045e-08,4.1406e-06,-0.00018809,0.0044862,-0.060794,0.4733,-2.0029,3.732
-8.8035e-09,8.9905e-07,-3.5929e-05,0.00070459,-0.006891,0.028884,-0.016327,0.025266
-2.0493e-08,2.4862e-06,-0.00012354,0.0032297,-0.047411,0.38496,-1.5739,2.5954
-1.095e-09,2.3001e-07,-1.5285e-05,0.00046428,-0.0070053,0.049491,-0.12383,0.11466
-2.2497e-08,2.0461e-06,-7.3121e-05,0.0012867,-0.011332,0.04386,-0.043245,0.016826
5.9167e-09,-5.7247e-07,2.1342e-05,-0.00038347,0.0033683,-0.012472,0.0079109,0.057383
4.5047e-09,-4.799e-07,1.9636e-05,-0.00038791,0.0038139,-0.017519,0.037444,0.031958
-8.4946e-09,8.2941e-07,-3.1953e-05,0.00061532,-0.0061575,0.02966,-0.050578,0.080088
-1.6538e-07,2.1902e-05,-0.0012228,0.037278,-0.6696,7.0803,-40.765,98.543
-9.6943e-09,8.9003e-07,-3.1287e-05,0.00052108,-0.0040231,0.0099921,0.021791,0.025852
2.0774e-09,-2.7236e-07,1.3916e-05,-0.0003549,0.004769,-0.03259,0.10065,-0.054033
3.2497e-09,-3.3884e-07,1.3752e-05,-0.00027887,0.0030171,-0.017396,0.054266,-0.0033235
1.3503e-09,-1.4536e-07,6.4455e-06,-0.00015004,0.0019171,-0.012668,0.035795,0.012207
7.0439e-09,-7.6015e-07,3.2518e-05,-0.00070339,0.0081388,-0.048868,0.13408,-0.082324
8.153e-09,-8.6442e-07,3.6073e-05,-0.00074774,0.0079525,-0.039894,0.073076,0.069519
1.6937e-08,-1.9745e-06,9.5959e-05,-0.0025216,0.038725,-0.34766,1.6887,-3.4021
-7.7508e-09,7.9301e-07,-3.2055e-05,0.00064644,-0.0067441,0.033913,-0.064694,0.088663
-5.3387e-09,6.1183e-07,-2.7756e-05,0.00062613,-0.0071916,0.037601,-0.054188,0.044549
2.3407e-09,-2.5271e-07,1.1074e-05,-0.00025453,0.0033085,-0.024104,0.08768,-0.035884
2.1667e-09,-2.0585e-07,7.6019e-06,-0.00013901,0.0013577,-0.0075268,0.02469,0.043755
-4.2021e-09,4.448e-07,-1.9005e-05,0.0004196,-0.0051107,0.034165,-0.11561,0.20642
5.3549e-09,-4.8122e-07,1.6875e-05,-0.00029808,0.0029057,-0.016309,0.050635,0.024636
3.2148e-09,-4.1082e-07,2.0426e-05,-0.00050347,0.0064412,-0.040528,0.10665,-0.017033
-1.6322e-09,1.3588e-07,-3.9148e-06,3.8815e-05,6.2313e-05,-0.00067441,-0.036905,0.28328
-6.9718e-09,6.8456e-07,-2.6289e-05,0.00049586,-0.0046908,0.019784,-0.025123,0.10673
-1.0041e-08,1.0652e-06,-4.4934e-05,0.00095971,-0.010951,0.064844,-0.17729,0.24525
8.7927e-09,-1.0232e-06,4.8231e-05,-0.0011864,0.016369,-0.1265,0.51005,-0.79605
1.8175e-08,-2.0463e-06,9.0183e-05,-0.0020118,0.024239,-0.15378,0.45188,-0.37771
7.7631e-10,-2.8176e-08,1.9145e-07,0,-2.2453e-06,0,1.3865e-05,0
2.0279e-09,-1.9982e-07,7.931e-06,-0.00016277,0.0018221,-0.010562,0.027515,0.046161
1.468e-08,-1.8238e-06,9.1595e-05,-0.0023836,0.034201,-0.26538,1.0065,-1.2956
2.5676e-09,-2.8117e-07,1.2453e-05,-0.00028453,0.0035158,-0.022237,0.060893,-0.01734
1.8078e-09,-1.9181e-07,8.1678e-06,-0.00017745,0.0020539,-0.011801,0.025073,0.0054458
-8.1317e-09,8.1722e-07,-3.2862e-05,0.00067599,-0.0075245,0.043265,-0.097767,0.045502
-2.6416e-09,2.5784e-07,-9.8401e-06,0.00018608,-0.0018284,0.0089843,-0.018954,0.020534
-1.0308e-09,2.364e-08,2.8886e-06,-0.00015346,0.0029399,-0.025389,0.0916,-0.046836
-1.5426e-08,2.0108e-06,-0.00010884,0.0031534,-0.052451,0.49692,-2.4597,4.8946
-7.7654e-09,7.0508e-07,-2.5668e-05,0.00047478,-0.0045963,0.020723,-0.02502,0.032779
1.0741e-08,-1.2069e-06,5.3463e-05,-0.0011813,0.013514,-0.074552,0.16415,-0.069037
-7.2405e-09,7.1515e-07,-2.7775e-05,0.00053488,-0.0052576,0.023721,-0.030454,0.052208
4.0525e-09,-4.9098e-07,2.3816e-05,-0.00058933,0.0078441,-0.054199,0.16973,-0.086519
1.2513e-08,-1.3785e-06,6.1815e-05,-0.0014488,0.018897,-0.13411,0.4591,-0.46912
2.0984e-08,-1.735e-06,5.5108e-05,-0.00085514,0.006937,-0.030366,0.075126,0.036588
1.6686e-09,-2.4256e-07,1.3177e-05,-0.00034783,0.0047148,-0.03077,0.06992,0.10576
-6.0769e-09,6.2063e-07,-2.5104e-05,0.00050724,-0.0052517,0.024548,-0.025801,0.049642
-9.83e-09,9.4206e-07,-3.671e-05,0.00074746,-0.0084693,0.051873,-0.14572,0.17626
-3.5792e-09,4.3781e-07,-2.2101e-05,0.00059049,-0.0089038,0.074737,-0.31921,0.57655
1.3582e-09,-2.1128e-07,1.3507e-05,-0.00045893,0.0089439,-0.10028,0.60182,-1.4566
9.6127e-09,-1.073e-06,4.8305e-05,-0.0011275,0.014608,-0.10408,0.3711,-0.4025
-6.6769e-10,-1.0325e-08,4.4125e-06,-0.00019972,0.0038879,-0.036847,0.16297,-0.17748
1.3703e-09,-1.7354e-07,9.1655e-06,-0.00026084,0.0043065,-0.041132,0.2101,-0.44246
1.4746e-08,-1.6903e-06,7.8917e-05,-0.0019337,0.026701,-0.20679,0.8284,-1.257
8.6871e-10,-9.0168e-08,3.6258e-06,-7.0336e-05,0.00066707,-0.0028386,0.005545,0.022424
-2.5077e-09,2.8329e-07,-1.2723e-05,0.00028893,-0.0034902,0.02163,-0.059259,0.078855
-1.7021e-08,1.5601e-06,-5.6366e-05,0.0010123,-0.0092688,0.038082,-0.031993,0.023737
-1.0597e-08,1.1284e-06,-4.7583e-05,0.0010068,-0.011193,0.062742,-0.15542,0.23132
-5.0608e-09,5.3076e-07,-2.2001e-05,0.00045439,-0.0048112,0.023721,-0.042536,0.09889
6.6543e-09,-6.6061e-07,2.5809e-05,-0.00050622,0.0053112,-0.029955,0.089707,-0.075445
-6.2678e-09,8.1656e-07,-4.3931e-05,0.0012581,-0.020579,0.19093,-0.92298,1.8137
2.5326e-09,-2.1805e-07,7.1585e-06,-0.00011428,0.00095537,-0.0041568,0.0086134,-0.0064191
-2.3515e-10,-2.7441e-09,1.2551e-06,-5.185e-05,0.00091612,-0.0079872,0.033513,0.0060103
2.6772e-09,-2.3781e-07,7.6137e-06,-9.6194e-05,8.9609e-05,0.007318,-0.043254,0.08555
-7.9104e-09,7.8924e-07,-3.2159e-05,0.00069189,-0.0085068,0.060407,-0.23322,0.51514
2.6965e-09,-3.5497e-07,1.8516e-05,-0.00048835,0.0068521,-0.049007,0.1536,-0.055067
-0.0002123,0.023905,-1.1481,30.486,-483.25,4572.8,-23914,53311
6.0861e-09,-6.4063e-07,2.7235e-05,-0.00060229,0.0074192,-0.050083,0.16361,-0.081224
1.1757e-11,-1.2836e-09,5.6208e-08,-1.2608e-06,1.5314e-05,-9.7326e-05,0.00028461,-0.00028873
3.8095e-08,-4.8119e-06,0.00025314,-0.0071553,0.11672,-1.0923,5.4061,-10.873
5.4207e-09,-5.0539e-07,1.8694e-05,-0.00034956,0.003485,-0.018182,0.048704,0.04655
2.9013e-09,-3.1232e-07,1.3146e-05,-0.00027124,0.0027926,-0.012519,0.012619,0.055101
5.564e-09,-5.8398e-07,2.4892e-05,-0.00055752,0.0070723,-0.050384,0.1805,-0.15707
5.7117e-08,-7.3452e-06,0.00039245,-0.011258,0.18659,-1.7802,9.0241,-18.601
4.5715e-09,-4.9728e-07,2.1985e-05,-0.0005028,0.0062491,-0.040593,0.12292,-0.12227
1.9407e-08,-1.9559e-06,7.7648e-05,-0.0015411,0.016059,-0.084994,0.20791,-0.085729
5.5574e-09,-5.4731e-07,2.139e-05,-0.00042306,0.0044756,-0.024672,0.064279,0.0224
-1.067e-08,1.196e-06,-5.3481e-05,0.0012164,-0.0149,0.096438,-0.30333,0.45554
-1.5372e-11,1.7168e-10,0,0,0,0,0,0
-0.010221,1.8565,-144.51,6248.3,-1.6208e+05,2.5223e+06,-2.1804e+07,8.0771e+07
-1.38e-09,1.4796e-07,-6.4136e-06,0.00014339,-0.0017546,0.011713,-0.040362,0.086763
1.8878e-11,2.3651e-08,-2.1009e-06,7.1695e-05,-0.0012326,0.011369,-0.053408,0.20756
3.6132e-08,-4.0822e-06,0.00018759,-0.0044937,0.059627,-0.42843,1.5012,-1.8764
-1.735e-09,1.4428e-07,-4.9339e-06,8.9528e-05,-0.00084949,0.002461,0.018158,0.019035
5.4435e-12,-7.2289e-10,3.9399e-08,-1.1361e-06,1.8609e-05,-0.00017224,0.00083163,-0.0016114
3.6951e-09,-3.1236e-07,9.7064e-06,-0.0001349,0.00081872,-0.0020347,0.0049213,0.057332
6.0875e-09,-6.2112e-07,2.508e-05,-0.00051032,0.0055287,-0.031342,0.088419,-0.030202
-4.4758e-11,4.6945e-09,-1.9421e-07,3.8448e-06,-3.1103e-05,-8.4156e-05,0.0029448,-0.013209
-1.6988e-09,1.9018e-07,-8.4081e-06,0.00018575,-0.0021294,0.011691,-0.022029,0.027807
1.5914e-08,-1.4938e-06,5.5247e-05,-0.0010267,0.010156,-0.052046,0.11821,0.010989
4.7751e-09,-4.7472e-07,1.8635e-05,-0.00037205,0.0040859,-0.024882,0.078841,-0.025585
-4.2877e-09,4.1494e-07,-1.6227e-05,0.00032525,-0.0034767,0.018396,-0.034867,0.064748
-2.0349e-05,0.0035239,-0.26045,10.648,-260.08,3794.9,-30626,1.0547e+05
-7.0367e-09,7.2337e-07,-2.906e-05,0.00057242,-0.0056364,0.024545,-0.028131,0.043207
6.4198e-08,-7.561e-06,0.00037534,-0.010169,0.16225,-1.5237,7.798,-16.784
-3.3463e-09,2.9954e-07,-1.0362e-05,0.00017312,-0.001373,0.0035391,0.0072615,0.0083055
3.8685e-09,-3.1761e-07,8.7236e-06,-6.4699e-05,-0.00098955,0.018526,-0.086378,0.14398
-1.6082e-11,2.6422e-09,-1.687e-07,5.5155e-06,-0.00010031,0.0010158,-0.0052993,0.011069
9.7233e-10,-1.1829e-07,5.5713e-06,-0.00012981,0.0015815,-0.0097648,0.026756,0.025242
3.8853e-08,-3.7374e-06,0.00014424,-0.0028676,0.031364,-0.18667,0.55295,-0.54263
1.8473e-08,-2.1323e-06,9.9342e-05,-0.002392,0.031629,-0.22482,0.77759,-0.92075
7.3729e-09,-7.2216e-07,2.7283e-05,-0.00049375,0.0042734,-0.014913,0.011563,0.033857
-4.4332e-09,4.5473e-07,-1.8456e-05,0.00037577,-0.0040135,0.021089,-0.038432,0.048212
4.131e-09,-4.9959e-07,2.4374e-05,-0.00061432,0.0084808,-0.062213,0.21202,-0.16745
1.2989e-10,-1.6014e-08,8.0674e-07,-2.1286e-05,0.0003123,-0.0024742,0.0091997,-0.009941
1.0507e-09,-1.2265e-07,5.8329e-06,-0.00014563,0.0020475,-0.016097,0.065524,-0.10269
7.7347e-09,-7.7678e-07,3.0433e-05,-0.00058168,0.0055327,-0.024173,0.046667,0.035951
6.6002e-10,-8.2168e-08,3.8831e-06,-9.2479e-05,0.0012459,-0.0099811,0.042263,0.06266
-4.2174e-09,5.6554e-07,-3.1852e-05,0.00097592,-0.017563,0.18571,-1.0689,2.5864
3.8281e-09,-5.3646e-07,3.0977e-05,-0.00094979,0.016592,-0.16411,0.84705,-1.7527
-1.7735e-08,1.6734e-06,-6.3313e-05,0.0012369,-0.013375,0.078311,-0.21054,0.24516
1.7615e-06,-0.00020357,0.010053,-0.27508,4.5041,-44.14,239.75,-556.8
2.1551e-09,-3.2159e-07,1.7409e-05,-0.00045947,0.0064057,-0.046544,0.16158,-0.12047
6.2402e-05,-0.0063906,0.27034,-6.1762,82.748,-652.54,2811.8,-5117.4
-2.0393e-09,2.1397e-07,-8.8361e-06,0.00018167,-0.0019385,0.010171,-0.021697,0.039711
4.4097e-09,-4.5227e-07,1.8019e-05,-0.00034773,0.0032649,-0.012612,0.0080337,0.10773
-2.9342e-07,4.3535e-05,-0.0027511,0.095976,-1.9962,24.751,-169.4,493.7
-3.5651e-10,4.0585e-08,-1.9029e-06,4.7349e-05,-0.00067119,0.0053971,-0.022813,0.03928
-1.2574e-08,9.8273e-07,-1.9868e-05,-0.00036589,0.022278,-0.38252,2.9331,-8.5405
0,0,0,0,0,0,0,0
2.2859e-09,-2.3504e-07,9.2042e-06,-0.00016894,0.0014019,-0.0038374,0.003395,0.032841
5.9493e-09,-6.499e-07,2.8673e-05,-0.00065282,0.0081078,-0.053372,0.16781,-0.1491
6.4799e-10,-4.9384e-08,8.4146e-07,2.5483e-05,-0.0011719,0.017083,-0.10715,0.24396
2.635e-09,-2.8575e-07,1.2491e-05,-0.00028315,0.003559,-0.024505,0.084746,-0.055463
-7.7753e-10,9.4545e-08,-5.1325e-06,0.00015666,-0.0027492,0.026178,-0.12045,0.30118
-1.2264e-08,1.3513e-06,-6.0782e-05,0.001428,-0.018606,0.13159,-0.4539,0.6352
5.7749e-06,-0.00098351,0.071473,-2.8726,68.953,-988.35,7832.2,-26467
6.2647e-09,2.5972e-06,-0.00046861,0.030671,-1.0357,19.38,-191.64,784.33
1.1735e-08,-1.3616e-06,6.2967e-05,-0.0014826,0.018829,-0.12606,0.40478,-0.44649
5.362e-09,-5.9782e-07,2.7643e-05,-0.00068861,0.009988,-0.083822,0.3694,-0.59424
-1.2802e-08,1.7277e-06,-9.764e-05,0.0029859,-0.053179,0.54955,-3.0408,6.9414
2.8432e-09,-2.9272e-07,1.1771e-05,-0.00023478,0.0024669,-0.013867,0.042326,-0.012972
1.937e-09,-3.4947e-07,2.1248e-05,-0.00061808,0.0095697,-0.079523,0.32717,-0.45026
-6.9428e-10,1.0585e-07,-6.0328e-06,0.00016654,-0.0023423,0.015273,-0.028398,0.092696
-7.1375e-09,7.6771e-07,-3.3488e-05,0.00075834,-0.0094462,0.062692,-0.19487,0.23665
4.1021e-09,-5.1068e-07,2.5122e-05,-0.00062678,0.0084443,-0.060428,0.21083,-0.15881
2.1557e-11,-2.6654e-09,1.3266e-07,-3.4001e-06,4.749e-05,-0.00034783,0.0011223,-0.00068046
-2.0729e-09,2.2242e-07,-9.5899e-06,0.00021143,-0.0024918,0.014742,-0.035443,0.10726
-1.3116e-08,1.3386e-06,-5.4143e-05,0.0010983,-0.011594,0.059176,-0.1183,0.14645
2.6079e-07,-2.2058e-05,0.00076518,-0.014001,0.14458,-0.83418,2.4652,-2.8378
-2.2572e-09,2.4488e-07,-1.076e-05,0.00024451,-0.0030294,0.019566,-0.054833,0.085556
2.6351e-09,-3.0468e-07,1.3907e-05,-0.00031931,0.0038831,-0.024019,0.065094,-0.010735
1.1094e-08,-1.2185e-06,5.4679e-05,-0.0012934,0.017333,-0.13095,0.5136,-0.72469
6.108e-11,-3.0555e-09,4.3625e-08,-1.5255e-06,8.3839e-05,-0.0016652,0.011369,0.047451
4.1637e-08,-5.5236e-06,0.00030431,-0.008997,0.15367,-1.5113,7.9038,-16.905
-2.6145e-09,3.4627e-07,-1.8506e-05,0.00050913,-0.0076197,0.06005,-0.21868,0.309
-5.8383e-10,-5.1764e-08,7.2888e-06,-0.00028183,0.0050581,-0.045398,0.18876,-0.24452
2.9273e-09,-3.0051e-07,1.1942e-05,-0.00022881,0.0021294,-0.0084988,0.010787,0.055028
1.0987e-09,-1.8924e-07,1.1209e-05,-0.00031462,0.0045527,-0.033354,0.11272,-0.064741
1.1703e-08,-1.1521e-06,4.4779e-05,-0.00087205,0.0089293,-0.046446,0.11234,-0.046615
-3.3892e-09,3.7782e-07,-1.6724e-05,0.00037414,-0.0044501,0.02705,-0.072715,0.065995
5.0546e-08,-6.6116e-06,0.00036176,-0.010716,0.18521,-1.8637,10.083,-22.532
-7.3369e-10,3.2134e-08,1.0224e-06,-8.9584e-05,0.0021258,-0.022036,0.093043,-0.014709
-6.308e-09,6.736e-07,-2.8583e-05,0.00061391,-0.0070404,0.041576,-0.1085,0.10108
9.0857e-09,-9.4068e-07,3.839e-05,-0.00078453,0.0084495,-0.046754,0.12532,-0.091168
-1.9779e-09,2.4855e-07,-1.2696e-05,0.00033227,-0.0046131,0.031603,-0.083794,0.12612
1.0376e-09,-1.0221e-07,3.9383e-06,-7.5406e-05,0.0007547,-0.003761,0.0072743,0.0027803
1.2093e-10,-1.6255e-08,8.7597e-07,-2.4373e-05,0.00037429,-0.0031309,0.013021,-0.02025
1.651e-09,-2.228e-07,1.1989e-05,-0.0003324,0.0050864,-0.042339,0.17363,-0.22616
-3.7706e-10,5.4506e-08,-3.2982e-06,0.00010819,-0.0020769,0.023344,-0.14238,0.36397
3.0936e-10,-2.2488e-08,4.6476e-07,6.383e-07,-0.00011665,0.0012158,-0.0043646,0.0048656
4.1042e-09,-4.1097e-07,1.6432e-05,-0.00033445,0.003673,-0.021428,0.060515,0.028613
4.9598e-07,-4.2533e-06,0,3.914e-05,0,0,0,0
-3.6826e-09,3.2206e-07,-1.0241e-05,0.00013808,-0.00055299,-0.0036447,0.033648,-0.059448
-1.0107e-08,1.1151e-06,-4.9001e-05,0.0010926,-0.013059,0.081398,-0.23555,0.33744
-1.6883e-09,9.0796e-08,-5.2477e-07,-5.3497e-05,0.0013224,-0.012191,0.046889,-0.010291
-3.6306e-09,5.2976e-07,-3.0051e-05,0.00087278,-0.014147,0.12901,-0.61603,1.2466
3.552e-09,-6.2491e-07,4.2851e-05,-0.0015195,0.030398,-0.34427,2.0434,-4.7984
-1.3608e-07,1.8055e-05,-0.0010027,0.030134,-0.52761,5.3654,-29.262,65.992
8.5877e-09,-1.0577e-06,5.3619e-05,-0.0014421,0.022091,-0.19179,0.87185,-1.5959
1.0864e-10,-1.1288e-08,4.5455e-07,-8.7216e-06,7.4167e-05,-7.0732e-05,-0.002538,0.010068
-2.0537e-09,1.7527e-07,-5.3177e-06,6.2682e-05,-6.8878e-05,-0.0035824,0.021844,0.0079812
-1.142e-09,1.0917e-07,-3.7933e-06,5.303e-05,-9.0122e-05,-0.0041913,0.028017,-0.012304
-0.00011934,0.0011801,-0.0030018,-0.0049018,0.034244,-0.052267,0.024504,0.0026933
8.4092e-09,-8.4519e-07,3.3294e-05,-0.00065084,0.0066123,-0.033501,0.072785,-0.021775
-3.3783e-09,3.9673e-07,-1.8984e-05,0.00047627,-0.006727,0.053448,-0.22289,0.40291
-2.6505e-09,2.6157e-07,-1.0182e-05,0.00019635,-0.0019062,0.0080306,-0.0076378,0.039425
-4.6386e-08,5.1832e-06,-0.00023178,0.0052692,-0.063691,0.38519,-0.91217,0.14493
5.1718e-09,-6.0477e-07,2.879e-05,-0.0007133,0.0097385,-0.071082,0.24301,-0.21948
-1.9219e-09,1.031e-07,2.2646e-07,-0.00011886,0.0030965,-0.03456,0.17572,-0.29301
8.891e-06,-0.0014405,0.099938,-3.8487,88.854,-1229.8,9448.5,-31086
1.9918e-10,5.3336e-08,-6.07e-06,0.00023153,-0.0041579,0.037177,-0.15567,0.2722
5.9613e-10,-6.7201e-08,2.9931e-06,-6.5814e-05,0.00071638,-0.0031716,0.00067496,0.060734
1.5145e-08,-1.7855e-06,8.4136e-05,-0.0020025,0.024844,-0.1463,0.299,-0.12471
1.9058e-07,-2.7062e-05,0.0016226,-0.053232,1.0317,-11.812,73.991,-195.7
-6.9527e-09,6.6291e-07,-2.4518e-05,0.00044351,-0.0040848,0.018271,-0.032033,0.037492
1.1285e-09,-1.1242e-07,4.3974e-06,-8.6509e-05,0.00091591,-0.0051569,0.014073,-0.014
-1.6114e-09,1.6201e-07,-6.2936e-06,0.00011703,-0.0010158,0.0026599,0.011039,0.0032814
-8.5061e-10,1.3352e-07,-8.8831e-06,0.00032445,-0.0070187,0.089805,-0.62819,1.8489
9.2012e-10,-6.6543e-08,1.1503e-06,2.3369e-05,-0.0010715,0.014194,-0.081356,0.1732
-2.0507e-09,2.1834e-07,-9.2631e-06,0.00019857,-0.002244,0.012619,-0.029594,0.047206
-1.4651e-09,1.6775e-07,-8.2206e-06,0.00022336,-0.0036114,0.034493,-0.1805,0.46008
-1.9066e-07,1.8331e-05,-0.00068765,0.012529,-0.11046,0.37698,0,0
4.6017e-09,-5.0402e-07,2.195e-05,-0.0004886,0.0059727,-0.040063,0.13456,-0.032873
5.5574e-10,-6.1984e-08,2.7488e-06,-6.1999e-05,0.00075536,-0.0048593,0.014825,-0.015021
-6.3576e-10,6.4511e-09,2.6313e-06,-0.00012585,0.0022774,-0.017815,0.055717,0.0045617
-1.5598e-10,1.3984e-08,-4.2948e-07,4.0614e-06,4.1505e-05,-0.0010132,0.0053969,-0.0026702
8.5455e-05,-0.011775,0.6927,-22.555,438.98,-5107.1,32886,-90422
-2.1622e-09,2.3188e-07,-1.0327e-05,0.0002502,-0.003584,0.030044,-0.13199,0.24493
4.4315e-10,-5.3555e-08,2.5834e-06,-6.1638e-05,0.00072582,-0.0034474,-0.00011796,0.077157
-4.4194e-08,3.9414e-06,-0.00013702,0.0023147,-0.019032,0.062267,-0.003181,-0.15183
-1.9378e-08,3.0158e-06,-0.00019873,0.0071842,-0.15379,1.9483,-13.519,39.611
2.3927e-09,-2.5839e-07,1.1187e-05,-0.0002476,0.0029199,-0.016978,0.040143,0.024723
4.3891e-09,-4.7734e-07,2.0966e-05,-0.00047626,0.005955,-0.040326,0.13493,-0.16614
-1.779e-09,7.9985e-08,1.6345e-06,-0.00015378,0.0032827,-0.029569,0.11013,-0.031501
-4.115e-09,4.0006e-07,-1.4878e-05,0.00025721,-0.0018434,-0.00017143,0.049168,0.0078793
-4.3293e-10,8.9836e-08,-5.9173e-06,0.00018194,-0.0029186,0.024666,-0.10153,0.2392
6.8284e-09,-7.5832e-07,3.3513e-05,-0.0007538,0.0091618,-0.058792,0.17781,-0.15598
-4.0174e-09,4.3687e-07,-1.85e-05,0.00038283,-0.0039375,0.017676,-0.024384,0.10663
5.2508e-08,-4.9692e-06,0.0001791,-0.0030543,0.025224,-0.098319,0.16714,-0.088777
2.0865e-10,-8.8399e-08,5.5026e-06,-0.00013683,0.0016911,-0.012279,0.05513,-0.019477
9.8614e-08,-1.3142e-05,0.00073026,-0.021872,0.38028,-3.8285,20.624,-45.749
-1.2204e-08,1.3216e-06,-5.7794e-05,0.0013084,-0.016332,0.11063,-0.37298,0.52782
6.1088e-09,-6.9543e-07,3.1537e-05,-0.00072789,0.0090433,-0.058729,0.17778,-0.11837
-9.8505e-09,1.0362e-06,-4.3572e-05,0.00094195,-0.011234,0.073527,-0.24282,0.45259
9.8904e-09,-1.0033e-06,4.055e-05,-0.00083524,0.0093729,-0.057365,0.17873,-0.21907
1.2065e-09,-5.69e-08,-6.8188e-07,8.1217e-05,-0.0016302,0.01207,-0.024806,0.10251
-1.2383e-08,1.3317e-06,-5.6825e-05,0.0012201,-0.013767,0.077271,-0.1815,0.19165
-6.2957e-09,6.4861e-07,-2.6659e-05,0.0005556,-0.0061567,0.034613,-0.08427,0.10642
1.4636e-08,-2.0322e-06,0.00011894,-0.003796,0.07117,-0.78163,4.6392,-11.424
2.1412e-10,-2.0244e-08,7.8712e-07,-1.6253e-05,0.00019197,-0.0012949,0.004578,-0.0059423
-1.2628e-07,1.5741e-05,-0.00082176,0.023263,-0.38549,3.7401,-19.696,43.572
1.8286e-08,-2.1345e-06,0.00010127,-0.002513,0.034871,-0.26596,0.9981,-1.256
8.5283e-11,-3.0216e-10,7.5771e-08,-1.4477e-05,0.00048667,-0.0064372,0.037027,-0.0067662
3.0578e-09,-2.7721e-07,9.4491e-06,-0.00014643,0.00093923,-0.0007572,-0.013297,0.13793
-1.0753e-09,3.8369e-08,2.1037e-06,-0.00013659,0.0026894,-0.021627,0.063368,0.0019074
9.0209e-10,-9.937e-08,4.4854e-06,-0.00010432,0.0012716,-0.007093,0.010147,0.073586
-1.7446e-08,2.0944e-06,-0.00010427,0.0027824,-0.042834,0.379,-1.7773,3.4913
-1.3195e-08,1.3367e-06,-5.4016e-05,0.0011072,-0.012074,0.066755,-0.15724,0.16302
-2.6573e-09,2.2831e-07,-7.2018e-06,9.5179e-05,-0.00027119,-0.0048903,0.040581,-0.025961
9.4565e-10,-1.5546e-07,9.6985e-06,-0.00029975,0.004894,-0.041003,0.15432,-0.056528
1.0167e-09,-8.4545e-08,2.2648e-06,-1.0354e-05,-0.00047409,0.0071545,-0.029419,0.039627
1.1954e-09,-1.7921e-07,9.7791e-06,-0.00025586,0.0034482,-0.023624,0.074577,-0.027135
-7.5908e-10,8.0387e-08,-3.3487e-06,6.7948e-05,-0.00063562,0.0012908,0.012015,0.058973
2.692e-06,-5.6138e-05,0.00039225,-0.00092603,0,0.00039765,-0.00014221,2.8685e-05
-3.1516e-09,2.6414e-07,-7.8675e-06,8.6611e-05,0.00019075,-0.011301,0.079171,-0.056295
-4.9016e-09,4.7299e-07,-1.7964e-05,0.00033694,-0.0031716,0.013003,-0.011153,0.0083535
-6.24e-08,7.029e-06,-0.00032725,0.0081338,-0.11617,0.95072,-4.1198,7.2885
2.8592e-08,-3.6547e-06,0.00019051,-0.0051804,0.077764,-0.6243,2.3742,-3.3319
-4.0259e-10,4.8961e-08,-2.3598e-06,5.717e-05,-0.00072237,0.0044021,-0.010181,0.0095569
3.9531e-09,-3.4162e-07,1.133e-05,-0.00017952,0.001384,-0.0052361,0.016291,0.048014
-9.3719e-09,1.1882e-06,-6.2209e-05,0.0017344,-0.027643,0.2502,-1.1841,2.2644
-3.8011e-06,0.00030043,-0.0095045,0.15787,-1.4921,8.0049,-22.356,24.531
-6.2084e-09,6.4451e-07,-2.6897e-05,0.00058195,-0.0070462,0.047507,-0.15557,0.22763
5.9964e-09,-6.4923e-07,2.8058e-05,-0.0006146,0.0071305,-0.041355,0.097804,0.0038324
3.5699e-10,-4.5636e-08,2.3341e-06,-6.1147e-05,0.00086355,-0.0062995,0.020979,0.013381
3.6379e-09,-4.8676e-07,2.7524e-05,-0.00084907,0.015361,-0.16237,0.92807,-2.1387
1.0999e-08,-1.2757e-06,5.856e-05,-0.0013067,0.012856,0.002536,-0.99359,5.3412
0.0015351,-0.24224,16.365,-613.6,13790,-1.8574e+05,1.3885e+06,-4.4438e+06
-2.5673e-11,2.374e-09,-3.7799e-08,-3.2316e-06,0.00015426,-0.0024621,0.014477,0.012783
-7.3738e-10,6.9336e-08,-2.9446e-06,7.7994e-05,-0.0013652,0.014328,-0.078156,0.30534
-1.124e-09,1.4702e-07,-7.8914e-06,0.00022445,-0.0036468,0.033895,-0.16736,0.34005
3.1023e-09,-3.4662e-07,1.5314e-05,-0.00033987,0.0040001,-0.02456,0.0731,-0.082655
2.6143e-09,-2.8759e-07,1.2562e-05,-0.00027661,0.0032321,-0.019638,0.058248,-0.035178
-6.7783e-09,7.1637e-07,-3.0186e-05,0.00064747,-0.0074886,0.045757,-0.13737,0.25112
0.00012506,-0.0091368,0.28567,-4.9547,51.485,-320.52,1106.9,-1635.7
4.7034e-09,-5.177e-07,2.2309e-05,-0.00047565,0.0052316,-0.028572,0.073066,-0.0080003
8.6921e-09,-8.8161e-07,3.5365e-05,-0.00071148,0.0075006,-0.039425,0.089866,0.017025
-3.1581e-11,-2.7243e-07,3.2542e-05,-0.0015797,0.039896,-0.55022,3.9016,-11.03
-6.8811e-11,5.1166e-09,-4.2927e-08,-5.3786e-06,0.00017381,-0.0019233,0.0072997,0.0060496
2.0506e-10,-4.5161e-08,2.9045e-06,-8.0333e-05,0.0010039,-0.0047308,0.0009727,0.056189
2.3336e-09,-2.9681e-07,1.5813e-05,-0.00045456,0.0075366,-0.070743,0.33477,-0.5537
-7.0908e-08,8.3572e-06,-0.00040986,0.010807,-0.16489,1.4507,-6.7919,13.002
1.4127e-06,-8.3456e-05,0.0018949,-0.022009,0.14301,-0.52387,1.009,-0.79189
1.4576e-09,-1.5738e-07,6.9137e-06,-0.00015842,0.00202,-0.014402,0.054806,0.007073
1.7972e-09,-1.7958e-07,7.3329e-06,-0.00015909,0.0020013,-0.01482,0.060215,-0.10273
3.0265e-09,-3.4291e-07,1.5036e-05,-0.00032499,0.0036467,-0.020574,0.052867,0.0026056
1.092e-09,-1.2554e-07,5.5667e-06,-0.00011964,0.0012721,-0.0057999,0.0018782,0.084526
6.4274e-10,-5.533e-08,1.7682e-06,-2.7787e-05,0.00029226,-0.0029653,0.021597,0.026084
-1.2048e-09,1.2301e-07,-5.1591e-06,0.00011456,-0.0014366,0.0098805,-0.032161,0.099998
-8.172e-09,8.1841e-07,-3.3482e-05,0.00072385,-0.0089225,0.062645,-0.23168,0.34906
-5.1035e-09,5.6325e-07,-2.494e-05,0.00056407,-0.0068702,0.043775,-0.13189,0.20449
1.015e-09,-1.2641e-07,5.9285e-06,-0.00013325,0.0015,-0.0082564,0.024414,0.020492
5.469e-09,-7.5396e-07,4.1926e-05,-0.0012178,0.019922,-0.18337,0.87894,-1.6525
-9.2959e-10,8.5833e-08,-3.0443e-06,5.0905e-05,-0.00037213,0.00032481,0.0074985,0.012895
-8.0116e-10,7.0084e-08,-2.1147e-06,2.0728e-05,0.00014368,-0.0037577,0.018414,0.022702
-1.5624e-09,9.4143e-09,4.1298e-06,-0.00014273,0.0018228,-0.010054,0.022426,-0.010496
