1.6181e-07,0,0,0,0,0,0,0
4.6051e-07,-4.5368e-05,0.0017409,-0.032624,0.30383,-1.2428,1.5958,60.178
3.363e-07,-3.488e-05,0.0014554,-0.031269,0.36547,-2.2035,5.3272,53.785
-1.305e-06,0.00010683,-0.0031393,0.038953,-0.186,0.38209,-0.33285,73.109
2.4342e-05,-0.0014057,0.031309,-0.32282,1.3313,0,0,0
3.7572e-07,-3.8535e-05,0.001566,-0.032067,0.34715,-1.881,4.0674,59.769
-8.242e-05,0.0084887,-0.35367,7.6456,-91.619,602.94,-2003.8,2678.9
-4.9669e-07,4.2977e-05,-0.0013203,0.01642,-0.062867,0.06354,-2.3221,80.068
-3.3366e-07,1.8913e-05,-0.00015977,-0.0071588,0.11786,0,0,0
2.7364e-06,-0.00023583,0.0081432,-0.14351,1.3602,-6.6939,14.975,52.714
-1.1848e-06,0.00012111,-0.0048413,0.095614,-0.97192,4.8392,-10.092,72.311
-3.9389e-06,0.00025603,-0.0063585,0.075189,-0.43792,1.3903,-4.4837,68.379
5.1075e-07,-5.1939e-05,0.0020386,-0.038464,0.35292,-1.438,2.6777,55.944
1.3401e-07,-1.6766e-05,0.00080766,-0.018822,0.21634,-1.0499,0.37553,74.511
-5.7886e-07,7.675e-05,-0.0041775,0.12002,-1.9475,17.645,-81.291,202.25
-9.2838e-07,9.8071e-05,-0.0041273,0.087722,-0.98065,5.4023,-11.801,63.616
-3.93e-07,9.2037e-06,0,0,0,0,0,0
7.7947e-08,-1.5935e-05,0.0010232,-0.029831,0.43091,-2.9801,8.6291,54.395
-3.2661e-05,0.0023761,-0.070215,1.0842,-9.3675,45.027,-111.83,176.15
-3.226e-07,3.4297e-05,-0.0014674,0.032366,-0.38891,2.4427,-6.8176,67.803
-2.6734e-07,2.9713e-05,-0.0012899,0.027348,-0.28749,1.3405,-2.1695,55.702
-6.3877e-07,6.8726e-05,-0.0029758,0.066534,-0.82121,5.5554,-18.941,77.792
9.2234e-08,-1.4079e-05,0.00090846,-0.031993,0.66025,-7.9102,50.111,-43.293
3.3598e-05,-0.0037693,0.17448,-4.3111,61.336,-502.39,2194.6,-3876.2
-2.2175e-07,1.0921e-05,0.00033416,-0.03373,0.87959,-10.016,46.411,10.205
4.1069e-07,-4.9137e-05,0.0023474,-0.056629,0.71728,-4.5205,12.527,55.476
5.3366e-07,-6.2224e-05,0.0030663,-0.082558,1.2938,-11.481,51.319,-24.775
-5.3907e-05,0.0075207,-0.43683,13.622,-244.62,2505.7,-13363,27951
7.8345e-07,-9.7583e-05,0.0047342,-0.11313,1.38,-8.0251,18.749,50.191
9.373e-07,-9.6654e-05,0.0039183,-0.079032,0.8241,-4.1141,7.3927,63.638
-4.9061e-07,4.5446e-05,-0.0016288,0.028266,-0.24473,1.0424,-2.5984,65.948
1.7065e-07,-1.8315e-05,0.00078191,-0.016801,0.19125,-1.1328,3.0617,65.562
0,0,0,0,0,0,0,0
7.5937e-06,-0.0007005,0.024621,-0.41599,3.548,-14.63,23.028,60.015
-0.00066556,0.054585,-1.8868,35.592,-394.95,2571.9,-9074.4,13412
-0.0083772,0.42294,-8.8182,98.675,-642.36,2443.7,-5047.6,4435.7
0.0012247,-0.10103,3.2577,-51.126,392.54,-1292.4,1507.1,0
-5.29e-07,4.5341e-05,-0.0014678,0.022585,-0.17733,0.79814,-2.0893,55.018
-2.0803e-07,1.8971e-05,-0.00064562,0.009838,-0.059666,0.029299,0.72461,56.476
-9.6612e-07,9.1363e-05,-0.0033338,0.059055,-0.5267,2.2755,-4.5734,61.621
5.5979e-07,-5.5421e-05,0.0021367,-0.040182,0.3738,-1.4716,0.6095,66.209
2.4042e-06,-0.00029305,0.014609,-0.38087,5.5048,-43.044,164.37,-164.5
2.4546e-07,-2.2557e-05,0.0008388,-0.016533,0.18768,-1.1994,3.9715,52.379
-0.00026964,0.011719,-0.19842,1.6476,-6.927,13.626,-9.8042,61.874
4.5322e-07,-4.0586e-05,0.0014243,-0.024703,0.21792,-0.86745,0.97544,60.997
-7.6299e-07,1.7054e-05,-1.4213e-05,0,0,0,0,0
7.7569e-07,-7.9985e-05,0.0032362,-0.065105,0.68053,-3.5309,8.1236,52.609
0,0,0,0,0,0,0,0
-3.2984e-07,3.7017e-05,-0.0016246,0.0349,-0.37507,1.8586,-3.9213,75.778
-9.3021e-08,8.8368e-06,-0.00031941,0.0052269,-0.029846,-0.16528,2.653,58.124
-9.3371e-07,0.00010173,-0.0044108,0.096826,-1.1316,6.731,-17.115,74.273
4.1846e-07,-3.8295e-05,0.0012781,-0.017842,0.065912,0.54662,-3.3154,63.805
-1.9668e-07,1.7574e-05,-0.00057076,0.0075718,-0.020389,-0.28353,0.65867,65.238
0.0021166,-0.16571,4.3245,-37.614,0,0,0,0
-8.5835e-07,8.2145e-05,-0.0031661,0.063372,-0.69891,4.0118,-9.8408,69.712
3.6833e-07,-3.1305e-05,0.0010045,-0.015338,0.11969,-0.51633,1.121,58.654
-1.1655e-06,0.00011496,-0.0044778,0.087271,-0.88951,4.5268,-9.8014,61.552
-4.4693e-07,5.0667e-05,-0.0023293,0.055497,-0.72137,4.8739,-14.379,75.338
-2.2955e-06,0.0002155,-0.0080195,0.15025,-1.4832,7.3053,-15.091,70.293
-3.2606e-06,0.00032268,-0.01266,0.24977,-2.5944,13.583,-31.385,88.19
6.6087e-07,-6.4721e-05,0.0024756,-0.046158,0.41957,-1.5091,0.40821,61.137
-3.4129e-05,0.0038039,-0.17298,4.1191,-54.802,401.96,-1489.2,2213
-8.7034e-07,8.5413e-05,-0.0033818,0.069336,-0.77865,4.5334,-10.669,62.094
-4.8475e-07,4.1068e-05,-0.0013033,0.018928,-0.1179,0.12053,1.4004,58.232
5.7403e-06,-0.00082249,0.048892,-1.5535,28.265,-291.38,1555.7,-3223.7
0.0024847,-0.29171,14.566,-400.93,6569.7,-64081,3.4448e+05,-7.8722e+05
-3.4204e-07,3.718e-05,-0.001698,0.041655,-0.575,4.2472,-14.53,78.439
0,0,0,0,0,0,0,0
1.9736e-05,-0.0023053,0.10923,-2.6884,36.501,-267.08,945.78,-1161.1
9.5491e-07,-0.00010986,0.0050422,-0.11761,1.4668,-9.3399,25.221,53.669
2.299e-07,-2.5972e-05,0.0011432,-0.024834,0.27533,-1.3848,1.4917,66.175
2.4303e-05,-0.0015841,0.040609,-0.51883,3.4334,-10.946,13.348,62.026
-5.5029e-09,1.3269e-06,-7.189e-05,0.0014943,-0.013017,0.062576,-0.43913,64.379
8.215e-08,-1.0516e-05,0.00053331,-0.013616,0.18518,-1.3216,4.4654,60.239
1.5366e-06,-0.00016762,0.0073604,-0.16601,2.03,-12.984,37.648,27.729
5.2381e-08,-6.5835e-06,0.00040475,-0.01403,0.26097,-2.3027,7.21,55.175
1.6814,-62.668,992.05,-8643.9,44755,-1.3765e+05,2.3273e+05,-1.6672e+05
-7.2219e-07,8.7893e-05,-0.004348,0.11159,-1.574,11.947,-44.03,111.84
7.2886e-08,-6.8406e-06,0.00025329,-0.0048032,0.050513,-0.26501,0.0019028,65.472
5.7163e-06,-0.00048516,0.016518,-0.28774,2.6917,-12.844,26.695,37.016
9.4264e-07,-8.8346e-05,0.0032502,-0.059652,0.57707,-2.9037,7.3741,54.745
5.2139e-07,-5.4957e-05,0.0022738,-0.046796,0.50073,-2.6562,6.1177,55.716
1.6626e-07,-1.3484e-05,0.00039101,-0.0044183,0.0043269,0.221,-0.92682,53.464
1.0411e-07,-1.5566e-05,0.00076031,-0.016797,0.18602,-1.1113,4.1958,54.004
4.8063e-07,-4.6951e-05,0.0017629,-0.031727,0.27661,-1.0161,0.88747,66.601
-4.7951e-05,0.0055602,-0.26899,7.0209,-106.53,937.19,-4415.3,8642.6
-4.4521e-07,5.6572e-05,-0.002797,0.068466,-0.86945,5.4591,-14.489,65.868
-1.6938e-07,1.7846e-05,-0.00076461,0.017067,-0.21001,1.373,-4.0702,70.18
7.7643e-07,-7.5986e-05,0.0029618,-0.058853,0.63396,-3.6204,9.664,55.864
-0.001377,0.042019,-0.44361,1.9935,-4.5342,5.5117,-3.4193,70.851
8.8802e-07,-0.00010003,0.004599,-0.11063,1.4784,-10.686,37.194,15.556
-3.2492e-07,2.1986e-05,-0.0003948,-0.0030997,0.16604,-1.6712,5.4668,62.179
-0.2698,2.7942,-8.2942,0,24.181,0,0,0
-8.4488e-07,7.4141e-05,-0.0024548,0.039073,-0.32712,1.5059,-3.4933,62.708
-0.028237,0.78544,-8.7358,49.689,-153.3,250.41,-195.13,115.5
1.4645e-06,-0.00015852,0.006671,-0.13679,1.3985,-6.4524,9.1882,72.903
1.3997e-07,-1.4629e-05,0.00057928,-0.010385,0.071971,0.038325,-0.99059,55.782
2.7962e-07,-2.5442e-05,0.00091764,-0.016888,0.16869,-0.87651,1.7821,66.457
-2.751e-05,0.002784,-0.11488,2.4846,-30.089,201.23,-674.76,916.13
10.844,-160.56,990.32,-3292.3,6360.4,-7129.5,4287.5,-1004.5
2.8976e-05,-0.0031357,0.14042,-3.3563,45.99,-359.27,1476.2,-2383.5
-0.044115,2.1833,-45.329,511.42,-3383.9,13124,-27614,24375
-6.7081e-08,7.1295e-06,-0.00031594,0.0075003,-0.099246,0.6912,-2.3152,66.993
-2.837e-07,5.7554e-05,-0.0038245,0.11967,-1.9524,16.512,-64.123,141.15
0,0,0,0,0,0,0,0
2.8105e-07,-3.9895e-05,0.0022417,-0.064442,1.0114,-8.4016,31.112,39.715
-4.0577e-06,0.00035109,-0.012147,0.21632,-2.1269,11.445,-30.684,85.992
8.0953e-07,-7.8093e-05,0.0028762,-0.049923,0.39942,-1.0885,-0.93081,65.243
4.7631e-06,-0.00040898,0.013802,-0.23419,2.1205,-10.004,22.028,45.189
4.2699e-06,-0.00039746,0.014384,-0.25416,2.2516,-9.0816,11.599,65.624
-7.9479e-06,0.0008847,-0.040269,0.96585,-13.094,99.543,-389.74,681.29
4.8394e-06,-0.00035737,0.01038,-0.14892,1.075,-3.4077,2.6005,66.271
1.5166e-06,-0.00015473,0.0062458,-0.12647,1.3442,-7.1837,17.241,47.5
3.6108e-07,-4.1444e-05,0.0019002,-0.044098,0.54015,-3.301,8.5629,57.02
0.00069452,-0.06036,1.822,-21.143,64.133,-69.655,29.005,64.143
-2.8098e-07,2.507e-05,-0.00081173,0.011102,-0.049338,-0.087967,0.53423,60.616
1.3357e-07,-1.1487e-05,0.00036064,-0.0048576,0.022191,0.044251,-0.41581,60.748
3.304e-07,-3.3563e-05,0.0012985,-0.023188,0.1697,0.013454,-4.4067,75.235
0,0,0,0,0,0,0,0
6.2807e-07,-6.218e-05,0.0023367,-0.040791,0.31326,-0.61095,-2.0424,66.435
-8.3081e-07,0.00010748,-0.0056491,0.15503,-2.3741,20.008,-84.106,196.43
8.0976e-07,-7.8231e-05,0.0029471,-0.054277,0.49869,-2.0596,3.0382,61.198
-1.5394e-06,0.0001976,-0.010246,0.27545,-4.1,33.404,-136.89,278.34
1.4225e-07,-1.4336e-05,0.00056569,-0.011008,0.10898,-0.50545,0.83413,64.33
-6.2192e-07,7.269e-05,-0.0033069,0.07412,-0.84657,4.5632,-9.9363,68.136
-1.5465e-07,7.2256e-06,0.00012868,-0.012481,0.24263,-1.758,4.2641,55.271
-1.3398e-07,3.615e-06,0,0,0,0,0,0
-1.291e-06,0.00012395,-0.0045348,0.078989,-0.682,3.0464,-8.6493,73.772
-1.3717e-06,0.00014849,-0.0063059,0.13215,-1.4009,6.7682,-11.022,65.852
-9.9588e-06,0.0013675,-0.079255,2.5152,-47.278,527.31,-3236.5,8496.8
-3.0548e-06,0.00028311,-0.0094871,0.13501,-0.71612,0.96146,2.2183,58.348
8.0384e-06,-0.0010257,0.053311,-1.4413,21.384,-167.67,607.36,-724.04
-1.4318e-06,0.00013896,-0.005343,0.10385,-1.0779,5.796,-14.284,67.928
2.6896e-07,-2.8511e-05,0.0011736,-0.023917,0.25399,-1.3297,2.6622,60.335
-1.6092e-06,0.00016601,-0.0067476,0.13691,-1.4425,7.3718,-14.973,73.523
-5.0551e-06,0.00064179,-0.032376,0.82881,-11.455,84.664,-307.76,484.32
1.0679e-05,-0.0015198,0.088678,-2.7351,47.853,-472.12,2424.4,-4915.1
-1.1387e-05,0.0011198,-0.044573,0.91857,-10.392,62.979,-184.77,270.32
-6.3874e-07,6.8489e-05,-0.0029572,0.065321,-0.76984,4.5413,-10.99,71.24
-3.0754e-06,0.00034166,-0.015232,0.34776,-4.2972,27.966,-87.508,174.51
3.031e-07,-3.6081e-05,0.0016159,-0.033936,0.33783,-1.4871,3.6826,52.514
-1.3135e-06,0.00012724,-0.0048371,0.091839,-0.91513,4.5682,-9.7357,68.043
-0.059539,3.1445,-64.501,651.61,-3453,9814.2,-14187,8267.1
3.9021e-07,-4.6154e-05,0.0021594,-0.050675,0.62335,-3.812,9.757,52.602
-4.1985e-07,4.4558e-05,-0.0019014,0.041939,-0.51383,3.5066,-12.226,72.758
-5.1241e-08,1.658e-05,-0.0012651,0.041267,-0.65355,4.9502,-15.976,76.133
1.6081e-06,-0.00018716,0.0089803,-0.23001,3.3962,-28.943,132.17,-194.74
1.2661e-07,-1.0887e-05,0.00038739,-0.0075804,0.085959,-0.48494,0.95028,54.733
2.8822e-06,-0.00027928,0.010642,-0.20168,1.9697,-9.1886,16.814,56.635
-3.5598e-06,0.00043357,-0.021804,0.58454,-8.9827,78.771,-363.58,741.27
1.5293e-06,-0.00011501,-0.00031306,0.28327,-11.483,207.7,-1821.4,6352.2
1.4453e-06,-0.00013325,0.004869,-0.089656,0.871,-4.2347,8.821,50.573
-86.033,1825.8,-15425,63748,-1.1743e+05,0,3.0991e+05,-3.1722e+05
-3.7841e-07,4.0159e-05,-0.0016915,0.035755,-0.39364,2.1042,-4.3896,63.583
-1.6199e-05,0.002233,-0.129,4.0394,-73.877,787.01,-4506.4,10710
2.1108e-06,-0.0002284,0.0097707,-0.20828,2.283,-11.91,24.076,52.108
0.00033138,-0.05295,3.5968,-134.61,2996.9,-39688,2.8943e+05,-8.9657e+05
-0.00013533,0.012129,-0.44945,8.8918,-101.04,657.4,-2263.8,3244.3
-4.034e-07,5.2699e-05,-0.0027078,0.070152,-0.97267,7.0667,-24.303,89.891
-2.972e-08,3.2662e-06,-0.00016488,0.0049829,-0.093077,0.99225,-5.0604,67.048
-1.9109e-07,1.2883e-05,-0.00018722,-0.0045253,0.15365,-1.4427,4.9223,60.03
3.7189e-07,-3.5333e-05,0.0012736,-0.021773,0.18519,-0.83131,2.1194,66.836
-1.3638e-06,0.0001351,-0.0053177,0.10657,-1.1439,6.2855,-15.247,65.355
4.9182e-07,-4.7662e-05,0.0018125,-0.034083,0.32618,-1.4543,2.4954,53.998
-8.8206e-07,9.6151e-05,-0.0041542,0.090673,-1.058,6.5094,-20.365,95.093
-49.005,1924.9,-30201,2.366e+05,-9.255e+05,1.4462e+06,0,0
3.4603e-06,-0.00036642,0.015074,-0.29916,2.8516,-10.77,4.889,105.06
-1.6455e-06,0.00016194,-0.0062349,0.11869,-1.1642,5.6106,-11.158,62.27
0.00020256,-0.006605,0.079286,-0.408,0.65739,1.1802,-5.0498,60.234
-5.3031e-07,6.2061e-05,-0.0028735,0.067623,-0.86309,5.9032,-19.612,87.119
-1.3527e-06,0.00014806,-0.0065844,0.15346,-2.0179,14.921,-56.489,149.23
-4.3929e-06,0.00047796,-0.021342,0.50496,-6.8214,52.741,-219.26,449.28
-1.0758e-06,0.00011438,-0.0048013,0.10034,-1.0781,5.507,-10.914,70.088
4.4104e-07,-4.0989e-05,0.0014907,-0.026938,0.25519,-1.2615,3.4889,58.2
1.18e-06,-0.0001127,0.0041351,-0.072502,0.60597,-1.9448,0.24846,61.186
1.7703e-07,-2.7523e-05,0.0016552,-0.049534,0.77709,-6.104,21.273,30.603
-1.3826e-07,6.6994e-06,9.6742e-06,-0.0046182,0.062023,0.044361,-3.3798,62.185
1.7829e-07,-1.4772e-05,0.00039866,-0.0019359,-0.090573,1.6527,-10.232,77.004
9.3978e-07,-8.1219e-05,0.0024877,-0.028217,-0.03305,2.6197,-12.483,67.418
5.4253e-08,-4.7684e-06,0.00012235,8.7024e-05,-0.048235,0.71542,-3.629,70.67
-5.6331e-06,0.00065648,-0.031457,0.79914,-11.557,94.579,-403.27,747.46
-1.0653e-06,0.00011002,-0.0045853,0.098854,-1.1709,7.4254,-22.36,85.837
-2.4818e-07,2.596e-05,-0.0010645,0.021812,-0.23786,1.3794,-3.9117,68.119
8.6575e-07,-8.9899e-05,0.0036443,-0.072396,0.721,-3.2459,4.7593,58.589
-3.7982e-08,3.9331e-06,-9.0254e-05,-0.002536,0.13798,-1.9962,10.07,45.448
3.1343e-07,-3.8101e-05,0.0018011,-0.041776,0.49042,-2.6802,5.7135,55.738
-8.4318e-07,7.8491e-05,-0.0028673,0.052447,-0.51127,2.6162,-5.573,55.424
-1.3338e-06,0.00013612,-0.0055234,0.11358,-1.2502,7.1423,-18.493,68.064
5.9828e-07,-6.9404e-05,0.0032239,-0.076287,0.96159,-6.0586,14.972,57.103
2.7821e-06,-0.00022345,0.0066935,-0.088351,0.39638,1.2214,-10.39,77.105
-5.0339e-08,6.4904e-06,-0.00029676,0.0060455,-0.054752,0.2022,-0.3515,61.006
5.9886e-07,-6.2154e-05,0.0025583,-0.052791,0.56577,-2.9198,5.9066,60.274
0.0059572,-0.25368,4.4132,-40.416,209.1,-607.38,913.06,-484.06
-9.8949e-08,2.8266e-06,0,0,0,0,0,0
1.8416e-06,-0.0001384,0.0043086,-0.074732,0.80948,-5.3591,17.175,50.003
0,0,0,0,0,0,0,0
-4.4808e-07,4.3925e-05,-0.0016915,0.032276,-0.31517,1.4593,-2.574,58.905
40.227,-6178,4.0641e+05,-1.4845e+07,3.2517e+08,-4.2713e+09,3.1153e+10,-9.733e+10
5.7476e-08,-1.2316e-05,0.00078346,-0.021689,0.27725,-1.4193,1.0965,69.306
-1.0346e-06,0.00010343,-0.0040059,0.075097,-0.69116,2.7426,-2.6081,56.049
-2.1185e-07,2.3345e-05,-0.0010396,0.023935,-0.30147,2.0042,-6.0132,72.051
4.0886e-07,-4.8719e-05,0.0022941,-0.054345,0.68165,-4.3714,12.965,47.068
8.6931e-07,-8.5047e-05,0.0032914,-0.064578,0.68608,-3.8944,10.742,47.476
-1.7457e-06,0.0001876,-0.0081043,0.18023,-2.1961,14.426,-46.432,111.06
-1.451e-06,0.00015292,-0.0063898,0.13396,-1.4655,7.858,-17.23,72.547
9.3896e-08,-8.7698e-06,0.0002763,-0.0025185,-0.034081,0.78104,-4.2151,64.313
7.6266e-07,-8.6641e-05,0.0038675,-0.08609,1.0026,-5.8462,14.376,52.719
-3.5713e-07,4.0348e-05,-0.0018748,0.046081,-0.63674,4.7897,-17.128,86.278
5.0753e-07,-5.5762e-05,0.002418,-0.052262,0.5823,-3.1,6.5396,61.769
2.7408e-08,0,0,0,0,0,0,0
-5.1854e-08,4.0606e-06,-9.4269e-05,-0.00013791,0.033876,-0.43742,1.9584,55.603
9.5712e-08,-1.2746e-05,0.00066141,-0.016824,0.2096,-0.95333,-2.4884,81.353
-4.6883e-07,4.5918e-05,-0.0017267,0.031114,-0.27354,1.0624,-1.6465,67.794
5.296e-06,-0.00027985,0.001759,0.14301,-3.2902,26.28,-82.59,161.09
2.4713e-07,-3.2464e-05,0.0017016,-0.045584,0.66286,-5.1183,18.879,43.799
-0.0015595,0.12097,-3.5405,48.689,-316.99,788.37,0,0
8.1096e-06,-0.00065905,0.021292,-0.3457,2.9159,-11.753,17.808,57.304
-24.32,3334,-1.9582e+05,6.3882e+06,-1.25e+08,1.4672e+09,-9.5645e+09,2.6714e+10
7.5449e-07,-6.6837e-05,0.0020739,-0.022841,-0.059174,2.4963,-11.055,84.916
0,0,0,0,0,0,0,0
-3.3826e-07,3.8855e-05,-0.0017956,0.041859,-0.50427,2.892,-6.8,66.147
-3.9376e-07,3.5186e-05,-0.0011794,0.018068,-0.1166,0.09746,1.6425,49.242
0.0082863,-0.70011,24.209,-436.91,4327.9,-22483,52627,-43916
1.5012e-06,-0.0001617,0.0069556,-0.15225,1.7865,-10.753,27.502,51.43
-1.2438e-08,-3.8007e-06,0.0004196,-0.015392,0.2504,-1.7373,4.2051,51.455
0.00026171,-0.0087282,0.052045,0,0,0,0,0
-6.3059e-07,7.9027e-05,-0.0040005,0.10291,-1.364,7.7197,0,0
-2.6242e-06,0.00020171,-0.0057543,0.072479,-0.33907,-0.21604,3.3772,63.799
1.7503e-07,-1.5243e-05,0.0004861,-0.0067287,0.028133,0.31991,-4.1376,74.628
2.8961e-05,-0.0035493,0.17637,-4.5498,64.653,-493.46,1814,-2419
-1.3319e-07,1.5174e-05,-0.00070694,0.017093,-0.22051,1.3358,-1.9227,56.95
2.9712e-07,-3.9636e-05,0.0020475,-0.052448,0.70567,-4.905,16.381,50.068
2.1005e-06,-0.00024044,0.010736,-0.23815,2.7544,-15.714,34.336,67.638
-4.403e-07,4.5677e-05,-0.001878,0.038781,-0.41881,2.1995,-4.2474,63.111
-6.9624e-06,0.00054368,-0.015288,0.16624,0.04813,-13.876,87.779,-88.322
-2.1742e-06,0.00023026,-0.00978,0.21286,-2.5207,15.956,-49.148,124.27
-1.741e-06,0.0001819,-0.007635,0.16424,-1.9076,11.485,-30.941,91.166
7.2783e-07,-8.2129e-05,0.0036374,-0.080132,0.91557,-5.1007,11.459,49.918
2.7832e-07,-1.3907e-05,-0.00012998,0.019932,-0.45209,4.1918,-15.821,78.935
-9.158e-07,0.00010517,-0.0048891,0.1173,-1.5281,10.378,-32.211,92.008
-0.00012814,0.011614,-0.42132,7.7791,-76.884,394.14,-958.09,952.01
-8.868e-07,9.4587e-05,-0.0040512,0.089072,-1.0641,6.7053,-19.683,81.276
-6.4083e-06,0.000586,-0.021482,0.39718,-3.8231,17.741,-31.546,85.952
-0.00044433,0.024196,-0.38445,1.4302,0,0,0,0
8.9274e-07,-5.0026e-05,0.00070456,0,0,0,0,0
-5.7129e-06,0.0006263,-0.028474,0.694,-9.7711,79.366,-344.71,687.31
3.074e-06,-0.00033166,0.014294,-0.31437,3.7343,-23.195,65.413,15.306
-1.3118e-05,0.00082689,-0.018415,0.16434,-0.36466,-1.8216,6.1932,72.522
8.2035e-07,-9.0563e-05,0.003804,-0.072908,0.55906,-0.099113,-10.309,87.891
3.4956e-06,-0.00069744,0.042854,-1.2379,18.995,-157.11,652.08,-991.97
-1.9717e-06,0.00019541,-0.0078316,0.16259,-1.8617,11.617,-36.756,105.02
1.2282e-05,-0.0015544,0.082505,-2.3745,39.908,-390.58,2055.2,-4401.6
-5.1272e-08,2.0969e-06,4.2714e-05,-0.0035709,0.075917,-0.83869,5.3073,62.149
1.5496e-05,-0.0014406,0.053632,-1.0195,10.441,-55.63,134.21,-26.781
5.0152e-07,-4.7219e-05,0.0017222,-0.03092,0.29015,-1.3877,2.9727,52.591
2.1412e-07,-2.5271e-05,0.0011926,-0.028648,0.36853,-2.4391,7.1979,56.649
-0.0079101,0.77228,-31.32,675.32,-8164.7,52477,-1.4008e+05,0
-6.2508e-07,6.7718e-05,-0.0029251,0.064337,-0.76435,4.7752,-13.353,74.509
-3.0635e-06,0.00029381,-0.011171,0.21519,-2.2385,12.52,-34.363,85.271
6.1841e-08,-4.2325e-06,7.4487e-05,0,0,0,0,0
4.6239e-06,-0.0004367,0.01647,-0.31448,3.1506,-15.154,25.031,80.303
-9.6797e-08,9.3505e-06,-0.00035348,0.0067788,-0.072221,0.41415,-1.0482,64.561
8.5454e-06,-0.0010753,0.056057,-1.5577,24.627,-216.91,943.72,-1326.2
-4.1181e-07,4.4939e-05,-0.0019453,0.04229,-0.48595,2.9195,-9.2046,80.982
-8.9174e-06,0.001109,-0.057164,1.582,-25.415,237.63,-1201.2,2621.4
8.0244e-06,-0.0007418,0.028161,-0.56388,6.3216,-38.196,104.84,-4.1619
1.062e-06,-0.00011227,0.0046766,-0.097138,1.0444,-5.3601,9.6813,62.359
-5.0332e-07,5.2994e-05,-0.0022582,0.049898,-0.60665,3.9498,-12.267,85.613
9.5669e-07,-0.00014781,0.0086742,-0.25433,4.0211,-34.045,142.47,-163.77
0,0,0,0,0,0,0,0
-2.3943e-07,3.017e-05,-0.0014249,0.032484,-0.37599,2.1017,-4.8197,66.065
2.4365e-07,-3.3187e-05,0.0017646,-0.047275,0.67848,-5.0525,17.165,54.23
3.423e-05,-0.0034575,0.14229,-3.0805,37.784,-262.24,952.46,-1311.5
-1.1093e-05,0.0010708,-0.040912,0.78399,-7.8405,38.103,-70.889,108.88
-0.006221,0.59308,-23.279,488.69,-5951.3,42221,-1.6217e+05,2.6103e+05
2.4209e-06,-0.00023646,0.0091915,-0.18087,1.892,-9.9934,20.766,64.183
6.5372e-07,-6.6796e-05,0.0026575,-0.051224,0.46928,-1.3641,-4.975,95.487
1.9816e-06,-0.00018441,0.0067145,-0.12034,1.0902,-4.5486,6.6065,56.386
1.3965e-07,-1.6344e-05,0.00075687,-0.017487,0.20777,-1.1654,2.3039,57.53
0.034033,-5.6987,408.69,-16273,3.8849e+05,-5.5609e+06,4.4189e+07,-1.5037e+08
-0.0011644,0.097339,-3.3936,63.849,-699.14,4451,-15242,21708
-0.00011886,0.019478,-1.3596,52.395,-1203.5,16474,-1.2441e+05,3.9981e+05
1.8779e-06,-0.00019269,0.0077451,-0.15469,1.6071,-8.2185,16.675,69.168
-3.9065e-07,4.8112e-05,-0.0023288,0.056076,-0.69854,4.2431,-10.92,67.407
3.3757e-05,-0.0046676,0.2709,-8.5406,157.7,-1702.3,9925.5,-23971
2.4482e-06,-0.0002536,0.010466,-0.22019,2.5167,-15.407,45.885,17.673
-1.1075e-05,0.0012481,-0.057429,1.3821,-18.478,134.01,-473.85,711.78
1.1892e-06,-0.00012868,0.0055202,-0.11911,1.358,-7.9529,21.792,48.047
-9.187e-07,8.2773e-05,-0.0029367,0.052045,-0.47921,2.1348,-3.666,55.976
1.0296e-05,-0.00076463,0.02282,-0.3486,2.8695,-12.204,22.873,49.074
-5.7388e-07,5.0086e-05,-0.0016047,0.022914,-0.13782,0.21447,0.22612,59.079
2.4115e-06,-0.00024162,0.0096506,-0.19601,2.1415,-12.237,32.621,42.727
-4.6427e-07,4.668e-05,-0.0018503,0.036616,-0.37909,2.0134,-5.5456,69.108
5.1453e-06,-0.00039672,0.012059,-0.18265,1.4227,-5.0843,4.0925,80.187
4.7497e-07,-5.184e-05,0.0022406,-0.04835,0.53566,-2.7442,3.9615,88.199
1.7525e-07,-1.9408e-05,0.00083665,-0.01761,0.18518,-0.88885,1.6442,57.819
0.00071877,-0.03807,0.80669,-8.6978,50.092,-147.25,189.83,0
1.7855e-07,-1.7498e-05,0.00063341,-0.010126,0.061811,0.0069923,-0.55361,59.048
1.2965e-06,-0.00014315,0.0064303,-0.14992,1.9028,-12.388,33.322,43.943
-6.2403e-08,8.5653e-06,-0.00045793,0.012273,-0.17534,1.3008,-4.4848,63.004
2.1693e-06,-0.00028682,0.015506,-0.44055,7.023,-61.737,268.96,-365.4
-1.0963e-06,0.00014077,-0.0069491,0.16578,-1.9611,10.729,-25.759,82.847
-6.0019e-06,0.00044053,-0.012878,0.19125,-1.5256,6.3512,-12.236,75.089
8.0131e-07,-7.798e-05,0.0029405,-0.053589,0.47273,-1.6437,-0.1926,80.418
5.3743e-07,-5.9519e-05,0.002619,-0.058077,0.67753,-3.9076,8.9069,60.996
-8.0719e-06,0.00082159,-0.033876,0.72585,-8.6228,56.116,-184.57,313.46
-3.7055e-07,3.8372e-05,-0.0015831,0.033207,-0.37414,2.1927,-6.0358,66.985
3.4501e-07,-4.0713e-05,0.0018415,-0.039878,0.41467,-1.5854,-2.6708,77.534
1.5666e-05,-0.001143,0.03345,-0.5066,4.2453,-19.269,41.668,31.461
0,0,0,0,0,0,0,0
-1.7895e-05,0.0017455,-0.067253,1.3071,-13.577,72.843,-174.06,187.76
-1.7695e-08,7.1446e-06,-0.00057573,0.019506,-0.32466,2.723,-10.708,83.648
-1.0176e-06,0.00010289,-0.0041951,0.088325,-1.018,6.2225,-17.503,75.264
-8.1851e-05,0.0067299,-0.21309,3.423,-30.333,148.76,-374.36,445.42
-1.9791e-07,1.3083e-05,-0.00017482,-0.005744,0.19742,-2.1167,8.2635,55.111
-0.11768,9.2476,-275.73,4030.8,-32243,1.4469e+05,-3.4294e+05,3.3498e+05
5.8018e-07,-5.5378e-05,0.0020669,-0.03792,0.35003,-1.4224,1.0315,67.332
1.6466e-07,-1.8927e-05,0.0008092,-0.01588,0.13884,-0.40399,-0.060317,73.552
6.4005e-07,-3.8685e-05,0.00082231,-0.0072885,0.0275,-0.080749,0.70744,64.565
-5.1148e-07,4.6777e-05,-0.0015425,0.02048,-0.040435,-1.32,9.4552,46.274
-3.9527e-06,0.00041749,-0.0179,0.40191,-5.0802,35.97,-131.37,257.09
-1.4567e-05,0.0011947,-0.039454,0.67292,-6.3308,32.526,-83.616,150.5
-1.3257e-06,0.00014646,-0.0065183,0.14917,-1.8539,12.107,-36.686,102.34
-9.5511e-07,7.7575e-05,-0.0020822,0.014766,0.20282,-3.1514,10.095,68.893
-8.0836e-07,9.0361e-05,-0.0039845,0.087114,-0.96633,4.8647,-7.3658,70.29
-1.5368e-06,0.00021665,-0.012491,0.38013,-6.5529,63.461,-316.98,693.91
-1.8868e-06,0.00015748,-0.0049794,0.074509,-0.5451,1.9036,-2.831,67.92
-1.6574e-07,1.7514e-05,-0.00074718,0.016224,-0.18395,0.97877,-1.6162,64.184
7.4196e-06,-0.00072461,0.028899,-0.60261,6.9656,-43.389,129.44,-75.28
0,0,0,0,0,0,0,0
-1.5025e-06,0.00013865,-0.0047096,0.066479,-0.16032,-4.9956,42.509,-18.751
0.16196,-4.5489,52.017,-306.3,950.35,-1310.5,0,1355.9
-0.046129,4.898,-216.98,5166.9,-70847,5.535e+05,-2.2548e+06,3.682e+06
2.6156e-06,-0.00025412,0.0099366,-0.19937,2.1648,-12.276,31.957,38.606
6.7102e-07,-8.6417e-05,0.0047595,-0.14371,2.5308,-25.427,130.78,-197.1
1.4734e-05,-0.0015282,0.06348,-1.345,15.312,-90.441,246.33,-175.25
-8.6813e-07,8.5477e-05,-0.0032087,0.056537,-0.45255,1.0789,2.8524,68.666
-6.6976e-07,7.1856e-05,-0.0031011,0.068772,-0.82975,5.3345,-16.159,77.935
-1.2045e-06,0.00013306,-0.0058034,0.12639,-1.4288,7.8725,-17.533,71.732
0,0,0,0,0,0,0,0
0.00018864,-0.016062,0.56037,-10.343,108.65,-647.13,2021,-2507.4
-2.6854e-06,0.00028426,-0.011922,0.25026,-2.7297,14.573,-32.82,99.345
2.2428e-06,-0.00024621,0.010954,-0.25357,3.2525,-22.626,76.62,-28.328
-0.00019599,0.020166,-0.77759,13.317,-85.454,0,0,0
-3.3167e-07,3.5449e-05,-0.0015559,0.035567,-0.44106,2.7986,-7.7584,60.518
-1.7549e-08,9.8339e-06,-0.00071718,0.020631,-0.27442,1.6889,-5.3399,74.959
-8.4431e-07,6.9601e-05,-0.002201,0.03318,-0.24213,0.98574,-5.9293,89.896
-1.3198e-06,0.00012882,-0.0049467,0.094701,-0.94028,4.5193,-8.5233,63.355
6.8232e-07,-7.3283e-05,0.0031578,-0.069094,0.79157,-4.3331,9.2087,66.068
-1.3288,239.39,-18475,7.917e+05,-2.0346e+07,3.1356e+08,-2.6833e+09,9.8366e+09
1.6335e-05,-0.0012972,0.040368,-0.62017,4.8522,-17.915,25.712,61.259
4.0718e-07,-2.7848e-05,0.0005545,7.0388e-05,-0.090155,0.27352,4.3807,50.838
-1.1116e-05,0.0013962,-0.072362,1.9907,-31.069,271.26,-1204.9,2133
5.896e-07,-5.6861e-05,0.002153,-0.040607,0.40018,-1.9853,4.5701,48.073
-6.0031e-08,-1.4094e-08,0.0002568,-0.010579,0.17358,-1.333,4.9007,58.009
1.5022e-06,-0.00020487,0.011003,-0.2968,4.2195,-30.094,91.23,-5.1584
2.3889e-07,-2.1698e-05,0.0007479,-0.011686,0.062038,0.43315,-5.6269,70.631
-1.0898e-06,0.00013629,-0.0068959,0.18098,-2.6276,20.879,-83.931,185.42
-8.2071e-07,8.9739e-05,-0.0038207,0.079652,-0.84258,4.302,-9.2237,71.438
-1.5447e-06,0.00012104,-0.003221,0.025891,0.24661,-5.2832,28.664,30.231
2.5594e-05,-0.0028971,0.13677,-3.4802,51.373,-438.36,1998.2,-3691.9
-2.1908e-07,2.034e-05,-0.00063529,0.005046,0.11412,-2.3563,12.036,57.864
-1.32e-05,0.0016835,-0.089272,2.5467,-42.137,403.75,-2072.7,4455.2
-1.8314e-06,0.0001906,-0.0080176,0.17454,-2.0832,13.239,-39.935,107.78
3.3712e-06,-0.00039229,0.018577,-0.45756,6.1954,-44.569,148.91,-84.032
0,0,0,0,0,0,0,0
-1.2613e-06,9.8844e-05,-0.002325,-0.0017457,0.81871,-11.504,57.562,-22.914
0.00061674,-0.047912,1.5208,-25.427,240.92,-1292.8,3642.3,-4092.8
1.5106e-06,-0.0001754,0.0083112,-0.20624,2.8489,-21.295,74.975,-20.699
-1.3272e-08,-9.8684e-08,0.00011606,-0.0061854,0.12892,-1.1366,3.2231,59.396
-1.2785e-06,0.00012945,-0.0052677,0.1106,-1.2772,7.9635,-24.138,88.869
-3.0196e-05,0.0028053,-0.10523,2.0368,-21.507,119.75,-305.57,300.17
-3.1496e-06,0.00033138,-0.013821,0.29018,-3.2149,17.942,-43.035,89.659
3.3168e-07,-2.8696e-05,0.00085739,-0.0084116,-0.052407,1.3733,-5.7526,60.957
-0.0034527,0.43204,-22.745,651.85,-10965,1.0814e+05,-5.787e+05,1.2968e+06
-0.00028749,0.014952,-0.31089,3.3111,-19.242,60.3,-94.147,123.7
1.8308e-05,-0.0013651,0.036158,-0.40152,1.6818,-1.4513,-1.956,66.497
1.3052e-06,-0.00016267,0.0084469,-0.23542,3.7747,-34.558,165.91,-251.33
6.1185e-08,-6.0641e-06,0.0002334,-0.0043584,0.039296,-0.12388,-0.33424,65.899
1.4689e-05,-0.00083067,0.018668,-0.21641,1.4065,-5.155,9.9102,70.264
-1.4964e-05,0.0011672,-0.030368,0.26371,0,0,0,0
-2.9547e-05,0.0022689,-0.069556,1.0869,-9.1573,40.557,-85.797,135.87
1.3306e-06,-0.00014778,0.006459,-0.13946,1.5224,-7.6494,14.133,63.885
-4.3849e-06,0.00039584,-0.013693,0.2278,-1.8865,7.3993,-13.247,95.687
1.1771e-06,-8.7908e-05,0.0025303,-0.038845,0.41316,-3.4222,16.631,42.543
-9.0945e-08,1.0269e-05,-0.00046436,0.010761,-0.13558,0.90376,-2.7493,59.901
-0.0009754,0.035469,-0.53046,4.1304,-17.146,32.017,0,0
-4.6073e-07,5.0038e-05,-0.002169,0.047638,-0.55318,3.1974,-7.6899,73.29
2.6567e-07,-2.334e-05,0.00069495,-0.0061717,-0.066329,1.4982,-8.3983,70.827
-7.4471e-06,0.00057937,-0.017525,0.259,-1.9193,6.2728,0,0
-7.049e-06,0.0010686,-0.069111,2.4669,-52.352,658.57,-4533.3,13210
-0.003822,0.21068,-4.7302,56.114,-381.31,1489.7,-3108.7,2746.2
9.7865e-07,-8.6228e-05,0.0027902,-0.038437,0.14264,1.4519,-13.006,105.52
1.7438e-06,-0.00018193,0.0075832,-0.16125,1.8516,-11.165,31.363,40.911
0,0,0,0,0,0,0,0
4.8294e-07,-5.4527e-05,0.0024553,-0.056206,0.68868,-4.3304,12.128,46.996
1.1937e-07,-7.9067e-06,0.0001337,0.0010905,-0.048504,0.4004,-0.86977,54.499
-1.1395e-06,0.00011248,-0.0044727,0.091911,-1.0337,6.0771,-15.313,70.735
4.3175e-07,-5.0423e-05,0.002396,-0.058999,0.78922,-5.4108,14.846,56.068
-1.6766e-05,0.001422,-0.048728,0.8606,-8.2271,40.285,-84.015,128.42
-3.4499e-07,3.5131e-05,-0.0014107,0.028181,-0.28831,1.382,-2.5693,64.567
-8.7217e-06,0.00084289,-0.031138,0.53772,-4.1609,10.863,-11.85,60.036
1.6512e-06,-0.00015299,0.0054104,-0.090217,0.70107,-2.1202,2.1809,55.649
3.17e-07,-4.3043e-05,0.002233,-0.056984,0.7532,-4.8198,10.552,67.197
5.9273e-07,-6.0297e-05,0.0024733,-0.05241,0.60492,-3.544,7.0461,67.514
1.6837e-06,-0.0001589,0.005845,-0.10639,1.017,-5.1088,12.099,71.847
2.4412e-06,-0.00023357,0.0087077,-0.15854,1.4325,-5.6541,6.9907,50.783
3.367e-07,-3.3271e-05,0.0013005,-0.025297,0.25267,-1.2326,2.7638,64.94
1.0095e-06,-9.4165e-05,0.0034345,-0.061816,0.56646,-2.4092,3.4923,61.522
1.7949e-06,-0.00027115,0.016814,-0.55541,10.562,-115.71,676.91,-1572
-2.6488e-06,0.0002577,-0.0097379,0.17979,-1.6805,7.5319,-13.688,69.924
2.4835e-07,-2.6766e-05,0.0011495,-0.025139,0.29688,-1.8352,5.1217,55.169
2.5247e-07,-2.7143e-05,0.0011813,-0.026521,0.32182,-1.9839,4.9782,56.002
1.0549e-06,-0.00010756,0.0042193,-0.07916,0.71519,-2.7477,3.297,65.478
2.9719e-06,-0.00032756,0.014554,-0.33259,4.1285,-26.975,81.744,-10.165
5.5821e-07,-5.3095e-05,0.0019707,-0.036454,0.36329,-2.069,6.9929,52.782
-8.9009e-06,0.001189,-0.064933,1.8728,-30.689,284.58,-1375.8,2729.9
-4.1663e-07,4.8354e-05,-0.0022375,0.052725,-0.67003,4.4657,-13.677,74.496
-3.0648e-05,0.004237,-0.24585,7.7569,-143.68,1562.3,-9234,22947
-6.0458e-07,4.3459e-05,-0.0011817,0.015238,-0.095568,0.25708,-0.01132,67.956
-0.39639,62.522,-4215.4,1.5748e+05,-3.521e+06,4.7112e+07,-3.4932e+08,1.1072e+09
1.7163e-06,-0.00019751,0.009228,-0.22369,2.976,-21.079,70.39,-17.367
-0.00042019,0.028791,-0.80898,11.986,-100.22,469.42,-1142.1,1203.9
-0.00011605,0.0082294,-0.2398,3.7094,-32.761,164.37,-430.84,514.45
3.538e-06,-0.00040506,0.018761,-0.44915,5.8869,-41.182,138.23,-88.129
-4.2768e-07,5.1042e-05,-0.0025937,0.072494,-1.1775,10.565,-44.382,129.4
-3.7373e-06,0.00040511,-0.017744,0.40333,-5.1061,36.121,-134.49,270.08
0,0,0,0,0,0,0,0
-5.1761e-07,4.873e-05,-0.0017864,0.032869,-0.33561,2.0246,-6.5195,68
7.6523e-07,-8.6504e-05,0.0038526,-0.084933,0.95207,-5.0297,11.079,58.148
-1.177e-07,1.3523e-05,-0.00063235,0.01521,-0.19416,1.1937,-2.4042,59.522
-1.3547e-06,0.00016971,-0.0088632,0.24902,-4.0388,37.554,-184.23,430.48
-3.2646e-07,3.268e-05,-0.0013165,0.02734,-0.31407,2.0133,-6.8902,75.696
-1.4257e-06,0.00015755,-0.0070384,0.16382,-2.1415,15.79,-61.257,160.68
0.06943,-7.5706,351.93,-9039.3,1.3852e+05,-1.2663e+06,6.3934e+06,-1.3752e+07
1.3509e-05,-0.0013536,0.053852,-1.0911,12.015,-70.412,194.54,-111.52
-3.4298e-06,0.00035555,-0.014608,0.30241,-3.3224,18.888,-52.365,128.04
-6.0365,0,0,0,0,65.019,0,0
2.2832e-07,-2.5668e-05,0.0011671,-0.027007,0.32781,-1.9064,3.7344,60.803
-1.3213e-06,0.0001549,-0.0073778,0.18267,-2.4894,18.094,-61.996,140.79
0.002296,-0.35045,22.809,-820.49,17617,-2.2578e+05,1.599e+06,-4.8274e+06
2.3755e-06,-0.0002368,0.0091827,-0.17398,1.6595,-7.4348,13.181,62.167
-7.9913e-08,7.2151e-06,-0.00025148,0.0041529,-0.029152,-0.0059627,0.83058,58.988
-6.8657e-06,0.00057497,-0.019156,0.32351,-2.9348,14.049,-31.683,82.434
3.1143e-07,-2.8506e-05,0.0010021,-0.017017,0.14511,-0.59829,1.0329,64.827
2.6086e-06,-0.00028286,0.012518,-0.2904,3.7638,-26.77,94.546,-62.287
0.0032611,-0.28139,9.8389,-179.53,1841.4,-10665,32506,-40405
-1.6744e-05,0.0019746,-0.09564,2.4501,-35.595,291.2,-1235.3,2166.5
-6.8967e-07,7.6927e-05,-0.0034158,0.076632,-0.90777,5.3642,-12.923,66.906
-5.4236e-06,0.0006727,-0.034352,0.93056,-14.331,124.27,-556.33,1053.5
4.601e-09,-4.6644e-06,0.00040714,-0.013709,0.21132,-1.4214,2.8714,60.246
-1.0224e-06,9.8376e-05,-0.0035645,0.059483,-0.43618,0.89405,1.768,57.459
1.0524e-06,-0.00013247,0.00676,-0.17841,2.5707,-19.55,68.381,-6.3296
5.3572e-07,-5.634e-05,0.0022771,-0.044754,0.44658,-2.1888,5.1936,53.785
-1.8311e-06,0.00017067,-0.0063615,0.12133,-1.2584,6.9691,-18.916,80.762
-6.7952e-07,5.8535e-05,-0.0020724,0.039187,-0.43002,2.7223,-8.5429,71.541
9.3713e-06,-0.0013095,0.076502,-2.4189,44.671,-481.99,2817.2,-6826.5
1.7182e-07,-1.5055e-05,0.00045321,-0.0042273,-0.043018,1.0721,-6.051,63.717
1.5747e-06,-0.00012735,0.0039237,-0.056666,0.36985,-0.72788,-1.0998,61.224
0,0,0,0,0,0,0,0
5.1616e-07,-3.3104e-05,0.00038394,0.013501,-0.35949,2.8127,-8.5859,69.215
-9.9957e-07,0.00013949,-0.0080621,0.24822,-4.3538,42.937,-217.12,498.04
5.4963e-07,-6.1288e-05,0.0027312,-0.061506,0.72489,-4.1331,9.3631,43.795
-2.8136e-08,5.2341e-06,-0.00036012,0.012186,-0.22335,2.2599,-11.759,86.909
4.8264e-07,-3.7974e-05,0.00096388,-0.0042914,-0.18051,2.7088,-11.431,66.644
-2.6539e-07,4.2366e-05,-0.0025923,0.079348,-1.3047,11.348,-47.155,136.43
-1.6618e-07,1.8397e-05,-0.00083833,0.020063,-0.2634,1.7947,-5.4738,62.797
-4.8772e-07,7.4249e-05,-0.0045497,0.14493,-2.571,25.05,-121.92,294.38
-3.0613e-06,0.00030777,-0.012238,0.24367,-2.5219,12.597,-24.077,73.408
2.1128e-07,-3.2768e-05,0.0020164,-0.061976,0.98112,-7.3069,19.093,49.843
3.8165e-07,-3.4653e-05,0.0011837,-0.018551,0.1253,-0.18984,-0.91555,59.809
-1.8935e-06,0.00016917,-0.0059078,0.10156,-0.88219,3.4397,-3.4089,61.365
-8.1285e-06,0.00060667,-0.019062,0.32539,-3.2408,18.766,-58.765,135.12
0,0,0,0,0,0,0,0
-7.3757e-07,8.0268e-05,-0.0034696,0.075357,-0.85526,4.7851,-11.447,73.734
-1.82e-06,0.00019703,-0.0086574,0.19862,-2.5523,18.313,-68.346,165.2
4.8774e-06,-0.00049057,0.019737,-0.406,4.5173,-26.315,71.349,-0.0042677
-2.6674e-08,1.8513e-05,-0.0015353,0.051663,-0.84128,6.5737,-21.296,83.921
1.4017e-07,-1.6381e-05,0.00070505,-0.013494,0.10164,-0.068955,-0.34719,53.122
5.5398e-08,-7.0271e-06,0.00031638,-0.0062933,0.050787,-0.028471,-1.2234,63.023
5.7487e-06,-0.00052724,0.017825,-0.26464,1.4034,4.0508,-60.442,201.32
3.1298e-05,-0.0043214,0.24678,-7.5336,132.29,-1331.3,7086,-15318
4.9868e-07,-5.3437e-05,0.0022558,-0.047334,0.51113,-2.6579,5.8787,56.769
6.0601e-07,-5.7911e-05,0.0021575,-0.039601,0.37284,-1.7158,3.4235,51.468
4.0916e-07,-4.3447e-05,0.0018728,-0.042242,0.53303,-3.6871,12.416,37.856
9.615e-06,-0.0010761,0.049208,-1.1824,15.962,-119.31,446.5,-556.08
5.6816e-07,-6.1705e-05,0.0027206,-0.063148,0.84047,-6.5108,26.868,20.596
5.7066e-08,-3.5916e-08,-0.0003018,0.01405,-0.25966,2.2251,-8.9768,75.859
-1.1232e-07,7.8232e-06,-0.00013356,-0.0017292,0.071868,-0.69947,2.7469,56.062
-5.0394e-06,0.0004397,-0.015162,0.26203,-2.3623,10.371,-17.608,62.847
9.5804e-05,-0.0090684,0.35144,-7.1688,82.381,-529.66,1767.2,-2302.4
0.0044381,-0.17414,2.6213,-18.837,65.579,-100.42,47.785,52.237
-1.828e-07,1.9334e-05,-0.00083505,0.018829,-0.2324,1.4882,-4.1601,63.783
-5.5675e-08,1.6806e-06,0,0,0,0,0,0
1.7179e-07,-1.1954e-05,0.00016294,0.0054482,-0.1687,1.331,-1.8525,60.207
1.4488e-06,-0.00014398,0.0056425,-0.11067,1.1407,-5.9774,14.623,37.857
-3.361e-06,0.0003559,-0.015277,0.34106,-4.2256,28.662,-97.152,184.55
1.8477e-06,-0.00017881,0.0068423,-0.13103,1.2973,-5.9945,7.9501,59.166
-2.6164e-05,0.0029126,-0.13703,3.5339,-54.01,489.68,-2441.2,5228.9
2.6987e-06,-0.00029335,0.012899,-0.2941,3.7003,-25.223,84.256,-42.568
3.0708e-07,-2.4849e-05,0.00068569,-0.0052443,-0.088469,1.9586,-13.078,88.683
5.3609e-07,-5.7478e-05,0.0023823,-0.047626,0.46243,-1.8348,0.84435,67.858
-2.5631e-07,2.5106e-05,-0.00093699,0.016216,-0.12176,0.20477,0.95772,66.263
0,0,0,0,0,0,0,0
-2.1204e-07,2.0608e-05,-0.00069044,0.0074559,0.057086,-1.5412,6.3624,62.585
9.9037e-07,-0.00043178,0.019655,-0.36,3.1963,-13.829,24.752,50.827
-9.2065e-07,0.00010574,-0.0048705,0.11482,-1.4655,9.9,-33.408,121.21
1.6068e-08,-1.6474e-06,5.9032e-05,-0.00093932,0.01233,-0.2602,2.5408,52.978
-0.0079109,0.74063,-26.865,468.9,-3914,12508,0,0
-3.1169e-07,3.3579e-05,-0.0013937,0.027582,-0.25922,0.99981,-1.4721,58.378
-1.5747e-06,0.00017464,-0.007628,0.16483,-1.7987,8.7963,-12.654,60.376
-9.382e-08,5.9074e-06,-0.0001306,0.0015074,-0.016356,0.16928,-0.82797,52.171
-1.2829e-06,0.0001141,-0.0039911,0.068855,-0.56752,1.1666,9.5449,47.983
3.1268e-06,-0.000339,0.014773,-0.33104,4.0515,-26.493,83.278,-32.304
-6.6839e-07,7.4754e-05,-0.003292,0.072271,-0.82223,4.5281,-9.6863,63.516
-4.1812e-08,5.068e-06,-0.00025134,0.0065165,-0.092672,0.69302,-2.6289,66.822
1.6336e-07,-1.8955e-05,0.0008634,-0.019739,0.24093,-1.5338,4.4549,52.522
-1.7563e-07,1.6454e-05,-0.00061417,0.011943,-0.13131,0.78522,-1.8664,62.11
-7.9256e-07,7.9153e-05,-0.0031178,0.061369,-0.62936,3.1877,-7.2209,69.498
3.5553e-06,-0.00040177,0.018459,-0.44319,5.9473,-44.105,165.35,-174.97
1.4501e-06,-0.0001617,0.0073047,-0.17216,2.2674,-16.438,58.589,-16.262
-0.001474,0.051268,-0.48673,1.449,0,0,0,0
0.00059641,-0.093338,6.2316,-230.05,5071.3,-66752,4.8575e+05,-1.5073e+06
-1.5492e-06,0.00013895,-0.0048714,0.083976,-0.73579,3.0936,-5.5149,62.716
-6.7446e-07,0.0015073,-0.19982,11.192,-332.81,5520.5,-48368,1.7487e+05
-5.196e-07,5.533e-05,-0.0023412,0.049842,-0.55225,2.8693,-4.4776,61.3
2.5923e-06,-0.00024862,0.0093797,-0.175,1.6552,-7.3099,14.491,36.665
-1.6796e-06,0.00016952,-0.006702,0.13092,-1.304,6.0323,-9.0289,56.597
0.00065423,-0.040211,1.0144,-13.465,99.525,-391.93,667.76,-83.84
1.1827e-07,-5.3063e-06,-0.00017998,0.015859,-0.38354,4.1062,-18.412,73.82
-7.8751e-07,8.6615e-05,-0.0037677,0.082185,-0.93943,5.3219,-12.174,64.314
-7.6084e-07,8.8282e-05,-0.0041344,0.098639,-1.2429,7.6913,-18.419,69.196
2.1084e-07,-2.406e-05,0.0011327,-0.02817,0.39015,-2.9035,10.314,51.888
1.8585e-06,-0.00022861,0.011402,-0.29516,4.2148,-32.552,122.96,-113.07
-1.3659e-06,0.00012712,-0.0046135,0.081983,-0.7309,2.9613,-4.2047,58.148
8.869e-07,-9.759e-05,0.0042609,-0.09356,1.0754,-6.022,13.023,59.844
3.8873e-05,-0.0056211,0.34211,-11.351,221.59,-2544.1,15902,-41691
3.9456e-07,-4.2799e-05,0.0018516,-0.040584,0.47054,-2.7311,6.8548,51.11
1.1117e-07,-5.5497e-06,-9.8916e-05,0.011165,-0.26016,2.5548,-10.31,65.623
1.4175e-09,6.7976e-06,-0.00061194,0.020314,-0.30388,1.9289,-3.2807,56.519
0,0,0,0,0,0,0,0
7.9963e-06,-0.00061168,0.019188,-0.31866,3.0164,-16.3,46.851,5.526
-8.8578e-07,8.1499e-05,-0.0033105,0.077458,-1.0783,8.1404,-27.332,80.077
6.2255e-07,-6.1848e-05,0.0023727,-0.043794,0.39186,-1.4736,1.5489,56.258
4.6976e-07,-4.0914e-05,0.0013592,-0.021432,0.16281,-0.52597,0.0059495,71.276
-7.3558e-08,7.8799e-07,0.00027348,-0.011912,0.18368,-1.0523,0.90493,61.423
-4.2111e-07,4.7191e-05,-0.0021534,0.051134,-0.66472,4.5044,-13.386,67.81
0.00017262,-0.0088103,0.1781,-1.8075,9.5926,-24.918,25.408,57.671
6.226e-07,-6.669e-05,0.0028357,-0.060339,0.65932,-3.2947,4.4683,60.801
-0.00013299,0.0071036,-0.14996,1.5744,-8.4104,20.205,-13.174,57.258
-7.2651e-07,8.1778e-05,-0.0036675,0.083306,-1.0085,6.3077,-18.44,69.858
2.5873e-06,-0.00024113,0.0086556,-0.14739,1.1368,-2.1356,-13.813,102.1
1.1215e-07,-1.2587e-05,0.00052271,-0.008996,0.035039,0.51508,-2.8572,49.696
2.2067e-07,-2.3463e-05,0.00093885,-0.016881,0.10797,0.53569,-9.8286,89.06
-3.7965e-06,0.00042593,-0.019127,0.4387,-5.4428,35.784,-114.79,192.83
9.1435e-07,-0.00010434,0.004642,-0.10047,1.0655,-4.7463,4.3836,72.42
7.132e-05,-0.0049112,0.12605,-1.4768,7.435,-9.9839,-3.062,64.902
-4.883e-07,5.3225e-05,-0.0023185,0.051392,-0.607,3.6075,-8.9341,64.261
4.8519e-07,-6.2549e-05,0.0032253,-0.083164,1.1002,-6.8705,16.002,46.663
-1.2505e-05,0.0014169,-0.065209,1.5609,-20.657,148.24,-524.93,775.18
1.5308e-07,-8.6877e-06,7.1014e-06,0.0081559,-0.18393,1.4072,-3.0454,58.736
-2.4669e-09,-3.4456e-06,0.00026976,-0.0072387,0.074345,-0.065892,-2.9457,70.446
5.028e-08,-3.6506e-06,8.664e-05,-0.00026559,-0.022244,0.36868,-1.7861,64.964
-3.9276e-07,4.7029e-05,-0.0022016,0.050857,-0.59787,3.2582,-5.8204,61.152
-2.3239e-08,-5.6379e-07,0.00022901,-0.012057,0.27367,-2.961,13.897,34.716
-1.1413e-06,0.00012187,-0.005147,0.10931,-1.228,7.0195,-17.421,66.014
4.0614e-07,-3.9962e-05,0.0015349,-0.029213,0.28896,-1.3999,2.6874,55.659
4.0817e-07,-4.5112e-05,0.0019897,-0.044321,0.51732,-2.9684,7.2621,53.502
1.0813e-06,-0.00012175,0.0054258,-0.12038,1.3637,-7.1232,12.442,57.01
-4.1083e-07,3.9675e-05,-0.0015578,0.032059,-0.36093,1.9644,-3.06,60.455
-2.0228e-07,2.847e-05,-0.0016016,0.045893,-0.70537,5.5939,-20.095,79.781
-9.5698e-07,0.00010691,-0.0048994,0.11846,-1.6164,12.333,-48.52,137.64
-1.4321e-06,0.00014793,-0.0059445,0.11752,-1.1967,6.0956,-14.829,76.66
8.7796e-07,-9.8976e-05,0.0044349,-0.10002,1.1813,-6.8269,15.126,55.025
1.066e-06,-8.1323e-05,0.0021602,-0.020961,-0.0080696,0.99433,-2.3605,61.4
3.1518e-06,-0.00036475,0.016627,-0.37533,4.3239,-23.963,60.847,-1.331
-6.5657e-07,5.7066e-05,-0.0018422,0.026394,-0.14496,0.0057164,0.40447,63.516
-1.847e-07,2.033e-05,-0.00090567,0.021078,-0.27551,1.9952,-6.9121,61.979
8.6659e-07,-9.4123e-05,0.0041549,-0.095401,1.209,-8.2825,27.984,21.762
1.5446e-06,-0.00013317,0.0044758,-0.073889,0.62088,-2.5068,4.1869,56.631
951.98,-1.4053e+05,8.8901e+06,-3.1244e+08,6.5879e+09,-8.3344e+10,5.8575e+11,-1.7642e+12
-1.352e-07,1.9261e-05,-0.0010509,0.028178,-0.38984,2.6364,-7.3751,63.835
8.0618e-07,-7.6817e-05,0.0028003,-0.047711,0.35021,-0.34103,-6.2654,77.921
7.0706e-06,-0.00072853,0.030067,-0.63393,7.2225,-43.384,124.47,-71.825
4.1358e-06,-0.00033219,0.010267,-0.15342,1.1447,-3.945,5.2093,60.437
7.8874e-08,-9.6291e-06,0.00043452,-0.0090681,0.088391,-0.34273,-0.17889,63.375
-5e-07,5.0423e-05,-0.0020129,0.040665,-0.44039,2.459,-5.7943,62.614
-5.6981e-07,6.6945e-05,-0.0031311,0.074002,-0.92529,5.8503,-16.675,71.498
-6.3994e-08,5.1145e-06,-0.00018226,0.0038601,-0.049162,0.3349,-0.97368,56.906
-1.2433e-06,0.0001318,-0.005503,0.11458,-1.2391,6.5354,-13.657,63.44
4.9858e-07,-5.6393e-05,0.0025066,-0.055354,0.63291,-3.5793,9.1853,46.679
6.3008e-07,-6.3766e-05,0.0025482,-0.051202,0.54508,-2.9665,7.2025,56.45
-1.8076e-07,2.0616e-05,-0.00093554,0.021462,-0.26002,1.572,-4.0624,61.263
1.8648e-06,-0.00020449,0.0088911,-0.19465,2.2495,-13.087,32.267,39.09
2.5298e-06,-0.00024983,0.0096309,-0.18393,1.8262,-8.9595,16.969,63.448
1.4104e-07,-1.0701e-05,0.00029003,-0.004206,0.070661,-1.213,9.73,27.927
0,0,0,0,0,0,0,0
-5.7685e-07,6.0996e-05,-0.0025767,0.055414,-0.63747,3.7069,-8.4804,62.97
6.3964e-08,-7.3716e-06,0.00031344,-0.0060414,0.051096,-0.16829,0.69542,56.153
3.4013e-07,-3.8846e-05,0.0017509,-0.039231,0.44624,-2.2892,3.8867,55.346
-2.4532e-07,2.6796e-05,-0.0011319,0.023136,-0.23114,0.97024,-0.93586,55.971
-3.1081e-07,3.0182e-05,-0.0010661,0.015739,-0.064964,-0.3504,0.84561,54.697
1.5117e-07,-1.8754e-05,0.00093217,-0.023292,0.29999,-1.8359,4.6528,57.964
-4.5752e-06,0.00049895,-0.021622,0.47214,-5.4222,30.932,-74.043,116.51
-3.0959e-06,0.0003556,-0.016362,0.38484,-4.9079,33.475,-114.11,211.82
1.217e-06,-0.00013487,0.005958,-0.13367,1.6078,-10.05,28.619,33.832
2.4321e-05,-0.0013781,0.030119,-0.30472,1.2331,0,0,0
-9.1348e-05,0.0081189,-0.29841,5.8515,-65.785,422.03,-1425,2004.4
0.0099897,-0.13081,0.43551,0,0,0,0,0
3.2542e-07,-3.6465e-05,0.0015837,-0.033322,0.3458,-1.5946,2.4074,58.397
-6.8585e-06,0.0008306,-0.041891,1.136,-17.817,161.01,-774.33,1585.8
2.9662e-06,-0.00030448,0.012672,-0.27379,3.265,-21.126,67.54,-23.414
6.2788e-07,-7.3203e-05,0.0033747,-0.077984,0.94521,-5.7147,14.266,51.858
2.7508e-07,-3.5155e-05,0.0017832,-0.045773,0.62608,-4.3769,13.383,51.903
3.1668e-07,-3.2144e-05,0.0013385,-0.029668,0.37488,-2.5839,7.7137,46.925
-2.0473e-07,2.4019e-05,-0.0011885,0.031558,-0.47204,3.8419,-14.873,72.67
-6.1246e-06,0.00063783,-0.026577,0.56745,-6.5896,40.539,-116.5,171.07
8.3124e-06,-0.00092534,0.042474,-1.0369,14.458,-114.38,472.02,-721.88
8.3476e-07,-9.6611e-05,0.0045259,-0.10957,1.4443,-9.8549,27.876,47.802
1.4539e-06,-0.00015691,0.0068204,-0.15302,1.8802,-12.255,36.771,24.819
0,0,0,0,0,0,0,0
-1.3817e-06,0.00027022,-0.019551,0.71249,-14.414,163.45,-966.89,2370.8
1.4433e-06,-0.00014459,0.0058422,-0.12084,1.3301,-7.2433,15.45,42.399
2.0623e-06,-0.00018885,0.0068771,-0.12729,1.2644,-6.3969,13.001,49.792
2.2706e-06,-0.00025089,0.011227,-0.26245,3.4573,-25.801,101.71,-91.502
-1.2791e-06,0.0001344,-0.0055878,0.11664,-1.2765,6.8702,-14.118,66.542
-5.1387e-07,6.4252e-05,-0.0032315,0.082567,-1.1133,7.4184,-19.592,66.126
7.2435e-07,-7.7087e-05,0.0032749,-0.070646,0.80879,-4.6131,10.532,56.591
5.5163e-07,-4.4283e-05,0.001163,-0.0072844,-0.13687,1.9395,-6.8758,87.889
-6.1506e-06,0.00056365,-0.020449,0.36937,-3.4131,14.809,-24.152,67.063
1.442e-06,-0.00015038,0.0061216,-0.12217,1.2268,-5.6479,8.6812,58.972
1.9473e-07,-2.5282e-05,0.0012511,-0.029875,0.35381,-1.8574,2.7833,61.626
5.1082e-07,-5.3517e-05,0.0022218,-0.046224,0.49823,-2.5412,4.3593,56.835
-2.7625e-06,0.00028553,-0.011784,0.24708,-2.768,15.981,-42.685,101.54
9.1932e-08,-8.3681e-06,0.00032808,-0.0073568,0.097412,-0.63576,0.90204,61.233
3.321e-07,-3.7833e-05,0.0017523,-0.042119,0.55369,-3.8061,11.623,48.938
1.3499e-06,-0.00012369,0.0043014,-0.069828,0.50849,-1.0824,-1.8091,59.125
1.5657e-06,-0.00015556,0.0061263,-0.12117,1.2603,-6.5789,14.565,47.69
1.8902e-07,-2.5245e-05,0.0013228,-0.03444,0.46496,-3.1058,8.605,56.91
-4.8274e-07,4.8406e-05,-0.0019174,0.037966,-0.39153,1.9888,-4.0858,54.505
-1.9643e-05,0.0019971,-0.0827,1.7844,-21.256,135.52,-400.84,393.51
2.2101e-05,-0.0020766,0.075928,-1.3482,11.766,-45.15,65.829,23.136
6.9719e-07,-7.8395e-05,0.0034553,-0.07539,0.84353,-4.4816,8.657,60.091
1.381e-07,-1.4585e-05,0.00061609,-0.013253,0.15298,-0.91541,2.6053,53.015
3.6804e-07,-3.1835e-05,0.0010084,-0.013436,0.04682,0.41605,-2.6039,56.059
1.8851e-08,-2.9282e-06,0.00016378,-0.0042847,0.052802,-0.21044,-0.86696,61.379
7.9006e-08,-6.7473e-06,0.00020951,-0.0030137,0.022409,-0.10664,0.48439,54.337
3.6416e-07,-4.5059e-05,0.0021836,-0.052461,0.64883,-3.8493,8.7887,58.902
4.4812e-06,-0.0005905,0.032669,-0.97839,17.003,-169.84,893.77,-1834.8
-8.4673e-07,8.7071e-05,-0.0035495,0.072738,-0.77753,3.9865,-7.4123,59.538
-8.9011e-07,9.6305e-05,-0.0041869,0.093843,-1.1593,7.8241,-26.427,96.522
1.4615e-06,-0.00016635,0.0076885,-0.18616,2.5456,-19.723,81.585,-89.805
6.0565e-06,-0.00047507,0.015332,-0.26248,2.5467,-13.691,36.088,30.147
0,0,0,0,0,0,0,0
-9.8177e-07,0.00012045,-0.0059615,0.15214,-2.1242,15.884,-57.737,133.3
-1.6418e-06,0.00018118,-0.0080677,0.18681,-2.4247,17.765,-69.427,172.29
2.8113e-07,-1.2032e-05,-0.00050991,0.040018,-0.87743,7.7496,-23.248,71.638
3139.6,-14478,26281,-23857,11428,-2814.3,302.82,49.985
-1.7888e-06,0.00019017,-0.0080789,0.17503,-2.0423,12.348,-32.039,74.112
2.5924e-07,-1.9764e-05,0.00046749,-0.00089745,-0.11587,1.6584,-8.5677,95.897
6.6668e-07,-5.5962e-05,0.0017369,-0.023354,0.097065,0.57454,-5.3,64.225
-1.299e-06,0.00014646,-0.0066152,0.15209,-1.8637,11.59,-31.88,92.871
-3.4018e-07,2.674e-05,-0.0007874,0.010489,-0.053248,-0.10225,1.6076,57.073
1.1623e-06,-0.00013463,0.0062805,-0.14986,1.9108,-12.305,33.978,27.903
-9.477e-08,1.6452e-05,-0.00095255,0.025453,-0.3383,2.1211,-4.931,56.628
1.9499e-07,-2.59e-05,0.0013127,-0.03225,0.39953,-2.3394,5.391,54.034
1.3039e-06,-0.0001358,0.0057444,-0.12676,1.5562,-10.437,34.251,19.702
-3.9523e-06,0.00021677,-0.0046932,0.053292,-0.35097,1.2699,-2.3423,61.321
-3.2727e-07,3.4666e-05,-0.0014571,0.03094,-0.34731,1.9675,-5.5396,76.481
4.8404e-07,-4.9664e-05,0.0019602,-0.037205,0.34308,-1.2998,0.7164,62.244
1.0247e-06,-0.00010593,0.0043048,-0.086801,0.89672,-4.3691,8.0549,52.38
8.1572e-07,-0.00010063,0.0050178,-0.12987,1.8662,-14.752,58.735,-29.228
3.0336e-13,-2.6887e-11,1.0211e-09,-2.154e-08,2.7256e-07,-2.0689e-06,8.7229e-06,60
-2.918e-07,4.8327e-05,-0.0030717,0.098135,-1.6995,15.83,-72.566,171.79
-7.007e-07,6.7394e-05,-0.0025914,0.05145,-0.56821,3.4841,-10.832,63.534
0,0,0,0,0,0,0,0
-2.8079e-07,2.6751e-05,-0.0010481,0.021611,-0.24294,1.3124,-1.4426,55.345
1.358e-07,-1.3548e-05,0.00054893,-0.011612,0.13518,-0.79382,1.4657,63.197
3.6858e-07,-3.5789e-05,0.0013768,-0.026589,0.26431,-1.1634,0.9704,62.321
-3.45e-07,3.0631e-05,-0.0011019,0.020535,-0.20965,1.1345,-2.5573,57.76
3.0149e-07,-1.9208e-05,0.00014624,0.014387,-0.40531,3.9831,-14.828,83.52
1.0978e-10,8.6124e-06,-0.00068404,0.020142,-0.26966,1.6023,-3.6163,60.562
3.3266e-07,-3.3945e-05,0.0013386,-0.025301,0.22595,-0.7277,-0.34119,53.537
-2.3877e-07,2.6513e-05,-0.0011743,0.026202,-0.30551,1.7398,-3.758,64.751
-8.5838e-08,2.373e-06,0,0,0,0,0,0
1.1626e-06,-0.00011622,0.0046419,-0.095741,1.1016,-6.9697,20.335,49.551
4.0442e-07,-4.098e-05,0.0016079,-0.030229,0.26522,-0.72963,-2.0425,62.184
4.9247e-07,-4.6545e-05,0.0016631,-0.027707,0.20566,-0.35872,-2.0778,64.157
-5.9314e-07,6.1456e-05,-0.0024472,0.046855,-0.44239,1.9169,-3.3582,63.585
-0.0067669,0.68077,-29.2,692.16,-9792.8,82693,-3.8591e+05,7.6793e+05
-6.4418e-08,1.2284e-05,-0.00073744,0.019682,-0.24884,1.3841,-3.0802,64.876
0,0,0,0,0,0,0,0
2.1429e-06,-0.00023798,0.01066,-0.24606,3.0925,-20.4,60.368,22.54
-1.6539e-07,1.7599e-05,-0.00074979,0.015727,-0.15643,0.45179,2.5528,58.257
1.2831e-06,-0.00012395,0.004497,-0.073115,0.44084,0.82651,-13.752,78.19
-2.0455e-06,0.000226,-0.0099902,0.22478,-2.7019,16.544,-43.993,84.105
1.8695e-06,-0.00024369,0.013209,-0.38426,6.4437,-61.899,313.34,-571.13
1.1759e-05,-0.0013295,0.061412,-1.4923,20.437,-156.22,610.1,-861.31
8.0647e-07,-9.5534e-05,0.004536,-0.1098,1.4216,-9.3658,26.161,44.003
1.1939e-06,-0.00011304,0.0042067,-0.077549,0.72977,-3.2209,5.3235,57.75
-3.5356e-07,2.943e-05,-0.00082518,0.0068447,0.068009,-1.3487,5.3079,53.328
0,0,0,0,0,0,0,0
1.5782e-07,-1.907e-05,0.00088876,-0.019175,0.16547,0,0,0
-1.449e-07,1.0268e-05,-0.00019005,-0.0018409,0.093635,-0.89341,2.0751,57.489
5.2947e-08,-3.3531e-06,7.2415e-05,-0.00086181,0.01385,-0.18943,0.93497,51.115
9.2772e-07,-0.00010535,0.0047826,-0.11021,1.3466,-8.2237,20.587,46.205
-6.2734e-07,5.6862e-05,-0.0020162,0.035309,-0.31567,1.3151,-1.693,58.08
0,0,0,0,0,0,0,0
8.9105e-07,-8.2863e-05,0.0029334,-0.048951,0.38112,-1.0811,-0.67471,66.113
2.2184e-07,-2.2018e-05,0.00085305,-0.016176,0.15174,-0.60031,0.58443,61.879
0,0,0,0,0,0,0,0
-1.378e-06,0.00015288,-0.0067583,0.15118,-1.7933,10.791,-28.723,87.792
-1.7241e-06,8.3733e-05,-0.0020258,0.032942,-0.29531,0.85299,1.848,52.011
3.7928e-07,-3.7314e-05,0.0014635,-0.029681,0.33954,-2.1933,6.7496,56.992
1.5554e-07,-2.3182e-05,0.0011702,-0.027118,0.30511,-1.4811,1.1994,70.2
0.0014729,-0.26333,20.069,-845.08,21231,-3.1821e+05,2.6342e+06,-9.291e+06
-6.4493e-07,6.8468e-05,-0.0028073,0.055143,-0.51294,1.7483,0.93184,59.03
0,0,0,0,0,0,0,0
-1.5548e-07,2.1556e-05,-0.001069,0.023945,-0.24159,0.87671,0.24752,54.427
-1.2998e-07,2.2267e-05,-0.0013174,0.036316,-0.49628,3.1255,-6.5857,53.481
0,0,0,0,0,0,0,0
-1.6641e-07,1.4204e-05,-0.00049553,0.0097645,-0.12723,1.0828,-4.7885,67.067
1.4194e-05,-0.0012533,0.044769,-0.82969,8.5097,-47.67,133.62,-84.331
1.8339e-06,-0.00023296,0.012162,-0.335,5.1921,-44.579,193.73,-266.02
-9.9279e-07,0.00011256,-0.0049021,0.10368,-1.1054,5.608,-11.209,65.153
-2.2804e-06,0.00023838,-0.0099568,0.21225,-2.4485,14.967,-44.149,114.07
2.1879e-07,-2.5896e-05,0.0012551,-0.031901,0.45018,-3.4086,12.128,42.644
0,0,0,0,0,0,0,0
3.0352e-07,-3.6951e-05,0.0016559,-0.030789,0.09256,4.2854,-49.944,221.75
8.647e-07,-8.4676e-05,0.0031978,-0.057544,0.48394,-1.4776,0.18489,64.058
6.322e-07,-6.5151e-05,0.0026974,-0.057381,0.66513,-4.0884,11.639,50.123
0,0,0,0,0,0,0,0
8.5237e-05,-0.0085884,0.35647,-7.857,98.627,-698.66,2554.7,-3587
-1.6787e-06,0.00018419,-0.0080159,0.17596,-2.0487,12.126,-30.59,78.801
0,0,0,0,0,0,0,0
-8.517e-07,8.3888e-05,-0.0035212,0.081039,-1.083,8.1095,-29.35,91.094
0.0022431,-0.16183,4.8791,-79.279,744.02,-3982.5,10998,-11415
-2.7624e-07,2.6293e-05,-0.00096078,0.016712,-0.1372,0.4222,0.12541,53.545
4.6806e-08,-5.8707e-07,-0.00022966,0.012527,-0.26506,2.5348,-9.9223,62.281
-0.0022703,0.33405,-20.922,722.96,-14887,1.8269e+05,-1.2374e+06,3.5688e+06
0,0,0,0,0,0,0,0
3.5617e-05,-0.0039405,0.18003,-4.3799,60.898,-480.5,1978.6,-3194.5
0,0,0,0,0,0,0,0
-1.2674e-07,1.7794e-05,-0.0009717,0.026462,-0.37777,2.6356,-6.5388,63.073
2.5683e-06,-0.00024556,0.0095064,-0.19146,2.143,-13.204,41.842,3.6178
0.24137,-15.305,411.29,-6066.2,52974,-2.7358e+05,7.7278e+05,-9.2017e+05
4.0821e-07,-5.2597e-05,0.0027189,-0.072249,1.0491,-8.168,31.141,18.346
8.1289e-07,-9.183e-05,0.0041163,-0.09299,1.1093,-6.6508,16.863,50.095
5.5379e-07,-4.4713e-05,0.0013573,-0.019354,0.13642,-0.50995,1.202,63.017
-0.00011751,0.013063,-0.46142,-0.36291,445.58,-12403,1.4401e+05,-6.3455e+05
0.0016277,-0.29406,22.7,-970.53,24820,-3.7963e+05,3.2156e+06,-1.1635e+07
-1.0328e-05,0.0010409,-0.042359,0.89079,-10.263,62.951,-182.34,242.37
8.7674e-07,-9.544e-05,0.0043125,-0.10521,1.5019,-12.525,55.686,-36.788
0.001923,-0.21615,10.134,-256.58,3787.7,-32628,1.5209e+05,-2.9636e+05
9.5364e-07,-0.00010104,0.0041913,-0.085629,0.88667,-4.2384,6.5191,63.619
2.2115e-07,-2.4983e-05,0.0010706,-0.02213,0.23298,-1.2402,3.4581,53.036
-2.7848e-07,3.9117e-05,-0.0021396,0.058361,-0.83879,6.1478,-20.261,86.838
1.0525e-06,-3.9156e-05,-0.00059895,0.048346,-0.86446,6.6238,-21.583,74.265
7.374e-08,-1.2693e-05,0.00073914,-0.019751,0.25861,-1.5795,4.0573,53.122
2.7858e-11,-4.6238e-10,3.2702e-09,-1.2774e-08,2.9758e-08,-4.1337e-08,3.1701e-08,60
-1.0465e-06,0.00010848,-0.0043977,0.087731,-0.89007,4.358,-9.9051,76.811
-1.7338e-06,0.00019488,-0.009031,0.22325,-3.1687,25.694,-109.99,257.79
0.29496,-14.115,253.26,-2019.2,6036.4,0,0,0
1.0515e-06,-0.00011019,0.0045719,-0.095429,1.0506,-5.7909,12.916,54.164
-2.1699e-07,1.8672e-05,-0.00054069,0.00482,0.035126,-0.71737,2.1312,56.216
-3.3127e-07,2.9389e-05,-0.00094409,0.012079,-0.014615,-0.88181,5.3847,60.542
8.8847e-08,-5.0169e-06,1.999e-05,0.0035757,-0.077551,0.49609,-0.30554,47.297
1.3779e-05,-0.0016665,0.083806,-2.2662,35.507,-321.76,1559.8,-3049.8
1.3268e-07,-1.1617e-05,0.00030489,0.00035805,-0.14031,2.221,-12.225,72.422
-6.6e-06,0.00061736,-0.022736,0.41771,-4.0147,19.513,-42.451,94.505
3.1136e-07,-3.1073e-05,0.001221,-0.023739,0.23641,-1.1897,3.2988,63.487
-3.1712e-06,0.00033781,-0.014459,0.31661,-3.727,22.637,-62.369,119.97
1.0905e-06,-0.00010885,0.0041656,-0.075289,0.62583,-1.8097,0.25049,55.163
2.1381e-06,-0.00024134,0.010684,-0.23248,2.5235,-11.904,14.446,67.107
5.5293e-06,-0.00068349,0.035209,-0.97865,15.834,-148.93,753.2,-1520
-3.5574e-07,3.682e-05,-0.0015202,0.031272,-0.32166,1.4009,-1.3008,56.354
1.1147e-07,-1.3023e-05,0.00062364,-0.014942,0.17815,-0.94146,1.5964,61.169
1.1716e-06,-0.00012788,0.0055325,-0.12018,1.3651,-7.5971,16.409,51.118
1.3877e-06,-0.00014611,0.006323,-0.14589,1.9393,-14.802,59.381,-33.757
-6.8131e-06,0.00067778,-0.025512,0.44881,-3.7209,13.477,-13.262,68.473
0,0,0,0,0,0,0,0
-2.4054e-07,2.1541e-05,-0.00076171,0.013701,-0.13393,0.67263,-1.1879,61.532
0,0,0,0,0,0,0,0
0.62069,-94.351,6141.8,-2.2194e+05,4.8081e+06,-6.2448e+07,4.5024e+08,-1.3901e+09
4.276e-08,-8.8899e-07,-0.00014623,0.008259,-0.17385,1.6102,-5.7282,72.918
0,0,0,0,0,0,0,0
4.4372e-08,7.6642e-06,-0.00092505,0.034085,-0.55657,4.1093,-12.677,94.486
-5.2893e-07,5.3123e-05,-0.0019446,0.029414,-0.094932,-1.6764,12.152,48.927
3.0177e-06,-0.0002596,0.0087324,-0.14617,1.2877,-5.7873,11.631,41.347
-2.8988e-07,1.1101e-05,0.00046875,-0.032222,0.62935,-4.9513,13.469,51.667
4.1486e-07,-4.5621e-05,0.0020254,-0.046091,0.55746,-3.2248,4.8617,73.503
-1.2829e-05,0.0016202,-0.085508,2.4393,-40.534,391.43,-2029.8,4413.6
-4.1932e-06,0.00052735,-0.027477,0.76072,-11.881,102.03,-430.2,725.85
1.8964e-05,-0.0015235,0.044031,-0.52999,2.1319,0,0,0
2.2017e-07,-2.0175e-05,0.00066869,-0.0084387,-0.01179,1.0748,-5.6632,59.294
-1.1713e-06,0.00012998,-0.0056769,0.12318,-1.3812,7.5952,-17.934,84.278
0,0,0,0,0,0,0,0
-1.3905e-06,0.00014171,-0.0057782,0.11999,-1.3276,7.3186,-15.028,73.397
-7.22e-07,8.9162e-05,-0.004325,0.10565,-1.3913,9.9727,-38.306,128.1
-3.2936e-06,0.0003368,-0.013724,0.28367,-3.1291,17.757,-46.259,109.34
0.00027442,-0.013955,0.24416,-1.8151,5.0697,0,0,0
-1.3416e-07,1.6982e-05,-0.00079368,0.016887,-0.15026,0.098828,5.0028,63.855
-7.3144e-06,0.00067916,-0.024508,0.42387,-3.329,4.8565,74.607,-229.92
0,0,0,0,0,0,0,0
5.928e-08,-3.3631e-06,-2.7559e-07,0.0032435,-0.067791,0.40622,0.18678,56.712
3.5631e-07,-4.1062e-05,0.0018627,-0.041771,0.47219,-2.3669,3.0137,65.886
-2.2496e-06,0.00028586,-0.014503,0.3704,-4.8763,29.25,-49.208,85.182
-2.6942e-05,0.0037786,-0.22134,7.0001,-128.72,1372.5,-7841.2,18564
-3.9593e-05,0.0030748,-0.089982,1.2261,-7.6472,15.008,37.777,-82.865
-8.9177e-05,0.0026956,0.48004,-38.892,1257.8,-21009,1.7977e+05,-6.2548e+05
4.8793e-07,-4.7635e-05,0.0018218,-0.034583,0.34368,-1.7863,4.8234,54.625
0,0,0,0,0,0,0,0
-8.3626e-08,2.4348e-06,0,0,0,0,0,0
-7.4335e-07,8.3664e-05,-0.0037644,0.086022,-1.0467,6.4444,-16.579,67.992
8.4811e-07,-9.9369e-05,0.0047126,-0.11586,1.5688,-11.424,39.891,15.534
-7.4373e-08,2.0727e-06,0,0,0,0,0,0
-6.0669e-07,7.2812e-05,-0.0034509,0.081756,-1.005,5.9315,-12.757,56.419
5.0784e-05,-0.0051267,0.19402,-3.2628,20.58,0,0,0
-5.856e-07,5.4613e-05,-0.001927,0.031566,-0.2345,0.67383,-1.1433,67.334
-1.4492e-05,0.0015946,-0.068815,1.4598,-15.604,78.55,-181.71,222.82
0.0045138,-0.63249,37.864,-1255.3,24892,-2.9518e+05,1.9383e+06,-5.4372e+06
-2.8301e-06,0.00036067,-0.018805,0.51566,-7.9472,67.893,-292.8,558.02
-1.2869e-06,0.00013381,-0.0054763,0.11161,-1.1768,5.9863,-11.89,62.597
-0.00013795,0.011037,-0.35738,6.0364,-57.217,304.13,-843.07,1000.6
-9.2747e-05,0.012594,-0.72122,22.516,-412.26,4400.9,-25123,58267
-9.9804e-08,9.2436e-06,-0.00029203,0.0024042,0.046199,-0.83768,2.9078,56.013
-5.1732e-06,0.00059202,-0.027706,0.67803,-9.1884,67.103,-236.59,371.79
-6.7514e-07,6.3837e-05,-0.0022929,0.038496,-0.29136,0.6558,1.3593,57.035
-1.5171e-07,1.844e-05,-0.00092329,0.024103,-0.33921,2.3774,-6.5933,58.019
9.9578e-07,-0.00010213,0.0042167,-0.090524,1.0885,-7.2167,22.693,43.473
-9.5488e-07,9.5714e-05,-0.003854,0.079788,-0.90095,5.4101,-15.517,73.309
-5.899e-07,5.9573e-05,-0.0023473,0.045627,-0.45583,2.2022,-4.2894,66.728
1.8471e-05,-0.0017969,0.066546,-1.1641,9.7998,-38.125,63.65,16.325
1.0552e-06,-0.000103,0.0038919,-0.071274,0.64923,-2.75,4.363,60.666
6.3288e-07,-9.1481e-05,0.0053357,-0.1611,2.673,-23.595,95.216,-48.203
-6.1224e-07,7.3737e-05,-0.0034868,0.082462,-1.028,6.5943,-20.626,93.36
-3.5173e-06,0.00031694,-0.011312,0.20407,-1.9825,10.541,-32.297,106.51
-1.0818e-06,0.000111,-0.0046076,0.099297,-1.1864,7.7637,-25.4,85.007
0.37199,-12.085,147.15,-795.89,1613.7,0,0,0
-5.7461e-08,1.1812e-05,-0.00072695,0.019962,-0.26544,1.5823,-3.1049,63.521
-6.959e-07,7.0811e-05,-0.002813,0.054916,-0.54045,2.4125,-3.4052,50.107
1.3967e-07,-2.3675e-05,0.0013715,-0.037119,0.50852,-3.4863,11.251,52.569
0,0,0,0,0,0,0,0
0,0,0,0,0,0,0,0
-3.3404e-06,0.00033832,-0.013493,0.26442,-2.5288,8.8557,13.35,-35.29
-4.9636e-06,0.00058861,-0.028511,0.72458,-10.336,82.19,-337.16,614.33
-6.9292e-07,7.2204e-05,-0.0029378,0.058906,-0.60508,3.002,-5.6298,59.967
-2.7296e-07,3.5476e-05,-0.0019065,0.054496,-0.87855,7.7183,-32.549,105.66
5.967e-07,-5.9892e-05,0.002388,-0.047834,0.4948,-2.347,3.2273,65.387
-3.45e-06,0.00035601,-0.014806,0.3176,-3.7134,22.674,-60.741,100.95
1.8324e-06,-0.00019606,0.0084163,-0.1851,2.21,-14.006,42.632,7.4719
-1.262e-06,0.00012977,-0.0052895,0.10834,-1.1635,6.1923,-13.695,66.593
-7.7285e-07,7.1657e-05,-0.0026308,0.049188,-0.50573,2.9019,-8.7454,66.521
4.6115e-07,-5.4467e-05,0.0026106,-0.064965,0.89021,-6.5357,22.786,25.677
1.3421e-07,-8.1407e-06,6.0088e-06,0.0087825,-0.20743,1.5862,-2.7083,75.291
1.9496e-06,-0.00018484,0.0069065,-0.12966,1.2896,-6.5273,14.824,48.032
1.278e-07,-1.0985e-05,0.00034936,-0.0053087,0.049458,-0.41226,2.1493,58.315
0,0,0,0,0,0,0,0
-1.0574e-07,8.4481e-06,-0.00022842,0.0017182,0.024759,-0.48758,2.569,57.567
-1.9304e-06,0.00018505,-0.0069738,0.13007,-1.235,5.4631,-8.652,62.894
-3.564e-08,1.1004e-06,0,0,0,0,0,0
2.7195e-06,-0.0002964,0.012905,-0.28487,3.3364,-19.766,51.341,40.152
-0.0011647,0.19635,-14.075,556.03,-13070,1.8276e+05,-1.4078e+06,4.6078e+06
-2.053e-07,2.3267e-05,-0.001019,0.021629,-0.22733,1.0343,-0.70845,56.419
-0.004103,0.29133,-8.7559,144.32,-1408,8128.3,-25699,34406
-186.22,5637.7,-63995,3.2279e+05,-6.1046e+05,0,0,0
-3.0035e-06,0.00031064,-0.012798,0.26693,-2.9655,16.987,-44.993,101.05
-2.0854e-06,0.00024905,-0.01206,0.30277,-4.1702,30.534,-105.01,180.62
-2.6201e-07,2.5537e-05,-0.00097885,0.018526,-0.17632,0.72481,-0.3684,53.334
-1.6435e-05,0.0019384,-0.095224,2.5193,-38.663,343.32,-1629.7,3242
-4.5549e-06,0.00063701,-0.037037,1.1569,-20.915,218.62,-1225.2,2909.7
378.66,-60236,4.1048e+06,-1.5534e+08,3.5255e+09,-4.7988e+10,3.6273e+11,-1.1746e+12
-1.1631e-07,1.4383e-05,-0.00067911,0.015262,-0.16029,0.56289,0.94153,60.246
2.5559e-06,-0.00028013,0.012409,-0.28468,3.5988,-24.572,81.554,-42.671
7.9677e-06,-0.00080787,0.032384,-0.63877,6.1486,-22.602,0,0
1.4558e-07,-8.9716e-06,0.00014217,0,0,0,0,0
-2.6504e-06,0.00026823,-0.010767,0.21773,-2.3332,12.842,-32.476,100.61
5.9055e-07,-6.3686e-05,0.0027933,-0.063725,0.79887,-5.2951,16.13,47.675
0,0,0,0,0,0,0,0
2.0843e-06,-0.00018493,0.0062361,-0.097282,0.64173,-0.52065,-6.8186,56.692
1.1669e-06,-0.0001235,0.0051589,-0.1074,1.1551,-5.9953,11.624,61.094
8.5147e-07,-0.00017426,0.012722,-0.45494,8.7617,-91.279,477.03,-893.44
5.1684e-08,-1.1186e-05,0.00082663,-0.027993,0.45929,-3.3987,8.673,72.489
2.3894e-06,-0.0002469,0.010145,-0.21046,2.3013,-12.49,27.431,37.758
0,0,0,0,0,0,0,0
-0.0020956,0.34103,-23.697,911.39,-20951,2.8787e+05,-2.189e+06,7.1059e+06
-5.4912e-05,0.0044252,-0.13024,1.7275,-10.453,21.618,27.521,-28.663
-4.5187e-07,4.7695e-05,-0.0020435,0.045732,-0.56192,3.5575,-9.9899,71.849
1.0654e-05,-0.0012292,0.057982,-1.439,20.138,-157.93,643.8,-1004
-3.468e-07,7.2484e-05,-0.0049917,0.16352,-2.8405,26.393,-120.87,258.07
2.3674e-06,-0.00024235,0.009847,-0.20112,2.1444,-11.082,22.369,49.145
6.8237e-07,-7.1525e-05,0.0029654,-0.061622,0.67078,-3.6584,8.8985,52.2
-1.1625e-07,1.0674e-05,-0.00038242,0.0067128,-0.058421,0.22638,-0.54979,64.005
9.4423e-05,-0.0032564,0.022323,0,0,0,0,0
1.7033e-06,-0.00019564,0.0090652,-0.21666,2.834,-19.877,67.994,-23.622
7.4363e-07,-8.5187e-05,0.0038831,-0.089726,1.1097,-7.1578,21.815,34.93
2.2889e-06,-0.00023261,0.0094057,-0.19263,2.1027,-11.767,29.096,53.078
-1.457e-06,0.00016965,-0.0078009,0.17886,-2.1207,12.188,-28.554,92.613
-2.5599e-07,2.8129e-05,-0.0012373,0.027719,-0.33147,2.0109,-5.2114,60.85
9.3253e-06,-0.00089084,0.03391,-0.65719,6.8774,-37.884,96.428,-2.4024
