1,1,1,1,2.3838e-07,175.39,10.95
1,1,1.0009,1,8.3764e-05,24.117,3.5786
1.0001,1.0001,1.0024,1,0.00024791,42.037,5.5706
1,1,1.0002,1,2.6089e-05,9.8768,2.5101
1,1.0001,1.0008,1,0.00018713,6.8453,2.1956
1,1,1.0006,1,7.8985e-05,18.174,3.4892
1,1,1.0004,1,5.7975e-05,13.837,3.1575
1,1.0001,1.0007,1,0.00015502,7.2516,2.2871
1,1.0001,1.0007,1,9.1334e-05,8.0425,2.2151
1.0001,1.0001,1.0011,1,0.00019696,8.314,2.2394
1.0001,1.0002,1.0009,1,0.00013973,5.2985,1.2142
1.0001,1.0002,1.0049,1,0.00051866,30.147,4.6434
1.0001,1.0002,1.0025,1,0.00021248,22.032,2.8733
1.0001,1.0002,1.002,1,0.00029161,7.8615,2.2006
1.0001,1.0001,1.001,1,0.00017633,7.1698,1.9713
1,1.0001,1.0009,1,0.00019326,8.4093,2.4597
1,1,1.0006,1,4.3102e-05,57.018,6.019
1.0001,1.0002,1.0028,1,0.00041572,13.182,3.0704
1,1,1,1,2.7679e-07,425.79,19.566
1.0001,1.0002,1.002,1,0.00028716,7.8489,2.0322
1.0001,1.0001,1.002,1,0.00026498,18.846,3.5364
1,1,1,1,9.8741e-07,21.998,3.9942
1.0001,1.0001,1.0018,1,0.00021361,19.553,3.5857
1,1,1.0015,1,0.00011938,75.976,7.7272
1,1.0001,1.0005,1,0.00010382,4.9744,1.5852
1,1.0001,1.0012,1,0.00020602,11.302,2.9435
1.0001,1.0002,1.0009,1,0.00019988,3.9221,1.2688
1,1,1.0001,1,2.2723e-05,9.364,2.3904
1,1.0001,1.0021,1,0.00021947,32.395,4.8331
1.0001,1.0001,1.0025,1,0.00021134,62.196,6.8932
1,1,1,1,2.8255e-11,41.103,5.4211
1,1.0001,1.0012,1,0.00015672,15.552,3.1418
1,1,1.0003,1,3.4195e-05,47.321,6.3473
1,1,1,1,6.4143e-07,508.42,21.777
1,1.0001,1.0014,1,0.00016725,13.725,2.8059
1,1,1.0007,1,5.3344e-05,52.988,6.0939
1.0001,1.0001,1.002,1,0.0001837,28.397,3.8707
1,1.0001,1.0008,1,0.000109,14.273,3.0242
1,1,1,1,7.7315e-07,67.347,6.7092
1,1,1.0014,1,0.00011128,57.758,6.3257
1,1,1.0005,1,6.4964e-05,23.876,4.4643
1,1.0001,1.0009,1,0.00013985,6.0299,1.8377
1,1,1.0004,1,6.2038e-05,18.198,3.819
1.0001,1.0001,1.0028,1,0.00028682,30.359,4.8693
1,1,1.0004,1,6.6609e-05,9.1047,2.5029
1,1,1.0001,1,6.0381e-06,77.321,7.4072
1,1,1.0005,1,5.0704e-05,46.346,5.9032
1,1,1.0005,1,6.0312e-05,9.7174,2.13
1,1.0001,1.0007,1,0.00015331,7.1826,2.2411
1,1,1,1,1.0298e-06,142.76,11.416
1,1,1,1,2.4612e-10,501.38,21.395
1,1,1.001,1,0.00010614,17.326,3.297
1.0002,1.0003,1.0034,1,0.00057544,12.88,3.035
1.0001,1.0002,1.0025,1,0.00035378,14.761,3.3195
1,1,1.0002,1,1.6169e-05,83.483,8.105
1.0001,1.0001,1.0019,1,0.00019848,25.243,4.0809
1.0001,1.0002,1.0016,1,0.00022395,9.8548,2.3061
1,1,1,1,1.3386e-08,214.84,13.389
1,1,1.0001,1,2.9105e-06,257.39,15.578
1,1.0001,1.0023,1,0.00021476,47.41,6.0523
1.0001,1.0001,1.0016,1,0.00020865,10.698,2.6508
1,1,1.0003,1,4.1029e-05,9.7705,2.5429
1.0001,1.0002,1.004,1,0.00047731,28.096,4.7377
1,1.0001,1.0012,1,0.00012811,21.485,3.8266
1,1.0001,1.003,1,0.0001722,122.72,9.2343
1,1,1.0001,1,1.1153e-05,18.194,3.5096
1.0001,1.0002,1.0016,1,0.00023442,7.6628,2.0192
1,1.0001,1.0007,1,0.00010597,13.345,3.0266
1.0001,1.0002,1.0021,1,0.0002955,8.0987,2.0535
1,1,1.0003,1,2.0793e-05,73.524,6.9091
1,1,1,1,1.2403e-06,28.249,4.5991
1,1,1.0007,1,9.9675e-05,13.109,3.0343
1,1,1.0005,1,7.1309e-05,8.0041,2.0967
1,1.0001,1.0005,1,9.2432e-05,7.8839,2.1639
1.0001,1.0001,1.0014,1,0.00021776,9.9195,2.4915
1,1,1.0003,1,3.2192e-05,24,4.0912
1,1.0001,1.0011,1,0.00011329,24.178,3.9588
1,1,1,1,2.7068e-10,440.04,19.962
1,1,1,1,1.4362e-10,148.14,11.615
1,1,1.0006,1,8.6739e-05,16.446,3.6453
1,1,1.0002,1,4.1062e-05,8.0465,2.2913
1,1,1.0001,1,6.9893e-06,16.381,3.4941
1.0002,1.0003,1.0022,1,0.00039488,5.7072,1.7991
1,1,1.0028,1,0.00018628,110.13,9.6586
1.0001,1.0001,1.0019,1,0.00026565,11.003,2.6849
1.0001,1.0002,1.0026,1,0.00030487,17.798,3.3472
1.0001,1.0002,1.0042,1,0.00036658,45.394,5.8792
1.0001,1.0002,1.0027,1,0.00029959,20.959,3.5109
1,1,1.0015,1,0.00013497,33.811,5.0864
1,1,1.0001,1,4.8773e-06,114.11,9.5532
1,1,1.0002,1,2.5037e-05,16.136,3.4474
1,1.0001,1.0024,1,0.0001693,76.026,7.0748
1,1,1.0011,1,0.00011459,21.391,3.7965
1.0001,1.0001,1.0011,1,0.00016563,13.035,3.0006
1,1,1,1,2.8776e-07,92.984,7.8448
1,1.0001,1.0015,1,0.00022705,20.16,4.0953
1,1,1,1,4.1837e-06,20.803,3.8212
1,1.0001,1.003,1,0.00021582,78.399,7.5138
1,1,1.0008,1,9.0426e-05,17.291,3.3199
1,1.0001,1.0035,1,0.00028991,71.069,7.7386
1,1.0001,1.0011,1,0.00017791,12.696,3.0219
1,1,1.0038,1,0.00020627,216.45,13.449
1,1,1.0001,1,1.5136e-05,17.568,3.8107
1,1.0001,1.0048,1,0.00028875,179.95,12.224
1,1,1.0009,1,5.517e-05,99.091,7.8603
1,1,1.0002,1,2.0714e-05,13.466,3.0414
1,1.0001,1.002,1,0.00022796,33.213,5.1441
1,1.0001,1.0008,1,0.000163,8.0454,2.4038
1.0001,1.0001,1.005,1,0.00041403,69.063,7.2945
1.0001,1.0002,1.0042,1,0.00044693,35.749,5.3477
1,1,1.0006,1,7.6243e-05,16.175,3.2049
1.0002,1.0003,1.005,1,0.00069165,18.888,3.7351
1.0001,1.0001,1.0008,1,0.00015528,8.6281,2.3016
1,1.0001,1.0013,1,0.00021461,15.013,3.4416
1.0001,1.0001,1.006,1,0.00046279,67.368,7.498
1.0001,1.0002,1.0033,1,0.00036607,28.95,4.3382
1,1,1.0006,1,4.1601e-05,106.2,9.1777
1.0001,1.0001,1.0028,1,0.00030467,31.063,4.9171
1,1,1.0006,1,7.2219e-05,17.433,3.4181
1,1,1.0027,1,0.00013941,240.51,14.946
1.0001,1.0001,1.0011,1,0.00018379,8.2716,2.258
1,1,1.0004,1,5.0265e-05,10.623,2.5591
1,1,1,1,4.9863e-07,129.58,10.749
1,1,1.0001,1,2.2274e-05,10.355,2.7606
1,1,1.0021,1,0.00015732,76.038,7.6576
1.0001,1.0002,1.0025,1,0.00028519,13.82,2.7469
1,1,1.0001,1,1.2143e-05,21.224,3.9144
1,1.0001,1.0026,1,0.00023476,52.266,6.5652
1,1,1.0015,1,0.00013155,62.637,7.4491
1.0001,1.0002,1.0033,1,0.00045586,10.78,2.6302
1.0001,1.0002,1.0038,1,0.00041139,39.121,5.5983
1,1.0001,1.0017,1,0.00012755,46.097,5.4569
1,1.0001,1.001,1,0.00013578,19.174,3.7863
1,1.0001,1.0026,1,0.00018203,77.141,7.0198
1,1,1,1,2.4378e-09,468.71,20.571
1,1,1.0005,1,3.47e-05,105.69,8.9282
1,1.0001,1.0003,1,6.0088e-05,3.8261,1.2737
1,1,1.0008,1,7.8649e-05,31.635,4.6524
1,1,1.0011,1,0.00012142,28.057,4.6782
1,1,1.0004,1,3.6445e-05,31.285,4.2881
1.0002,1.0004,1.0035,1,0.00056604,5.8423,1.7104
1.0001,1.0001,1.0026,1,0.00027667,19.542,3.3532
1,1.0001,1.0007,1,0.00010323,10.237,2.5064
1.0001,1.0001,1.0039,1,0.0003041,65.23,7.0974
1,1,1.0005,1,9.5434e-05,11.41,2.9887
1,1,1.0006,1,7.0674e-05,19.006,3.5726
1.0001,1.0001,1.0049,1,0.00044094,47.709,6.3645
1,1,1,1,3.0632e-07,164.92,12.063
1.0001,1.0003,1.0055,1,0.00051378,25.819,3.8608
1.0003,1.0006,1.0086,1,0.0011879,16.296,3.5031
1,1.0001,1.0012,1,0.00015342,13.321,2.8007
1,1,1.0005,1,7.1022e-05,19.838,3.8751
1.0001,1.0001,1.0017,1,0.00017163,15.609,2.6683
1,1,1.001,1,8.5727e-05,48.223,5.812
1,1.0001,1.0012,1,0.00017884,11.527,2.8873
1.0004,1.0007,1.0056,1,0.00086858,8.7981,1.9936
1,1,1,1,3.8374e-07,102.12,8.6042
1,1,1,1,2.1299e-06,17.555,3.5977
1,1,1.0004,1,6.5682e-05,10.397,2.7743
1,1,1.0004,1,7.1227e-05,9.5915,2.5399
1.0001,1.0002,1.0029,1,0.00027428,27.819,4.1274
1,1,1.0003,1,4.0956e-05,17.172,3.7197
1,1.0001,1.001,1,0.00013228,13.476,2.8093
1,1,1.0008,1,7.1764e-05,62.379,7.2712
1,1,1.0001,1,7.707e-06,38.603,5.2567
1,1,1.001,1,7.5534e-05,53.766,6.0781
1,1.0001,1.0024,1,0.00032294,29.603,4.9988
1,1.0001,1.0018,1,0.00023326,29.542,4.9996
1,1,1.0004,1,5.3449e-05,10.969,2.5437
1,1.0001,1.001,1,0.00011256,31.856,4.7981
1.0001,1.0002,1.0018,1,0.00022878,13.372,2.8359
1,1.0001,1.0008,1,0.00014727,9.6398,2.6379
1.0001,1.0001,1.0009,1,0.00015375,9.6456,2.4673
1,1,1.0005,1,6.6393e-05,19.134,4.0065
1.0002,1.0004,1.0095,1,0.00095841,34.466,5.207
1,1,1.0003,1,2.103e-05,62.094,6.7855
1,1.0001,1.0025,1,0.00016891,117.85,9.4517
1,1.0001,1.0012,1,0.00011914,29.231,4.3463
1,1.0001,1.0005,1,8.2636e-05,5.275,1.44
1,1,1.0008,1,6.5927e-05,48.652,5.8978
1,1.0001,1.0009,1,9.5902e-05,22.471,3.6606
1,1,1.0001,1,1.3942e-05,14.568,3.1874
1,1.0001,1.0016,1,0.00016857,41.437,5.7341
1.0002,1.0003,1.0041,1,0.0005768,13.196,2.8244
1.0001,1.0001,1.0013,1,0.00020099,11.117,2.7118
1,1.0001,1.001,1,0.0001352,19.678,3.6087
1,1,1.0009,1,7.8174e-05,36.154,4.6224
1,1,1.0002,1,3.3975e-05,15.514,3.3319
1,1.0001,1.0007,1,7.9652e-05,16.638,3.0009
1.0001,1.0001,1.0107,1,0.00062124,146.95,11.107
1.0002,1.0004,1.0047,1,0.00055986,12.599,2.5318
1.0001,1.0001,1.0009,1,0.00019425,4.0069,1.3581
1,1,1.0015,1,9.3072e-05,141.13,10.636
1.0001,1.0001,1.0012,1,0.00018233,10.478,2.6607
1.0001,1.0001,1.0029,1,0.0002547,27.281,4.007
1,1,1.0005,1,6.157e-05,20.354,3.8437
1,1,1.0003,1,3.7317e-05,12.061,2.8133
1,1,1.0021,1,0.00015865,83.353,8.2113
1,1.0001,1.0029,1,0.00022841,48.126,5.6392
1.0001,1.0002,1.0015,1,0.0002922,3.6829,1.2866
1.0001,1.0001,1.008,1,0.00046144,136.49,10.273
1.0001,1.0002,1.0021,1,0.00035495,14.461,3.2823
1,1,1.0006,1,0.00010417,8.6145,2.5157
1,1,1.0006,1,4.4302e-05,82.218,8.4033
1,1,1.0003,1,3.489e-05,6.9161,1.5649
1,1,1.0023,1,0.00017275,76.302,8.1715
1,1,1.0001,1,6.8134e-06,36.811,5.5253
1.0005,1.001,1.009,1,0.0018474,6.963,2.2611
1,1.0001,1.0036,1,0.00019062,178.03,11.562
1,1.0001,1.0014,1,0.00017332,24.127,4.3137
1,1,1.0001,1,3.5054e-06,398.61,18.112
1,1.0001,1.0019,1,0.00015035,57.906,6.4788
1.0001,1.0001,1.0008,1,0.00011694,6.8065,1.6693
1.0001,1.0003,1.0044,1,0.00056245,18.688,3.7796
1,1,1.0001,1,9.3136e-06,37.792,4.9902
1,1,1.0003,1,1.7748e-05,115.61,9.4218
1.0002,1.0003,1.0027,1,0.00053525,6.0048,1.9021
1.0003,1.0006,1.0058,1,0.00088628,7.7305,2.1268
1,1,1.0005,1,7.045e-05,11.793,2.619
1.0001,1.0002,1.0013,1,0.00019812,7.7728,1.8521
1,1,1.0004,1,6.374e-05,8.9646,2.3705
1.0001,1.0002,1.0018,1,0.0003258,9.6819,2.6171
1.0001,1.0001,1.0049,1,0.00043046,48.209,6.1252
1.0001,1.0002,1.0149,1,0.001187,69.002,7.585
1,1,1.0003,1,4.6641e-05,8.2226,2.363
1,1,1.0004,1,4.8385e-05,27.534,4.5379
1,1.0001,1.0004,1,8.8601e-05,4.6778,1.5348
1,1,1,1,5.4798e-08,59.683,6.5677
1.0001,1.0001,1.0012,1,0.00015709,10.219,2.2343
1.0001,1.0001,1.0012,1,0.00022283,5.5349,1.8131
1,1,1.0009,1,0.00013164,23.176,4.4466
1,1,1.0004,1,6.475e-05,13.876,3.1122
1,1.0001,1.0008,1,0.0001334,9.9338,2.6067
1,1.0001,1.0029,1,0.00022637,74.459,7.5222
1,1.0001,1.0015,1,0.00016894,21.768,3.7018
1.0001,1.0001,1.0024,1,0.00026445,26.888,4.3487
1,1,1.0001,1,1.1889e-05,31.513,4.8145
1,1.0001,1.0013,1,0.0001245,19.619,2.9128
1.0001,1.0001,1.0056,1,0.00050024,52.054,6.6406
1,1.0001,1.0032,1,0.00024305,78.294,7.7128
1,1,1.0017,1,0.00012753,75.775,7.6457
1,1.0001,1.0005,1,0.00010582,6.0771,1.9171
1,1,1,1,2.7817e-06,7.6429,2.0984
1.0001,1.0002,1.0037,1,0.00028039,51.686,5.6938
1,1,1.0006,1,7.6394e-05,18.309,3.6347
1,1,1.0002,1,2.6274e-05,18.105,3.4565
1.0001,1.0001,1.0087,1,0.00052887,102.47,8.8028
1,1,1.0009,1,0.0001095,18.009,3.6571
1,1,1.0005,1,4.9899e-05,37.514,5.4933
1,1,1.0016,1,0.00010872,106.51,9.2902
1,1,1.0003,1,5.3073e-05,6.4096,1.8554
1,1,1.0001,1,4.2481e-06,61.085,6.8194
1,1.0001,1.0027,1,0.00026108,65.931,7.5641
1,1.0001,1.0006,1,9.7355e-05,6.2029,1.9627
1,1,1.0005,1,6.6021e-05,20.625,3.9253
1.0001,1.0001,1.0037,1,0.00028988,54.606,6.2452
1,1,1.0007,1,9.4055e-05,17.753,3.5988
1.0001,1.0001,1.0011,1,0.00021258,5.1388,1.7109
1.0002,1.0004,1.006,1,0.00069231,23.254,3.986
1.0001,1.0001,1.0018,1,0.0002515,17.815,3.5166
1.0001,1.0002,1.0079,1,0.00063241,57.911,6.8396
1,1.0001,1.0005,1,7.7218e-05,5.6746,1.7185
1,1.0001,1.0011,1,0.00012843,14.547,3.1197
1,1,1.0026,1,0.00014951,162.5,11.147
1.0001,1.0002,1.0078,1,0.00064128,65.173,7.4724
1,1,1.0001,1,1.4998e-05,25.141,4.4957
1,1,1.001,1,7.6744e-05,73.422,7.689
1,1.0001,1.0012,1,0.00013248,28.389,4.715
1.0002,1.0004,1.0039,1,0.0005455,6.9369,1.834
1.0001,1.0002,1.0037,1,0.00043332,26.147,4.4615
1,1,1.0009,1,0.00010931,15.406,3.3247
1,1,1.0007,1,9.4912e-05,17.868,3.6208
1.0001,1.0001,1.0039,1,0.00042121,36.956,5.501
1,1,1.0002,1,2.4616e-05,19.701,3.8049
1,1.0001,1.0011,1,0.00017919,13.326,3.0923
1,1,1,1,9.0755e-08,48.1,5.9098
1,1.0001,1.0017,1,0.00014848,40.184,4.8742
1,1,1.0011,1,0.00011648,31.212,4.9141
1,1.0001,1.0014,1,0.00019632,15.131,3.2119
1,1.0001,1.002,1,0.00015025,67.565,7.0382
1.0003,1.0007,1.0058,1,0.00086423,13.559,2.8678
1,1,1,1,3.4219e-09,39.806,5.5375
1.0001,1.0002,1.0016,1,0.00029142,8.1657,2.2018
1,1,1.0006,1,8.506e-05,23.829,4.4635
1,1,1.0004,1,5.6401e-05,12.831,3.0121
1,1.0001,1.0011,1,0.00014831,19.242,3.8302
1,1,1.0003,1,5.5467e-05,4.6035,1.4199
1.0001,1.0001,1.0039,1,0.00027822,64.601,6.3072
1.0002,1.0003,1.02,1,0.0013559,122.74,10.172
1,1,1.0001,1,4.612e-06,71.078,7.3773
1,1,1.001,1,7.1714e-05,70.341,7.0286
1,1,1,1,2.6397e-07,261.16,15.78
1,1,1.0004,1,5.3596e-05,12.737,2.8068
1,1,1.0005,1,8.1543e-05,13.641,3.2695
1,1.0001,1.002,1,0.00021542,35.523,5.2233
1,1.0001,1.0015,1,0.00012018,50.426,6.0707
1,1,1,1,3.735e-07,87.651,8.9741
1,1.0001,1.0016,1,0.00011816,80.793,7.61
1,1,1,1,1.0762e-06,109.46,9.2128
1.0001,1.0001,1.0034,1,0.00031662,36.114,5.1292
1,1,1,1,2.8891e-07,98.324,8.9625
1.0001,1.0002,1.0027,1,0.00034535,17.949,3.4916
1,1,1.0027,1,0.00015516,111.04,8.487
1.0001,1.0003,1.0062,1,0.00059701,32.97,4.7458
1.0002,1.0003,1.0052,1,0.00078318,13.775,3.1867
1,1.0001,1.001,1,0.00016995,6.4018,1.9669
1,1.0001,1.001,1,0.00011178,13.931,2.7511
1,1,1.0046,1,0.00023397,260.94,15.112
1.0001,1.0002,1.0028,1,0.00034463,12.299,2.874
1,1,1.0001,1,1.1351e-05,9.0825,2.6066
1,1,1.0012,1,0.00012707,40.953,6.0849
1,1.0001,1.0028,1,0.00019077,63.963,6.1663
1,1,1.0003,1,3.9668e-05,14.119,3.0281
1,1.0001,1.0013,1,0.00012712,34.351,4.7754
1,1.0001,1.0005,1,0.00010109,4.8878,1.4501
1,1,1.0006,1,6.2399e-05,16.893,3.2329
1,1,1.0007,1,7.617e-05,28.265,4.5248
1.0001,1.0002,1.0028,1,0.00032918,12.278,2.5888
1.0002,1.0003,1.0115,1,0.00084109,86.27,7.9036
1.0001,1.0001,1.002,1,0.00017742,33.747,4.5408
1,1.0001,1.0005,1,9.8623e-05,7.6433,2.2241
1,1,1.0018,1,7.8504e-05,284.36,15.001
1,1,1,1,4.7301e-07,56.767,6.4059
1,1.0001,1.0019,1,0.0002148,30.184,4.6976
1.0001,1.0002,1.0037,1,0.00038028,16.846,2.8316
1,1,1.0007,1,4.2705e-05,94.982,7.9233
1.0002,1.0004,1.0034,1,0.00054739,7.2656,1.9477
1,1,1.0004,1,5.028e-05,8.0527,1.823
1,1.0001,1.0015,1,0.00015092,30.143,4.5597
1,1,1.0012,1,8.5057e-05,70.203,7.1766
1.0002,1.0004,1.0089,1,0.0010324,28.325,4.6621
1.0001,1.0001,1.0038,1,0.00031064,56.645,6.1199
1.0001,1.0002,1.005,1,0.00037797,46.397,5.2472
1,1,1.0005,1,5.986e-05,15.496,3.2674
1.0001,1.0002,1.0029,1,0.00034316,11.168,2.3723
1.0001,1.0002,1.0018,1,0.00026901,10.044,2.4324
1,1.0001,1.0007,1,0.00012177,11.121,2.7765
1.0001,1.0001,1.0012,1,0.00020212,7.4281,2.093
1.0001,1.0002,1.0007,1,0.00015208,3.4706,1.0025
1,1,1.0003,1,3.1037e-05,19.198,3.4189
1.0002,1.0003,1.0035,1,0.00041682,18.087,3.3689
1.0001,1.0001,1.0019,1,0.00021618,16.313,3.0812
1,1,1.0001,1,5.5185e-06,177.11,12.368
1,1.0001,1.0024,1,0.00016373,99.105,8.3107
1,1,1.0004,1,6.5209e-05,9.2302,2.4618
1,1,1.0003,1,3.0123e-05,35.219,4.9137
1.0001,1.0001,1.0026,1,0.00016911,100.98,8.4584
1.0001,1.0002,1.0033,1,0.00032689,28.352,4.246
1,1,1.0002,1,3.5678e-05,9.3428,2.4011
1,1,1,1,3.1916e-08,364.08,17.443
1.0001,1.0003,1.0014,1,0.00028878,3.8677,1.2241
1,1,1,1,1.6857e-06,403.95,19.255
1.0001,1.0003,1.0026,1,0.00039572,11.955,2.7112
1.0001,1.0002,1.0034,1,0.00027158,37.348,4.8857
1.0001,1.0002,1.0027,1,0.00026028,22.571,3.3779
1,1.0001,1.0011,1,0.00012535,21.897,3.5987
1,1,1.0005,1,2.5769e-05,187.24,11.839
1.0001,1.0001,1.0014,1,0.00019871,10.234,2.5233
1.0001,1.0001,1.0008,1,9.7224e-05,6.1504,1.1972
1,1.0001,1.0005,1,8.1145e-05,6.2686,1.4811
1,1.0001,1.001,1,0.00015658,8.1665,2.1897
1,1.0001,1.0008,1,9.4042e-05,11.335,2.4764
1.0001,1.0001,1.0008,1,0.00015606,5.2598,1.6625
1.0002,1.0003,1.0029,1,0.00036191,9.7012,2.203
1.0001,1.0002,1.0031,1,0.00034379,17.743,3.1244
1,1,1.0001,1,1.0035e-05,37.306,5.4376
1,1,1.0007,1,9.0267e-05,12.184,2.843
1.0002,1.0003,1.0073,1,0.00075101,33.808,4.9631
1.0002,1.0004,1.0052,1,0.00079105,14.928,3.3809
1,1,1.0014,1,6.7607e-05,261.97,14.981
1.0003,1.0006,1.0049,1,0.00077646,8.0349,2.0897
1,1,1.0005,1,5.3749e-05,14.864,2.5655
1,1.0001,1.0008,1,8.2395e-05,18.289,3.1228
1,1.0001,1.0006,1,8.7749e-05,6.6981,1.8237
1.0001,1.0002,1.0051,1,0.00035934,82.934,7.6654
1.0001,1.0001,1.0018,1,0.00020016,17.229,3.0355
1,1,1.0002,1,1.5896e-05,107.05,9.7367
1.0001,1.0001,1.002,1,0.00019838,41.44,5.6112
1,1,1.0001,1,6.8249e-06,20.571,3.8278
1.0001,1.0002,1.0032,1,0.0002839,30.68,4.2563
1.0001,1.0003,1.0021,1,0.00031093,8.242,2.059
1.0001,1.0002,1.0056,1,0.00055136,35.52,5.1185
1,1,1.0003,1,1.7275e-05,155.02,11.603
1.0001,1.0002,1.0025,1,0.00026161,25.112,3.7308
1,1,1,1,1.5861e-07,227.47,13.998
1.0001,1.0001,1.0016,1,0.00016029,25.797,3.8072
1,1,1,1,3.2011e-07,47.25,5.4194
1.0002,1.0005,1.005,1,0.00057499,14.386,2.7793
1,1,1,1,6.9431e-07,340.55,17.122
1,1,1.0003,1,2.1879e-05,54.89,6.3325
1,1.0001,1.002,1,0.00016492,51.478,6.078
1,1,1.0005,1,4.0957e-05,52.473,6.0555
1,1.0001,1.0013,1,0.00013643,19.578,3.4351
1,1.0001,1.0024,1,0.00017996,48.245,5.1902
1,1,1.0005,1,5.1254e-05,25.209,3.9299
1,1.0001,1.0007,1,0.00016493,5.9642,2.0479
1.0001,1.0001,1.0045,1,0.0002975,99.724,8.7376
1,1.0001,1.0017,1,0.00017546,27.354,4.1746
1.0001,1.0001,1.0035,1,0.00029668,37.072,4.8761
1.0002,1.0003,1.0018,1,0.00031272,4.371,1.2597
1.0002,1.0003,1.0068,1,0.00063423,30.519,4.4722
1,1,1.0001,1,1.2016e-05,38.241,5.6734
1.0001,1.0001,1.0012,1,0.00014205,10.98,2.3744
1,1,1.0001,1,3.4128e-06,295.57,17.068
1.0001,1.0002,1.0041,1,0.00030495,57.642,6.2618
1.0001,1.0001,1.0014,1,0.00020393,7.8586,1.9843
1,1,1.0002,1,4.2063e-05,3.0573,1.0344
1,1,1.0005,1,6.396e-05,14.001,2.9503
1,1,1.0035,1,0.00021559,149.98,11.249
1.0002,1.0004,1.0057,1,0.00073655,23.117,4.2753
1.0001,1.0001,1.0018,1,0.00019859,23.315,3.8563
1.0002,1.0004,1.0033,1,0.00047491,7.1313,1.8492
1.0001,1.0001,1.0022,1,0.00026674,13.047,2.8856
1.0003,1.0005,1.0066,1,0.0010346,14.417,3.3424
1,1,1,1,9.7567e-07,34.554,4.6653
1.0001,1.0003,1.0018,1,0.00031222,4.8859,1.4885
1.0001,1.0001,1.0018,1,0.00024277,12.633,2.8339
1.0003,1.0006,1.014,1,0.0013914,44.709,5.9958
1,1,1,1,6.9993e-07,82.462,8.1501
1.0002,1.0003,1.003,1,0.00035753,9.1565,1.7108
1.0001,1.0001,1.0009,1,0.0001393,6.9281,2.0036
1.0002,1.0003,1.0107,1,0.00089742,53.989,6.4666
1,1,1.0004,1,3.2127e-05,53.813,6.3605
1.0001,1.0002,1.0039,1,0.00040261,22.172,3.4217
1,1,1,1,5.9125e-08,35.856,4.559
1,1,1.0001,1,6.6201e-06,50.583,6.6641
1,1,1.0001,1,2.2635e-05,9.3804,2.3485
1,1.0001,1.0009,1,0.00013926,10.909,2.6484
1,1,1.0004,1,4.3417e-05,14.827,2.9458
1,1,1.0005,1,6.0123e-05,10.149,2.4054
1,1,1.0001,1,1.5146e-05,35.163,5.1933
1.0002,1.0004,1.0045,1,0.00053442,14.148,2.8836
1,1.0001,1.0005,1,7.0888e-05,5.6148,1.4724
1.0001,1.0001,1.0026,1,0.00023855,27.956,3.9324
1,1.0001,1.004,1,0.00026216,96.712,7.9805
1,1.0001,1.0005,1,0.00011097,5.5119,1.7882
1.0006,1.0011,1.0112,1,0.0013947,13.476,2.7499
1,1.0001,1.0008,1,0.00012853,11.228,2.7658
1,1,1.0004,1,3.1798e-05,62.647,7.065
1,1.0001,1.0004,1,8.0217e-05,3.4176,0.95128
1.0001,1.0001,1.0021,1,0.00021068,17.299,2.9541
1,1,1,1,4.6353e-08,52.929,6.2472
1,1.0001,1.0017,1,0.0001812,18.197,3.2198
1,1,1.0005,1,4.5723e-05,25.783,4.2661
1,1.0001,1.0018,1,0.00018342,23.21,3.8902
1.0001,1.0002,1.0058,1,0.00059003,42.346,5.9017
1.0002,1.0005,1.0048,1,0.00059964,13.174,2.7099
1,1,1.0019,1,9.8674e-05,188.22,11.671
1,1,1,1,2.9714e-07,427.47,19.911
1.0001,1.0002,1.0009,1,0.00017708,3.7673,1.0091
1.0001,1.0001,1.0009,1,0.00012807,7.1826,1.9299
1.0001,1.0003,1.0027,1,0.00035759,11.339,2.6452
1,1,1.0014,1,9.4714e-05,79.156,6.8925
1,1.0001,1.0015,1,0.00011094,40.731,4.5594
1.0001,1.0002,1.0019,1,0.00031956,10.837,2.7612
1.0001,1.0001,1.001,1,0.00014234,12.166,2.7487
1.0002,1.0003,1.003,1,0.0003323,16.844,2.7067
1.0002,1.0005,1.0095,1,0.0010183,30.014,4.6388
1,1.0001,1.0007,1,0.00010899,5.4076,1.674
1,1,1.0001,1,6.1054e-06,72.038,6.9284
1.0001,1.0001,1.0024,1,0.00021374,34.692,4.6737
1,1,1.0004,1,5.6346e-05,9.376,2.1928
1.0001,1.0001,1.0016,1,0.00020651,13.7,3.0132
1.0001,1.0001,1.0036,1,0.00040201,37.864,5.7065
1,1,1.0001,1,1.3913e-05,32.742,5.1585
1,1,1.0001,1,3.0347e-06,463.95,20.51
1,1,1.0003,1,4.9718e-05,8.6347,2.3563
1.0001,1.0003,1.0125,1,0.00087427,103.11,9.0627
1,1,1.0008,1,6.5932e-05,45.163,5.1981
1.0001,1.0001,1.0026,1,0.00023699,36.649,5.117
1,1,1.0001,1,5.6548e-06,29.335,4.7312
1,1,1.0002,1,3.9983e-05,9.8159,2.5459
1.0001,1.0001,1.0016,1,0.00012686,29.17,3.835
1,1,1.0006,1,6.7446e-05,29.768,4.8751
1,1,1.0002,1,7.8917e-06,195.63,13.246
1,1.0001,1.0006,1,0.00010138,6.6334,1.8853
1.0001,1.0001,1.0008,1,0.00014086,5.1521,1.5331
1.0003,1.0005,1.0081,1,0.0009837,28.339,4.6265
1,1.0001,1.0014,1,0.00017018,34.865,5.5354
1,1.0001,1.0011,1,0.00014719,13.171,3
1.0001,1.0002,1.0055,1,0.0005219,41.7,5.4506
1,1,1.0003,1,2.1953e-05,51.139,6.1369
1,1.0001,1.001,1,9.0135e-05,33.225,4.2472
1,1,1.0003,1,2.3161e-05,41.769,5.1213
1.0001,1.0001,1.0018,1,0.00025862,13.09,3.0091
1,1.0001,1.0014,1,0.00011603,34.225,4.4107
1.0001,1.0003,1.0032,1,0.0003728,12.248,2.5455
1,1.0001,1.0024,1,0.0001588,116.12,9.2966
1,1,1,1,1.8538e-06,357.44,17.308
1.0001,1.0001,1.0009,1,0.00016174,5.3499,1.7347
1,1,1.0002,1,2.2477e-05,10.628,2.6001
1,1,1.001,1,7.6154e-05,69.548,6.9577
1,1.0001,1.0008,1,8.049e-05,19.296,3.3185
1.0001,1.0001,1.001,1,0.00017635,8.8563,2.3321
1,1,1,1,1.1064e-06,105.81,8.9987
1,1,1.0006,1,8.4024e-05,14.762,3.087
1.0001,1.0002,1.002,1,0.00033126,8.4259,2.2979
1,1,1,1,4.4016e-09,184.93,12.892
1,1.0001,1.0009,1,0.00012653,12.115,2.8592
1.0002,1.0004,1.005,1,0.00069378,17.154,3.5739
1.0001,1.0001,1.0012,1,0.00013113,15.204,2.7026
1.0001,1.0002,1.0021,1,0.00024925,13.861,2.7157
1.0001,1.0002,1.0039,1,0.00032317,54.077,6.018
1,1,1.0006,1,8.4351e-05,14.382,3.2411
1,1,1.0012,1,7.0083e-05,134.37,9.6919
1.0001,1.0001,1.0016,1,0.00018349,11.185,2.5886
1,1,1.0001,1,4.6838e-06,65.732,6.8295
1,1,1.0018,1,0.00014224,66.842,7.2218
1,1,1.0007,1,7.0059e-05,39.004,5.1612
1.0001,1.0001,1.0014,1,0.00018671,11.799,2.5164
1,1.0001,1.0007,1,0.00012235,5.6284,1.8375
1.0001,1.0003,1.0033,1,0.00054232,11.16,2.7455
1.0001,1.0001,1.0046,1,0.00038697,71.673,7.7653
1,1,1.0006,1,7.4149e-05,13.048,2.921
1.0001,1.0001,1.0009,1,0.00011813,6.9935,1.6173
1,1,1.0001,1,1.5208e-05,16.521,3.3594
1,1.0001,1.0008,1,0.00012525,9.2759,2.3804
1.0001,1.0001,1.0026,1,0.00021492,41.065,5.2899
1.0002,1.0004,1.0034,1,0.00040216,13.16,2.4724
1,1.0001,1.0022,1,0.00012247,139.47,9.7613
1.0001,1.0001,1.0017,1,0.00018593,16.226,2.9874
1,1,1.0004,1,8.9336e-05,8.9687,2.5078
1,1.0001,1.0016,1,0.00013926,33.844,4.7381
1.0002,1.0004,1.0031,1,0.00046918,10,2.4112
1,1,1.0005,1,3.7305e-05,107.02,9.4714
1,1.0001,1.0012,1,0.00010777,44.984,5.49
1.0001,1.0002,1.0047,1,0.00048072,32.367,4.6274
1.0001,1.0002,1.0067,1,0.00057227,58.576,6.7123
1.0001,1.0001,1.0016,1,0.00022478,9.6546,2.4601
1.0001,1.0002,1.0013,1,0.00020472,4.9548,1.3651
1,1,1.0001,1,8.41e-06,8.9046,2.3756
1,1,1.0007,1,5.9881e-05,37.614,4.8016
1,1,1.0003,1,2.6699e-05,57.18,6.4494
1,1.0001,1.0014,1,0.00014599,19.342,3.3533
1,1.0001,1.0006,1,9.0468e-05,6.7439,1.8285
1.0003,1.0006,1.0125,1,0.0010355,43.402,5.0136
1,1,1.0001,1,2.5972e-05,9.7004,2.5726
1,1,1.0002,1,2.5917e-05,17.003,3.1255
1.0002,1.0004,1.0046,1,0.00066415,12.928,3.0022
1,1,1.0001,1,5.7701e-06,73.974,7.313
1,1.0001,1.0014,1,0.00017219,23.738,4.1747
1.0001,1.0001,1.0013,1,0.0001431,19.863,3.3805
1,1,1.0001,1,1.337e-05,7.7554,2.2156
1,1,1.0004,1,5.0566e-05,18.741,3.4281
1.0007,1.0012,1.0119,1,0.0016179,15.147,3.189
1,1.0001,1.0039,1,0.00035095,56.591,6.9244
1.0001,1.0002,1.004,1,0.000332,29.682,3.5046
1.0001,1.0003,1.0047,1,0.00046235,34.281,4.4671
1,1,1.0017,1,0.00010118,157.61,10.983
1,1,1,1,1.728e-06,323.85,16.22
1.0001,1.0001,1.0022,1,0.0002933,12.767,2.9184
1.0001,1.0003,1.0029,1,0.00038745,11.226,2.5323
1.0002,1.0003,1.003,1,0.00036894,9.7218,1.9812
1,1,1.0001,1,1.2436e-05,51.86,6.3162
1,1.0001,1.0007,1,0.00011168,8.849,2.056
1.0001,1.0002,1.0025,1,0.0003756,10.011,2.4965
1,1.0001,1.0006,1,8.0678e-05,8.3907,2.0081
1,1.0001,1.0026,1,0.00019533,77.829,7.8047
1,1,1.0003,1,2.7644e-05,39.221,5.2457
1.0002,1.0005,1.0026,1,0.00061093,4.4878,1.5413
1,1.0001,1.0005,1,6.5946e-05,7.5112,1.7748
1,1.0001,1.0014,1,0.00011963,29.438,3.9845
1,1,1.0001,1,1.0392e-05,45.951,6.2582
1,1,1.0004,1,7.3082e-05,7.9973,2.2802
1,1,1,1,6.5413e-08,85.075,7.9443
1.0001,1.0002,1.0014,1,0.00018853,7.1252,1.683
1.0001,1.0003,1.0054,1,0.00056415,28.496,4.5591
1,1,1.0005,1,2.7616e-05,114.92,8.827
1,1,1.0005,1,6.9014e-05,11.13,2.697
1,1.0001,1.0007,1,7.1784e-05,11.788,2.2321
1,1,1.0001,1,5.7195e-06,38.825,5.5844
1,1,1,1,1.9094e-06,51.414,6.2119
1.0002,1.0004,1.0029,1,0.00041811,7.1041,1.6548
1,1.0001,1.0008,1,9.0045e-05,15.043,2.8208
1,1,1,1,3.3678e-08,78.705,8.2421
1,1,1.0007,1,7.955e-05,18.173,3.6565
1.0001,1.0001,1.0024,1,0.00021748,27.408,3.9866
1,1,1.003,1,0.00018441,127.83,10.092
1.0004,1.0007,1.0032,1,0.00060006,2.9298,0.695
1,1,1.0019,1,0.00012436,118.28,9.5875
1,1,1.0006,1,8.225e-05,10.25,2.464
1,1,1.0004,1,5.2298e-05,33.221,5.3839
1.0001,1.0001,1.0008,1,0.00013436,6.2608,1.7914
1,1,1.0003,1,2.8643e-05,39.4,5.1168
1,1,1.0003,1,3.039e-05,20.476,3.8942
1.0001,1.0001,1.0013,1,0.00015082,17.397,3.1514
1,1,1.0021,1,0.00013883,72.171,7.194
1,1,1.0025,1,0.00016353,112.41,9.4927
1.0001,1.0001,1.0012,1,0.00021394,5.8867,1.8639
1.0002,1.0004,1.0053,1,0.00054698,18.38,3.2186
1.0001,1.0001,1.0029,1,0.00020412,65.768,6.4841
1,1,1.0007,1,5.8444e-05,33.262,4.4609
1,1,1.0005,1,5.5299e-05,48.68,6.3412
1,1,1.0022,1,0.00010138,262.27,14.732
1.0001,1.0002,1.005,1,0.00046597,34.872,4.5625
1,1.0001,1.0004,1,7.5411e-05,4.7448,1.476
1.0001,1.0001,1.0018,1,0.00020414,21.817,3.8653
1.0002,1.0004,1.0076,1,0.00064145,45.447,5.5432
1.0001,1.0003,1.0069,1,0.00063722,45.776,5.8825
1.0001,1.0002,1.0049,1,0.00047916,42.025,5.5286
1.0002,1.0004,1.0051,1,0.0007615,14.022,3.1416
1,1,1.0001,1,3.9964e-06,55.725,6.3
1,1,1.0003,1,4.9776e-05,13.921,3.2436
1,1,1.0001,1,4.3374e-06,371.27,18.294
1,1,1.0009,1,7.7363e-05,35.495,4.9014
1,1.0001,1.007,1,0.0004615,122.92,10.262
1,1,1.0005,1,3.9808e-05,77.27,7.4696
1.0001,1.0001,1.0011,1,0.00015539,7.9709,1.9737
1.0001,1.0001,1.0028,1,0.00031666,27.321,4.6182
1,1.0001,1.0028,1,0.0001727,122.92,9.8349
1.0001,1.0002,1.0033,1,0.00025577,42.882,4.727
1.0001,1.0001,1.0009,1,0.00016653,6.5958,1.9137
1,1.0001,1.0007,1,0.00012688,8.4014,2.3938
1.0003,1.0005,1.0049,1,0.00061187,11.482,2.4155
1,1.0001,1.0028,1,0.00019328,98.4,8.8006
1.0001,1.0002,1.0022,1,0.00027669,10.026,2.4232
1.0001,1.0003,1.0043,1,0.00058232,22.32,4.1539
1,1,1.0002,1,1.899e-05,16.056,3.2286
1.0002,1.0004,1.0057,1,0.0006537,13.759,2.7941
1,1.0001,1.001,1,0.00015009,10.02,2.5135
1.0001,1.0003,1.007,1,0.0005725,53.715,6.3338
1,1,1.0001,1,6.9563e-06,187.14,12.391
1.0001,1.0001,1.0011,1,0.00015219,15.218,3.137
1.0002,1.0003,1.0068,1,0.00060096,44.7,5.5922
1.0001,1.0003,1.0022,1,0.00028182,10.405,2.2842
1,1.0001,1.0024,1,0.00020797,51.21,5.9883
1.0001,1.0003,1.0021,1,0.00036152,5.6768,1.6342
1.0001,1.0002,1.0065,1,0.00055768,50.304,5.9504
1.0001,1.0002,1.0008,1,0.00015843,4.2687,1.2262
1.0001,1.0002,1.0049,1,0.0004644,33.365,4.7613
1,1.0001,1.0011,1,0.00013761,25.865,4.3229
1,1.0001,1.0013,1,0.00016729,23.02,4.1552
1.0001,1.0002,1.0015,1,0.0002449,6.4469,1.7711
1,1,1.0013,1,0.00010669,80.636,8.3255
1,1,1.0006,1,2.6352e-05,269.86,14.658
1,1,1.0001,1,1.7888e-05,28.72,5.0237
1,1.0001,1.0011,1,0.00010948,32.973,4.8241
1.0002,1.0003,1.0039,1,0.00053369,17.452,3.5095
1.0001,1.0002,1.0025,1,0.00025862,17.661,3.0289
1.0001,1.0002,1.0021,1,0.00029997,8.4403,2.0867
1,1,1.0003,1,4.8169e-05,9.7289,2.4076
1,1,1.0006,1,4.7233e-05,61.218,6.6813
1,1,1.0003,1,3.3122e-05,12.378,2.6796
1.0002,1.0004,1.0044,1,0.00076899,7.0775,2.1366
1,1.0001,1.0034,1,0.00026194,62.892,6.9667
1.0001,1.0001,1.001,1,0.00022112,5.141,1.7416
1,1,1.0001,1,9.0604e-06,27.442,4.147
1,1,1.0001,1,2.7398e-06,231.76,14.529
1,1,1,1,1.923e-07,211.83,13.538
1,1.0001,1.0009,1,0.00012575,12.352,2.7128
1,1,1.0013,1,8.3349e-05,77.599,6.7492
1.0001,1.0002,1.0021,1,0.00030675,8.4947,2.124
1.0002,1.0003,1.0075,1,0.00079619,29.902,4.7764
1.0001,1.0001,1.0018,1,0.00022031,17.381,3.3124
1,1.0001,1.0008,1,0.00011874,8.0432,2.0132
1.0004,1.0008,1.0157,1,0.0011742,44.668,4.6131
1,1,1,1,1.0321e-06,47.431,5.8742
1,1,1.0011,1,9.1556e-05,42.232,5.6977
1,1,1,1,9.0503e-07,164.7,11.186
1.0001,1.0002,1.0015,1,0.00025644,5.4238,1.6791
1.0001,1.0001,1.0058,1,0.00053368,63.509,7.5216
1.0001,1.0002,1.0013,1,0.00026529,4.9856,1.6053
1.0001,1.0002,1.0042,1,0.0003634,36.313,4.8747
1,1,1.0004,1,3.8861e-05,21.549,3.6199
1.0001,1.0003,1.0013,1,0.00024111,3.9204,1.0622
1.0001,1.0001,1.0038,1,0.00031767,57.859,6.5353
1.0001,1.0002,1.0052,1,0.00049823,22.942,3.8685
1,1.0001,1.0021,1,0.00015099,74.391,7.0648
1,1,1,1,1.2513e-06,90.668,8.122
1.0001,1.0002,1.002,1,0.00026124,12.242,2.5596
1,1,1.0002,1,1.1543e-05,107.07,8.8497
1.0001,1.0001,1.0014,1,0.00020613,11.077,2.5631
1.0001,1.0001,1.0041,1,0.00028105,76.343,7.3566
1,1.0001,1.001,1,0.00010085,21.771,3.6581
1.0001,1.0002,1.0021,1,0.00031111,10.391,2.4377
1.0001,1.0001,1.0007,1,0.00011926,4.9355,1.3698
1,1.0001,1.0015,1,0.00011065,55.654,6.1191
1,1,1.0003,1,4.8773e-05,6.2288,1.8026
1,1,1.0009,1,6.6471e-05,45.843,4.986
1,1,1.0001,1,5.698e-06,135.69,10.16
1,1.0001,1.0005,1,8.2769e-05,4.9441,1.4609
1,1,1.0004,1,2.1156e-05,168.47,12.022
1.0001,1.0001,1.0018,1,0.00021086,15.177,2.962
1.0001,1.0002,1.0074,1,0.00052797,65.965,6.6391
1.0002,1.0005,1.0156,1,0.001169,44.939,5.5258
1.0001,1.0002,1.0023,1,0.00027502,13.205,2.6877
1.0001,1.0002,1.0011,1,0.00016234,6.7294,1.6166
1.0004,1.0008,1.0139,1,0.0017458,25.731,4.534
1,1,1.0023,1,0.00014212,112.83,9.1543
1.0001,1.0001,1.0013,1,0.00018561,8.6497,2.1122
1,1,1,1,6.3831e-07,28.624,4.2578
1.0001,1.0002,1.0024,1,0.00027159,19.809,3.5899
1.0001,1.0001,1.0023,1,0.00022191,17.377,2.8993
1,1,1,1,2.4781e-06,138.25,10.108
1.0001,1.0001,1.0027,1,0.00030337,24.957,4.1407
1,1.0001,1.0008,1,9.5108e-05,9.0196,1.9738
1,1,1.0009,1,0.00010947,25.027,4.5913
1,1.0001,1.0009,1,0.00011003,17.039,2.816
1,1,1.0003,1,2.4393e-05,66.461,7.015
1,1,1,1,3.2217e-09,361.67,17.282
1,1,1,1,5.3447e-10,220.93,12.893
1,1,1.0003,1,3.6434e-05,18.161,3.6601
1,1,1,1,6.6836e-06,11.957,2.9264
1,1,1.0005,1,5.7197e-05,39.527,5.8815
1.0001,1.0001,1.0017,1,0.00019748,15.47,3.0158
1,1,1.0007,1,5.4713e-05,60.044,5.9804
1.0001,1.0001,1.0033,1,0.0002898,45.872,5.8751
1.0001,1.0001,1.0031,1,0.00029473,20.351,3.3747
1,1,1.0008,1,5.6485e-05,80.005,7.3859
1.0001,1.0002,1.0042,1,0.00049585,33.337,5.2567
1,1,1,1,1.4145e-07,233.53,14.172
1,1,1,1,7.6585e-07,425.79,19.775
1,1,1,1,2.4894e-06,119.67,8.593
1,1,1.0001,1,7.221e-06,115.58,9.2444
1,1,1.0001,1,1.1342e-05,55.95,6.3973
1,1,1.0017,1,0.00012622,70.398,7.4106
1,1,1.0019,1,0.00010628,111.95,8.1062
1,1.0001,1.0007,1,7.7464e-05,32.475,4.6788
1,1.0001,1.0008,1,7.3868e-05,24.725,3.5293
1,1.0001,1.0007,1,0.0001619,5.1041,1.7859
1,1,1,1,1.3805e-06,430.22,19.012
1,1,1.0001,1,9.5307e-06,8.4732,2.14
1,1,1.0004,1,1.8943e-05,194.97,12.217
1,1.0001,1.001,1,0.00011798,13.642,2.6371
1.0001,1.0001,1.0034,1,0.0003468,34.405,5.1945
1,1,1.0008,1,7.6076e-05,33.884,4.9348
1.0002,1.0004,1.0052,1,0.00056455,17.498,3.1189
1.0001,1.0001,1.0029,1,0.00025039,43.353,5.5888
1,1,1,1,1.0723e-07,188.05,12.008
1.0001,1.0002,1.0067,1,0.00067782,42.927,6.0087
1,1,1.0007,1,6.7345e-05,19.451,3.2818
1,1,1.0004,1,3.8867e-05,22.847,3.5397
1,1,1.0002,1,1.6123e-05,77.542,7.4629
1,1,1.0003,1,5.1958e-05,6.4115,1.8886
1,1,1.001,1,7.0547e-05,91.393,7.8106
1,1,1.0007,1,3.6672e-05,131.46,9.8006
1,1,1.0014,1,0.00011177,67.663,6.9974
1.0001,1.0001,1.0018,1,0.00021977,22.891,4.1659
1,1,1,1,1.6904e-06,342.14,17.12
1,1.0001,1.0012,1,0.00011913,21.609,3.6689
1,1,1.0004,1,6.206e-05,6.5347,1.9549
1,1,1,1,8.8405e-07,119.38,10.168
1.0001,1.0001,1.0019,1,0.00024779,14.314,3.1685
1,1.0001,1.0009,1,0.00011882,9.741,2.4826
1,1,1.001,1,9.7612e-05,25.144,3.79
1,1,1.0006,1,4.7427e-05,40.829,5.086
1,1,1.0005,1,8.0478e-05,8.8167,2.3744
1,1,1.0002,1,2.0481e-05,11.593,2.5728
1,1,1.0003,1,2.7234e-05,35.704,4.9478
1,1,1,1,2.4019e-08,174.79,12.946
1,1,1,1,9.9636e-07,39.121,5.8171
1,1,1.0002,1,1.7229e-05,46.71,6.3455
1.0001,1.0002,1.0032,1,0.00043711,10.756,2.6179
1,1,1.0001,1,3.6608e-06,142.06,10.611
1,1,1.0002,1,1.3945e-05,81.283,7.5494
1,1,1.0005,1,6.7864e-05,9.9718,2.2428
1,1.0001,1.0019,1,0.00017422,34.181,4.8592
1,1.0001,1.0019,1,0.00015552,38.848,4.6644
1,1,1,1,5.2325e-07,80.517,8.2489
1,1.0001,1.0007,1,8.6255e-05,9.8941,2.1254
1,1,1,1,6.544e-11,200.18,12.444
1,1,1,1,8.2474e-07,37.917,5.4521
1,1,1.0006,1,2.8601e-05,165.47,10.495
1,1,1,1,2.5277e-07,120.35,10.082
1,1,1,1,1.0752e-06,134,10.702
1,1.0001,1.0008,1,0.00014832,6.3889,1.9323
1,1,1,1,1.3861e-07,470.31,20.896
1,1.0001,1.0025,1,0.00020111,79.768,7.7217
1,1,1.001,1,8.5266e-05,45.002,5.7487
1,1,1,1,4.0069e-07,18.206,3.5655
1,1,1,1,2.3002e-07,90.402,8.6505
1,1,1.0008,1,6.9364e-05,34.838,4.8706
1,1,1.0009,1,7.9007e-05,57.494,6.6823
1,1,1.0005,1,5.0735e-05,29.845,4.561
1,1,1.0001,1,4.6697e-06,118.96,10.052
1.0001,1.0001,1.0018,1,0.00019233,29.221,4.5464
1,1,1.0003,1,4.0787e-05,23.34,4.3185
1,1.0001,1.0018,1,0.00016961,41.577,5.715
1.0002,1.0003,1.002,1,0.00034492,6.2417,1.7227
1,1,1,1,3.1031e-06,76.885,7.5537
1,1,1,1,2.7502e-06,69.904,7.8266
1,1.0001,1.0004,1,8.2956e-05,3.8619,1.3009
1,1,1,1,2.4575e-07,266.26,14.574
1,1,1.0004,1,4.5873e-05,20.653,3.7683
1,1,1.0002,1,2.7716e-05,14.79,3.0723
1.0002,1.0003,1.0028,1,0.00036579,7.368,1.7904
1,1,1.0015,1,0.00013933,58.479,6.9043
1.0001,1.0001,1.0047,1,0.00046363,43.583,6.0545
1.0001,1.0001,1.0044,1,0.0002718,99.962,8.2941
1.0002,1.0004,1.003,1,0.00058038,4.7205,1.5279
1,1.0001,1.0023,1,0.00016525,59.537,6.2459
1,1,1.0007,1,5.2654e-05,52.446,5.9192
1.0001,1.0001,1.0014,1,0.00015972,17.118,3.1017
1,1.0001,1.0006,1,7.2963e-05,9.5066,2.1887
1.0001,1.0002,1.0018,1,0.00024983,8.9592,2.0867
1,1,1.0003,1,2.763e-05,26.431,4.0574
1,1,1.0006,1,5.3809e-05,29.476,3.7358
1,1,1.0002,1,3.922e-05,10.002,2.6623
1,1,1,1,1.1012e-06,431.2,19.185
1,1.0001,1.0033,1,0.00025225,96.466,9.1553
1,1,1.0004,1,5.7032e-05,11.215,2.7171
1,1,1.0001,1,6.9632e-06,20.338,3.9496
1,1,1.0005,1,2.8209e-05,181.69,12.253
1.0001,1.0001,1.0006,1,0.00011037,3.3498,1.0729
1.0001,1.0001,1.0021,1,0.00024084,26.899,4.2614
1,1,1.0008,1,7.863e-05,38.017,5.3789
1,1,1.0001,1,1.4434e-05,6.4257,1.9471
1,1,1.0034,1,0.00017057,167.13,11.141
1.0001,1.0002,1.0018,1,0.00024283,15.268,3.0069
1.0002,1.0003,1.0062,1,0.00057107,32.771,4.4305
1.0001,1.0002,1.0022,1,0.00027153,8.2284,1.726
1,1,1.0006,1,8.1013e-05,20.895,3.8203
1,1,1.0007,1,3.2685e-05,261.75,14.728
1,1,1.0012,1,9.3289e-05,64.714,6.8289
1,1,1,1,3.1058e-07,283.34,16.146
1.0001,1.0001,1.0017,1,0.00022942,18.234,3.6662
1,1,1.0004,1,6.6155e-05,10.117,2.4506
1,1,1.0005,1,6.8681e-05,13.176,2.8765
1,1,1,1,7.3748e-07,259.81,15.323
1,1,1.0006,1,5.706e-05,69.382,7.7279
1,1.0001,1.0032,1,0.00035855,37.549,5.7339
1,1,1,1,2.7011e-11,124.24,9.9315
1,1,1,1,5.9024e-06,9.3145,2.2317
1,1,1.0004,1,3.8671e-05,13.228,2.537
1,1.0001,1.0014,1,0.00016257,16.872,3.1773
1,1,1.0001,1,7.4919e-06,37.153,5.4005
1.0001,1.0001,1.0008,1,0.00016496,4.0762,1.2826
1,1,1.0007,1,9.6229e-05,19.285,3.7491
1,1.0001,1.0022,1,0.0001535,66.429,6.1521
1.0001,1.0002,1.0037,1,0.00040335,34.292,4.8156
1,1,1.0007,1,7.7353e-05,17.7,3.3312
1,1.0001,1.0009,1,0.00010829,22.292,3.873
1,1,1.0006,1,7.5886e-05,17.127,3.4787
1,1.0001,1.0008,1,0.00012193,9.4571,2.2544
1,1,1.0003,1,4.7006e-05,13.722,2.9348
1,1,1,1,2.6464e-06,51.149,6.1953
1.0001,1.0001,1.0047,1,0.00037655,54.888,6.2727
1,1.0001,1.0045,1,0.00026488,145.9,10.057
1,1,1,1,1.3199e-06,11.481,2.8288
1,1.0001,1.0015,1,0.00014327,25.649,3.7691
1,1,1.0002,1,2.5806e-05,10.625,2.5089
1,1.0001,1.0007,1,8.1165e-05,24.029,3.7255
1.0001,1.0002,1.0043,1,0.00044578,22.795,3.9171
1,1,1,1,6.8638e-07,35.496,5.2906
1,1.0001,1.004,1,0.00024892,79.152,7.0981
1,1,1.0001,1,6.4092e-06,315.7,16.457
1,1,1.0016,1,0.00010798,92.632,8.4026
1,1,1,1,3.5587e-06,9.071,2.2714
1,1.0001,1.0047,1,0.00039411,71.358,7.5389
1,1,1.0019,1,0.00013158,88.695,8.1299
1,1,1.0023,1,0.00013082,154.16,10.854
1.0001,1.0001,1.0009,1,0.00015338,5.9101,1.8048
1,1,1,1,1.4125e-09,143.74,10.462
1,1.0001,1.0013,1,0.0001211,31.552,4.5218
1,1.0001,1.0007,1,8.9907e-05,11.154,2.4169
1,1,1.0011,1,0.00011454,30.975,4.7884
1,1,1,1,1.4687e-09,92.715,8.9289
1,1,1.0009,1,5.4299e-05,99.712,8.4822
1,1,1,1,2.9123e-07,35.584,5.0188
1,1.0001,1.0007,1,0.00014026,6.6624,2.065
1,1,1.0004,1,4.2145e-05,27.919,4.5769
1,1,1.0002,1,1.0249e-05,388.36,18.747
1,1,1,1,3.4004e-07,282.23,15.618
1,1,1,1,1.9878e-08,212.41,13.244
1,1,1,1,1.8269e-07,44.431,5.208
1,1,1.0005,1,6.6594e-05,17.583,3.2767
1.0001,1.0001,1.0021,1,0.00020889,23.978,4.1649
1,1,1,1,2.1949e-06,148.13,11.064
1,1,1,1,2.2514e-06,70.787,7.4099
1,1,1.0004,1,3.5705e-05,26.822,4.3937
1,1.0001,1.0011,1,0.00015009,12.252,2.7447
1,1,1.0029,1,0.00013884,250.75,14.361
1,1,1.0004,1,4.3556e-05,21.139,3.6953
1.0001,1.0001,1.001,1,0.00017803,5.9051,1.773
1,1,1,1,8.7638e-09,346.17,17.187
1,1,1,1,2.7086e-06,154.9,10.772
1,1.0001,1.0007,1,0.00010382,6.3194,1.8104
1,1.0001,1.0006,1,0.00010468,9.7688,2.5624
1,1,1.0005,1,6.3751e-05,17.577,3.351
1,1,1,1,5.7287e-07,58.493,5.7758
1.0001,1.0001,1.0042,1,0.00028424,121.99,9.5196
1,1,1,1,1.0296e-06,30.958,5.0866
1,1,1.0006,1,5.1446e-05,48.886,5.5421
1,1,1,1,5.624e-08,297.24,15.568
1.0002,1.0003,1.009,1,0.00059319,97.116,8.4777
1,1,1,1,2.2366e-09,206.56,12.891
1,1,1,1,4.6843e-07,80.501,8.1707
1,1,1.0002,1,1.6712e-05,50.466,6.4299
1,1.0001,1.0014,1,0.00014974,31.578,4.6899
1,1.0001,1.0007,1,0.00012165,7.4684,2.0381
1.0001,1.0001,1.0031,1,0.00022832,63.849,6.3496
1,1,1.0009,1,8.6426e-05,26.012,4.2906
1,1.0001,1.0016,1,0.00013054,58.985,6.0639
1.0002,1.0004,1.0029,1,0.00041661,8.5608,1.9781
1,1,1,1,4.1368e-07,17.465,3.3251
1,1,1.0001,1,1.0325e-05,14.022,2.68
1,1,1.0007,1,8.4473e-05,22.681,4.1687
1,1,1,1,8.8831e-08,589.68,24.215
1.0001,1.0001,1.0012,1,0.00012851,13.562,2.4655
1,1.0001,1.0009,1,0.00010028,17.284,2.9569
1,1,1.0012,1,9.729e-05,92.209,8.9012
1,1.0001,1.0006,1,0.00012783,6.1815,2.0041
1,1,1.0003,1,2.5788e-05,28,4.3013
1,1,1.0007,1,7.8474e-05,35.357,5.3042
1,1,1.0019,1,0.00017165,55.773,6.456
1,1,1,1,1.3462e-07,13.375,2.9849
1,1,1.0027,1,0.00010934,434.14,19.762
1,1.0001,1.0007,1,0.00011788,5.8651,1.6948
1,1,1.0002,1,2.6549e-05,20.514,3.6668
1.0001,1.0001,1.001,1,0.00017113,7.101,2.0014
1.0001,1.0002,1.0037,1,0.00035382,34.517,4.74
1,1,1,1,7.1616e-11,248.65,14.825
1,1.0001,1.0008,1,0.00012233,10.535,2.5734
1,1,1,1,2.9363e-11,455.67,20.316
1,1,1.0002,1,1.8952e-05,25.809,3.9595
1,1,1.0004,1,7.1734e-05,11.221,2.7115
1.0002,1.0004,1.0063,1,0.00056628,30.991,3.9757
1,1,1,1,1.4885e-06,39.315,5.7969
1,1.0001,1.0026,1,0.00026712,29.098,4.6732
1,1.0001,1.0012,1,0.00013498,25.054,4.019
1.0001,1.0002,1.0019,1,0.0002888,9.5523,2.4091
1,1.0001,1.001,1,8.3072e-05,29.03,3.5928
1,1,1,1,1.0424e-07,271.47,14.417
1.0001,1.0001,1.0027,1,0.00025835,41.865,5.4366
1,1,1,1,1.5933e-08,190.99,13.019
1,1,1,1,4.446e-07,359.32,18.016
1,1,1,1,3.3175e-06,28.284,4.7335
1,1,1.0011,1,6.6e-05,100.14,8.8042
1,1,1.0002,1,3.4376e-05,12.491,2.7462
1,1,1.0004,1,5.433e-05,11.712,2.4831
1.0002,1.0003,1.0051,1,0.00071716,17.295,3.6277
1,1.0001,1.0004,1,8.1807e-05,5.2736,1.7372
1,1,1.0004,1,4.823e-05,21.911,4.162
1.0002,1.0004,1.0019,1,0.00037889,4.2166,1.2564
1.0001,1.0001,1.0037,1,0.00028278,76.476,7.5196
1,1,1.0011,1,9.3982e-05,44.217,5.4189
1,1,1.0002,1,2.775e-05,24.81,4.3541
1.0002,1.0004,1.0127,1,0.0010912,52.668,6.3193
1.0001,1.0001,1.0014,1,0.00018959,13.775,3.1446
1,1.0001,1.0047,1,0.00029976,97.757,8.5257
1,1,1.0002,1,1.0722e-05,149.66,9.7094
1.0001,1.0001,1.0034,1,0.00030313,57.077,6.7688
1,1.0001,1.0033,1,0.00029345,76.777,8.1559
1,1,1,1,1.5709e-06,156.11,11.726
1.0001,1.0002,1.0034,1,0.00042899,14.305,3.1551
1,1,1.0006,1,9.2536e-05,11.812,2.8784
1,1,1.0012,1,0.00010029,63.119,7.0966
1,1,1,1,1.4534e-07,22.291,3.7375
1.0001,1.0001,1.0053,1,0.00049089,72.023,7.9554
1,1.0001,1.0022,1,0.00017941,72.042,7.4134
1,1.0001,1.0013,1,0.00015958,17.575,3.4522
1,1.0001,1.0048,1,0.00034201,99.979,9.252
1,1,1,1,1.9358e-06,58.199,7.209
1,1,1.0004,1,5.1322e-05,13.132,2.7065
1,1,1,1,5.04e-08,47.17,5.9861
1.0001,1.0001,1.0031,1,0.00035397,30.638,5.0137
1,1,1,1,4.5354e-08,128.78,10.79
1,1,1.0001,1,1.2221e-05,22.059,3.9766
1,1.0001,1.0013,1,0.00018579,15.249,3.4514
1,1,1.0001,1,5.7432e-06,124.78,10.207
1.0001,1.0002,1.0059,1,0.00052463,62.244,7.1416
1,1.0001,1.0008,1,0.00012451,7.7517,2.1418
1,1,1,1,5.2355e-07,153.89,12.08
1.0001,1.0002,1.0038,1,0.00038281,24.34,4.0571
1,1,1.0005,1,7.982e-05,9.0698,2.5015
1,1.0001,1.0007,1,8.8481e-05,14.6,3.0241
1,1,1.0001,1,6.4866e-06,27.952,4.1418
1,1,1.0003,1,3.5624e-05,30.825,4.6247
1,1,1.0003,1,4.7103e-05,10.404,2.5753
1,1,1.0014,1,0.00011919,75.253,7.5453
1,1,1.0001,1,8.0024e-06,46.491,5.7412
1,1,1,1,6.3675e-07,46.227,5.883
1,1,1.0013,1,8.1751e-05,160.32,12.041
1,1,1.0001,1,8.2141e-06,26.375,3.914
1,1,1.0001,1,5.5602e-06,110.66,9.8993
1,1,1.0006,1,8.3484e-05,10.786,2.6264
1.0001,1.0001,1.006,1,0.00058663,52.075,6.7174
1,1.0001,1.0007,1,9.6769e-05,9.6865,2.3561
1,1,1.0002,1,2.2564e-05,23.096,4.2117
1,1,1.0001,1,3.8777e-06,77.616,6.9474
1,1,1.0001,1,4.7864e-06,189.5,11.426
1,1,1.0017,1,0.00010772,92.897,7.6161
1,1,1.0012,1,0.00010716,37.633,5.1692
1,1,1.0008,1,7.6095e-05,49.722,6.0748
1,1,1,1,2.8722e-06,34.959,5.099
1,1,1.0003,1,3.1788e-05,19.22,3.0148
1,1,1.0002,1,1.8674e-05,23.36,3.9376
1.0001,1.0002,1.0029,1,0.00028592,19.035,3.1731
1,1.0001,1.0007,1,0.0001031,7.0724,1.9307
1,1,1,1,2.2076e-07,25.386,4.1864
1,1.0001,1.001,1,0.00014828,7.5542,2.1601
1.0001,1.0001,1.0016,1,0.00020046,10.923,2.5062
1.0001,1.0002,1.0017,1,0.00026317,9.0023,2.2913
1,1,1.0002,1,2.3104e-05,25.247,4.5103
1,1,1.0006,1,5.2107e-05,71.242,7.6957
1,1,1.001,1,8.6279e-05,36.184,4.8987
1.0001,1.0001,1.0043,1,0.00043295,56.059,7.126
1,1,1.0001,1,4.2494e-06,133.29,10.925
1.0001,1.0002,1.0023,1,0.00030649,10.302,2.1952
1,1,1,1,3.0528e-06,53.371,6.0766
1,1,1.0013,1,0.00010627,96.166,9.3049
1,1.0001,1.0014,1,0.00012991,26.883,4.1221
1.0001,1.0002,1.0022,1,0.0002729,11.967,2.3755
1,1.0001,1.0025,1,0.00014259,148.57,10.368
1,1,1.0003,1,3.2945e-05,46.173,6.4054
1,1,1.0002,1,3.5705e-05,5.2982,1.5859
1,1,1.0002,1,8.5292e-06,271.07,15.529
1,1,1.0003,1,3.8502e-05,29.453,4.7584
1,1,1,1,3.3104e-09,111.6,9.1329
1,1.0001,1.0016,1,0.00017943,26.763,4.4229
1,1.0001,1.0011,1,0.00012341,24.326,4.2388
1.0001,1.0003,1.0036,1,0.00038397,22.653,3.7704
1,1,1,1,2.131e-06,25.175,4.2527
1.0001,1.0001,1.0059,1,0.0003768,124.46,10.012
1,1.0001,1.0018,1,0.00016831,43.414,5.5985
1.0003,1.0005,1.007,1,0.00072783,17.239,3.1525
1.0001,1.0003,1.0067,1,0.00053977,40.285,5.2181
1,1.0001,1.0006,1,8.023e-05,9.2712,2.2417
1,1,1.0004,1,5.8352e-05,9.2843,2.1637
1,1,1.0003,1,3.8011e-05,27.181,4.6728
1.0001,1.0002,1.0015,1,0.00018388,12.211,2.5388
1,1,1.0012,1,7.4437e-05,83.643,7.7366
1.0001,1.0001,1.0029,1,0.00024395,46.881,5.7899
1.0005,1.0009,1.0111,1,0.0010962,13.612,2.345
1,1,1.0005,1,4.1766e-05,29.705,4.2361
1.0001,1.0001,1.0008,1,0.00011689,9.3324,2.2593
1.0001,1.0001,1.0013,1,0.00019746,12.332,2.8297
1.0001,1.0002,1.0024,1,0.00024748,21.683,3.6016
1,1.0001,1.0024,1,0.00019502,46.669,5.6671
1,1,1.0021,1,0.00018077,69.1,7.6624
1.0002,1.0004,1.0042,1,0.00046977,12.033,2.4405
1,1,1.0008,1,6.1188e-05,44,5.6092
1,1.0001,1.001,1,0.00012518,16.291,3.2008
1,1,1.0011,1,9.7145e-05,57.483,6.6497
1,1,1.0008,1,9.9376e-05,17.225,3.3396
1.0001,1.0002,1.0032,1,0.00025571,45.799,5.0336
1.0001,1.0002,1.0031,1,0.00030975,25.786,4.0337
1.0001,1.0001,1.0035,1,0.00027013,51.356,5.7181
1,1.0001,1.0016,1,0.00019459,23.651,4.0952
1,1,1.0005,1,3.687e-05,83.343,7.8401
1.0001,1.0002,1.0018,1,0.0002505,12.776,2.768
1.0001,1.0003,1.0016,1,0.00033153,4.9012,1.5952
1,1,1.0002,1,1.501e-05,43.948,4.9969
1.0001,1.0001,1.0013,1,0.0002039,8.9357,2.2438
1.0001,1.0002,1.0034,1,0.0003753,18.77,3.2876
1,1,1.0005,1,5.1876e-05,26.994,4.0319
1,1.0001,1.0022,1,0.00017913,52.518,6.1165
1.0001,1.0001,1.0025,1,0.00019947,55.004,6.1178
1.0003,1.0005,1.0046,1,0.0006062,11.843,2.4252
1,1,1.0004,1,4.7813e-05,9.4537,2.2427
1,1,1.0004,1,5.4033e-05,8.3693,2.2623
1,1.0001,1.0024,1,0.00017486,77.949,7.9357
1.0001,1.0002,1.0027,1,0.00022468,28.899,3.5559
1,1,1.0009,1,6.8767e-05,47.294,5.9448
1.0001,1.0002,1.0018,1,0.00020031,11.143,2.0462
1.0003,1.0007,1.0077,1,0.00086013,10.475,2.0872
1,1.0001,1.0025,1,0.00021113,51.473,6.1821
1,1.0001,1.0044,1,0.00029218,96.945,8.4366
1,1.0001,1.0018,1,0.00018235,26.826,4.0472
1.0001,1.0001,1.0018,1,0.00015696,20.781,3.2169
1,1,1.0002,1,1.9605e-05,27.114,4.232
1,1,1.0007,1,6.7784e-05,31.507,4.5515
1.0001,1.0001,1.0028,1,0.00019576,58.693,5.8269
1.0003,1.0005,1.0043,1,0.00057189,9.9074,2.3453
1,1.0001,1.0009,1,0.00010095,17.532,3.2023
1.0001,1.0003,1.0017,1,0.00028789,5.0828,1.3834
1,1,1.0006,1,0.00011715,9.9442,2.7858
1,1.0001,1.0028,1,0.00022353,70.456,7.3519
1.0001,1.0001,1.0031,1,0.00027764,45.095,5.5779
1.0001,1.0001,1.0037,1,0.00034293,36.783,5.1909
1.0001,1.0001,1.001,1,0.00017889,8.5081,2.4694
1.0001,1.0001,1.0042,1,0.00036378,42.695,5.6692
1.0001,1.0002,1.0024,1,0.00027883,11.39,2.2444
1,1,1.0003,1,3.6436e-05,18.911,3.3431
1.0002,1.0004,1.004,1,0.00062602,11.654,2.7594
1.0001,1.0002,1.0016,1,0.00019468,10.182,2.2125
1,1.0001,1.0032,1,0.00027538,68.989,7.5484
1,1,1.0007,1,0.00010761,12.963,2.9964
1,1.0001,1.0016,1,0.00015325,30.468,4.5417
1,1,1.0008,1,7.3415e-05,21.549,3.6007
1,1.0001,1.0006,1,8.7569e-05,9.6947,2.2649
1,1,1.001,1,0.00011528,19.991,3.8178
1.0003,1.0005,1.0082,1,0.000787,24.977,3.8119
1,1,1.0004,1,5.2084e-05,15.187,3.1433
1.0001,1.0001,1.0027,1,0.00030529,27.574,4.4469
1,1,1.0012,1,8.9337e-05,48.408,5.6213
1.0002,1.0004,1.0031,1,0.00038508,7.316,1.7635
1.0005,1.0009,1.0178,1,0.001562,40.469,4.9825
1.0001,1.0001,1.0019,1,0.00017819,15.449,2.6824
1,1.0001,1.0006,1,9.0826e-05,6.2104,1.6027
1.0001,1.0002,1.0023,1,0.00040269,10.329,2.6747
1,1,1.0011,1,6.3905e-05,142.43,11.268
1,1,1.0001,1,1.6486e-05,12.676,2.9637
1,1.0001,1.001,1,0.00016695,9.7678,2.663
1.0001,1.0001,1.0008,1,0.00017826,3.5307,1.2021
1.0002,1.0003,1.0053,1,0.00073955,21.879,4.256
1.0002,1.0003,1.0035,1,0.00048623,19.009,3.7255
1.0001,1.0002,1.0044,1,0.00043854,31.857,4.9821
1,1,1.0004,1,5.1511e-05,28.031,4.5993
1.0001,1.0002,1.0074,1,0.00044292,129.99,10.076
1,1.0001,1.0014,1,9.0469e-05,72.387,6.0295
1.0002,1.0004,1.0043,1,0.00057417,12.481,2.7283
1,1,1.0011,1,0.00010765,37.057,4.9283
1.0001,1.0001,1.003,1,0.00024477,47.05,5.8604
1,1.0001,1.0029,1,0.00022024,78.806,7.823
1.0002,1.0003,1.0049,1,0.00059113,13.711,2.8105
1.0001,1.0001,1.0015,1,0.00017012,16.464,3.0096
1.0001,1.0001,1.0008,1,0.00013511,3.9631,1.152
1,1.0001,1.0013,1,0.00014064,28.755,4.6905
1,1,1.0002,1,2.3191e-05,16.588,3.2698
1,1,1.0002,1,2.3202e-05,24.582,4.1465
1.0001,1.0003,1.0061,1,0.00058171,32.749,4.7969
1,1,1.0008,1,5.7146e-05,67.199,6.5813
1,1,1.0004,1,4.1977e-05,14.611,3.0327
1.0001,1.0002,1.0013,1,0.00020971,6.4094,1.6302
1.0001,1.0002,1.0026,1,0.00036237,11.807,2.6828
1,1,1.0001,1,1.4025e-05,11.056,2.5888
1,1,1.0003,1,2.8066e-05,35.251,5.5276
1,1,1.0011,1,8.329e-05,64.35,6.6145
1,1.0001,1.0019,1,0.00014647,69.263,6.877
1,1.0001,1.0032,1,0.00018578,106.18,8.0107
1,1,1.0001,1,9.6752e-06,48.518,6.2726
1.0001,1.0002,1.0027,1,0.00033594,12.817,2.6783
1.0001,1.0002,1.0009,1,0.00019938,2.5597,0.7192
1,1.0001,1.0028,1,0.0001823,117.6,9.6327
1.0002,1.0005,1.0041,1,0.0007077,9.6915,2.5261
1.0001,1.0001,1.0025,1,0.0002626,25.831,4.1581
1,1.0001,1.0013,1,0.00012824,43.497,5.5548
1.0001,1.0002,1.0071,1,0.00066451,52.676,6.6633
1.0001,1.0002,1.0033,1,0.00028824,28.956,4.2523
1.0001,1.0002,1.0055,1,0.00038329,84.141,7.7833
1,1,1.0005,1,3.3949e-05,111.94,9.6551
1.0001,1.0001,1.0022,1,0.00018978,44.118,5.4459
1.0002,1.0003,1.0029,1,0.00038719,11.467,2.4935
1.0001,1.0001,1.0018,1,0.00016327,21.117,3.1926
1.0001,1.0002,1.0015,1,0.00021587,6.6771,1.6315
1.0002,1.0004,1.002,1,0.00028608,4.0367,0.9149
1,1,1.0009,1,9.5179e-05,26.205,4.1764
1.0001,1.0001,1.0042,1,0.00038418,62.023,7.0598
1,1.0001,1.0016,1,0.00014697,24.597,3.6226
1,1.0001,1.0014,1,0.00022196,12.446,2.9839
1,1.0001,1.0008,1,8.1326e-05,31.736,4.4345
1.0001,1.0002,1.0026,1,0.00036642,11.638,2.8158
1,1.0001,1.0011,1,0.00018084,12.361,3.0814
1.0002,1.0004,1.003,1,0.00050502,8.047,2.0815
1,1.0001,1.0017,1,0.00018337,41.779,5.9586
1.0002,1.0003,1.0056,1,0.00053006,30.413,4.3546
1.0001,1.0002,1.002,1,0.00020622,20.484,3.3573
1.0003,1.0006,1.0046,1,0.00076454,7.2272,1.8337
1,1,1.0016,1,8.5921e-05,188.89,12.555
1,1.0001,1.0015,1,0.00013158,47.387,5.6815
1.0001,1.0001,1.0029,1,0.00021846,65.407,6.6324
1.0001,1.0003,1.0041,1,0.00051723,19.956,3.7924
1.0001,1.0001,1.0011,1,0.0001428,12.552,2.4161
1.0001,1.0001,1.0009,1,0.00016428,3.6048,1.0989
1.0004,1.0007,1.0089,1,0.00085277,33.149,4.5027
1,1,1.0013,1,9.3626e-05,42.778,4.8724
1,1.0001,1.0042,1,0.00028258,120.28,10.049
1.0002,1.0003,1.0048,1,0.00050333,21.762,3.6512
1,1,1.001,1,6.5968e-05,64.788,6.3031
1,1,1.0002,1,2.1981e-05,26.812,3.842
1.0002,1.0003,1.0027,1,0.00047796,6.4216,1.9179
1.0001,1.0002,1.0071,1,0.00046655,81.92,7.775
1.0002,1.0003,1.0046,1,0.00042272,26.965,3.789
1,1.0001,1.0012,1,0.00011656,26.409,3.903
1.0001,1.0003,1.0166,1,0.0010823,101.82,8.5129
1.0003,1.0006,1.012,1,0.0012185,30.489,4.6939
1.0001,1.0002,1.0065,1,0.00039647,102.01,8.1101
1.0001,1.0001,1.0009,1,0.00015668,5.4881,1.5509
1,1,1.0003,1,4.0072e-05,13.786,2.894
1,1.0001,1.0008,1,0.00014652,7.5034,2.1604
1.0002,1.0003,1.0026,1,0.00041058,8.2888,2.2131
1.0001,1.0002,1.0025,1,0.00024761,27.567,4.1799
1.0001,1.0001,1.0016,1,0.00020239,17.532,3.2759
1,1,1.0001,1,7.3509e-06,29.744,4.9192
1,1,1.0013,1,9.7051e-05,50.596,5.5031
1.0001,1.0002,1.0016,1,0.0002937,6.6253,1.8701
1,1,1.0007,1,6.4334e-05,29.867,4.1047
1.0001,1.0002,1.0038,1,0.00041778,21.125,3.8405
1.0001,1.0002,1.002,1,0.00022836,16.603,2.937
1,1,1.0007,1,7.2368e-05,20.1,3.6166
1,1.0001,1.0009,1,0.00012384,12.391,2.7122
1.0003,1.0005,1.0058,1,0.00076111,15.074,3.1215
1.0001,1.0002,1.0058,1,0.00048174,41.915,5.0794
1.0003,1.0005,1.0066,1,0.00093315,15.585,3.3681
1,1,1.0014,1,9.1137e-05,110.78,9.0326
1.0001,1.0001,1.0027,1,0.00018508,61.387,5.9748
1,1,1.0002,1,3.5661e-05,8.3889,2.3235
1.0001,1.0003,1.0043,1,0.00047618,25.644,4.3276
1.0002,1.0003,1.003,1,0.00037916,12.766,2.402
1.0001,1.0001,1.0024,1,0.0002712,24.407,4.1339
1,1.0001,1.0011,1,0.00014375,10.674,2.5607
1,1,1.0009,1,0.0001134,20.334,3.8394
1,1.0001,1.0014,1,0.0001392,25.703,3.9528
1,1,1.0004,1,5.2196e-05,19.275,3.7253
1.0001,1.0002,1.0039,1,0.00036117,31.18,4.5607
1.0001,1.0002,1.0027,1,0.00029986,16.709,3.1897
1.0001,1.0001,1.0066,1,0.000489,82.262,8.293
1.0001,1.0002,1.0009,1,0.00014739,4.9073,1.2859
1.0003,1.0005,1.0074,1,0.00097272,24.381,4.3635
1.0001,1.0002,1.0034,1,0.00035793,23.916,3.9492
1.0005,1.001,1.0217,1,0.0016211,54.99,5.8525
1,1.0001,1.0007,1,9.3378e-05,9.088,2.1319
1.0001,1.0001,1.0033,1,0.00034218,31.972,5.0683
1.0001,1.0001,1.0056,1,0.00038268,103.94,8.9373
1.0001,1.0002,1.0018,1,0.00025889,7.185,1.8698
1,1.0001,1.0017,1,0.00015093,43.957,5.5482
1,1,1.0009,1,5.9056e-05,124,9.6548
1.0001,1.0002,1.0033,1,0.00036863,18.81,3.2719
1.0004,1.0007,1.0161,1,0.0014894,38.353,4.9859
1,1,1.0006,1,5.6784e-05,13.967,2.1454
1.0002,1.0003,1.0066,1,0.00055604,36.381,4.8706
1.0002,1.0004,1.0063,1,0.00079248,20.236,3.9408
1,1,1.0008,1,0.00010764,22.416,4.2387
1.0001,1.0001,1.0019,1,0.00027968,12.21,2.8377
1.0001,1.0001,1.0025,1,0.00021134,30.073,4.1635
1,1.0001,1.0014,1,0.00013598,37.214,5.26
1.0001,1.0002,1.0018,1,0.00026207,10.823,2.7144
1,1.0001,1.0011,1,0.00010211,35.61,4.3706
1,1,1.0002,1,2.39e-05,13.301,2.9962
1.0002,1.0003,1.0057,1,0.00073999,19.912,3.9779
1,1,1.0021,1,0.00011426,187.37,12.316
1.0001,1.0001,1.0021,1,0.0003373,13.06,3.1485
1,1,1.0001,1,1.5712e-05,9.9874,2.4971
1,1,1.0006,1,5.2616e-05,32.895,4.646
1,1,1.0003,1,2.1407e-05,59.082,5.9766
1,1,1.0004,1,6.8238e-05,5.26,1.6179
1,1.0001,1.0018,1,0.00014269,62.63,6.7525
1,1.0001,1.0016,1,0.00016567,34.277,4.8565
1,1,1.0004,1,5.0246e-05,15.129,2.8018
1,1,1.002,1,0.00014027,82.536,7.7274
1,1.0001,1.0014,1,0.00017252,9.8489,2.4785
1.0001,1.0001,1.003,1,0.00027504,37.615,5.0711
1.0001,1.0002,1.008,1,0.00076623,57.046,6.7681
1.0001,1.0001,1.0008,1,0.00012281,7.3082,1.8953
1,1,1.0003,1,3.8024e-05,14.382,2.8543
1.0001,1.0001,1.0038,1,0.00020084,155.82,10.008
1.0002,1.0003,1.0045,1,0.00050546,15.625,2.9881
1,1.0001,1.0039,1,0.0002442,142.78,10.537
1,1,1.0007,1,9.7794e-05,13.088,2.9685
1.0003,1.0005,1.003,1,0.00053918,3.2122,0.81189
1,1,1,1,1.091e-06,21.281,3.9132
1.0005,1.0009,1.0133,1,0.0014491,20.045,3.6724
1.0001,1.0002,1.0051,1,0.00043366,38.699,5.0372
1,1,1.0005,1,6.7817e-05,15.354,3.1372
1,1.0001,1.0009,1,0.00014904,7.4252,2.1124
1,1,1.0001,1,1.5276e-05,9.25,2.1705
1,1,1.0014,1,0.0001233,52.302,6.3263
1.0002,1.0003,1.0077,1,0.00080785,33.215,5.1877
1,1,1,1,1.4972e-06,17.101,3.0704
1,1,1.0004,1,2.3336e-05,156.97,11.026
1.0001,1.0001,1.0012,1,0.00014997,10.869,2.1521
1,1,1.0002,1,1.5443e-05,57.748,6.3282
1.0002,1.0003,1.0061,1,0.00074597,20.23,3.9399
1,1,1.0004,1,2.0758e-05,232.5,14.399
1.0001,1.0002,1.0023,1,0.0003308,14.539,3.2484
1,1,1.001,1,7.5683e-05,54.066,6.1486
1,1,1.0005,1,6.6458e-05,17.151,3.6022
1.0001,1.0003,1.0028,1,0.00033633,15.124,2.9754
1,1,1,1,2.1445e-06,20.236,4.0329
1,1.0001,1.0012,1,0.00015023,15.652,3.0166
1,1,1.0006,1,3.7994e-05,63.736,6.1834
1.0001,1.0002,1.0035,1,0.00036254,33.698,4.9174
1.0002,1.0003,1.0076,1,0.00078556,31.953,4.9687
1.0001,1.0001,1.0051,1,0.00039799,86.586,8.2782
1,1.0001,1.0012,1,8.8741e-05,35.945,3.6751
1.0004,1.0007,1.0099,1,0.0011887,21.232,3.8021
1,1.0001,1.0007,1,0.00010212,5.9586,1.6157
1,1,1,1,7.2787e-07,243.51,13.61
1.0001,1.0002,1.0031,1,0.0002998,21.183,3.3894
1,1,1.0001,1,4.4228e-06,90.395,8.6369
1,1.0001,1.0053,1,0.00038201,104.34,9.5627
1,1.0001,1.0006,1,9.1235e-05,8.8298,2.2599
1,1.0001,1.0013,1,9.464e-05,39.341,4.1594
1,1.0001,1.0009,1,0.00014839,7.6836,2.1163
1.0001,1.0002,1.0059,1,0.00044193,75.442,7.473
1.0001,1.0002,1.0022,1,0.00029871,10.438,2.2354
1,1,1.0006,1,6.0278e-05,26.555,3.6749
1,1,1.0002,1,1.2992e-05,96.496,8.1085
1.0001,1.0002,1.0054,1,0.00048424,40.542,5.321
1,1,1,1,1.4675e-06,49.56,6.0055
1,1,1.0004,1,4.462e-05,18.498,3.2723
1,1.0001,1.0013,1,0.00017666,9.5775,2.4929
1.0003,1.0006,1.0095,1,0.0011248,23.73,4.1743
1.0001,1.0003,1.0028,1,0.00033826,12.003,2.5974
1,1,1.0004,1,2.7281e-05,82.246,7.6509
1.0001,1.0001,1.0015,1,0.00017064,15.087,2.867
1,1.0001,1.004,1,0.00025469,98.692,8.6735
1,1,1.002,1,0.00014042,114.72,9.4455
1,1.0001,1.0005,1,8.9214e-05,3.6469,1.0548
1.0002,1.0003,1.0046,1,0.00053917,18.78,3.5779
1,1.0001,1.0011,1,0.00012388,18.555,3.4291
1.0002,1.0004,1.0066,1,0.00070353,30.857,4.6835
1,1.0001,1.0016,1,0.0001519,23.145,3.8425
1.0001,1.0001,1.0012,1,0.00018251,14.852,3.1751
1,1.0001,1.0018,1,0.00013053,51.048,5.2047
1,1,1.0008,1,6.1579e-05,39.973,4.6102
1.0001,1.0002,1.0025,1,0.00021059,29.754,3.7215
1.0001,1.0003,1.0046,1,0.0005014,28.536,4.6056
1,1,1.0011,1,0.00010409,35.604,4.9601
1.0001,1.0001,1.0029,1,0.00033359,32.493,5.0658
1,1.0001,1.0008,1,0.0001079,8.1891,2.0764
1,1,1.0012,1,0.00011401,28.269,4.44
1.0001,1.0002,1.0034,1,0.00046502,9.5883,2.5047
1,1.0001,1.0035,1,0.00020761,133.23,9.5719
1.0001,1.0002,1.0056,1,0.0004807,58.822,6.7799
1.0003,1.0005,1.0133,1,0.0013003,34.556,5.2906
1,1.0001,1.0018,1,0.00019756,30.282,4.9392
1.0001,1.0002,1.0028,1,0.00028996,23.122,3.7455
1,1,1.0008,1,6.2063e-05,31.532,4.0321
1.0002,1.0003,1.0068,1,0.00068127,37.835,5.2596
1,1.0001,1.0006,1,0.00011082,5.7102,1.7869
1.0003,1.0006,1.0069,1,0.00082201,19.574,3.5602
1,1,1.0005,1,5.3318e-05,16.081,2.9308
1,1,1.0007,1,8.2199e-05,25.798,4.1011
1.0002,1.0003,1.0036,1,0.00033043,25.757,3.3821
1,1.0001,1.0012,1,0.00012221,24.625,3.9699
1.0001,1.0002,1.0028,1,0.0002848,28.274,4.1899
1.0001,1.0001,1.0009,1,0.00011294,9.0312,2.0891
1,1.0001,1.0008,1,0.00014953,7.893,2.4176
1,1.0001,1.0014,1,0.00014242,35.931,5.3358
1.0001,1.0002,1.0018,1,0.00030797,9.0964,2.3934
1,1,1.0012,1,9.5122e-05,63.952,6.7665
1.0001,1.0002,1.0018,1,0.00018402,14.486,2.6136
1.0003,1.0006,1.0102,1,0.0011457,22.512,4.1272
1.0001,1.0001,1.0018,1,0.00022386,14.726,2.9347
1,1.0001,1.0009,1,0.00011004,14.031,2.7073
1.0001,1.0001,1.0026,1,0.00030605,27.476,4.5156
1.0002,1.0003,1.0105,1,0.0010045,42.305,5.9275
1.0001,1.0002,1.0042,1,0.00037382,34.919,4.7109
1.0001,1.0001,1.0024,1,0.0002346,38.433,5.3423
1.0001,1.0001,1.004,1,0.00023978,81.363,6.8097
1,1.0001,1.0013,1,0.0001305,30.358,4.4732
1.0002,1.0003,1.003,1,0.00034495,11.721,2.1537
1,1,1.0001,1,6.4682e-06,41.811,5.2
1,1.0001,1.0008,1,0.00012998,7.3319,2.0967
1.0001,1.0002,1.003,1,0.00029049,27.066,3.8008
1.0001,1.0001,1.0024,1,0.00019646,33.289,4.208
1.0001,1.0003,1.004,1,0.00055616,19.757,3.9577
1,1.0001,1.0019,1,0.00016345,38.46,4.7876
1,1.0001,1.0015,1,0.00012913,31.32,4.0248
1.0001,1.0002,1.0062,1,0.00054461,60.979,7.1113
1,1,1.0006,1,7.7674e-05,10.689,2.4411
1.0001,1.0001,1.0034,1,0.00031954,36.891,5.3703
1,1.0001,1.0007,1,0.00011081,6.4601,1.9024
1.0002,1.0005,1.0042,1,0.00058094,11.904,2.641
1,1,1.0002,1,1.8888e-05,74.204,7.8743
1,1.0001,1.0013,1,0.00015801,17.498,3.2199
1,1,1.0003,1,2.1798e-05,31.738,4.2996
1.0001,1.0001,1.0022,1,0.00022441,22.583,3.6367
1.0001,1.0001,1.0023,1,0.00022918,23.228,3.7771
1,1,1.0001,1,3.486e-06,129.49,10.736
1,1,1,1,1.8447e-06,75.086,6.8774
1,1,1.0001,1,1.5117e-05,22.414,4.0968
1,1.0001,1.0035,1,0.00027284,80.996,8.1484
1,1,1.0007,1,3.6157e-05,155.03,10.145
1,1,1.0007,1,8.1314e-05,20.334,3.4785
1.0001,1.0001,1.0027,1,0.0002699,38.352,5.1983
1,1.0001,1.002,1,0.00015168,54.654,6.1189
1,1,1,1,1.117e-06,52.858,6.4337
1,1.0001,1.0013,1,0.00015521,27.593,4.5567
1.0001,1.0003,1.0056,1,0.00057491,31.78,4.8438
1.0001,1.0003,1.0049,1,0.0004547,30.848,4.506
1.0001,1.0002,1.0025,1,0.00026856,15.777,2.9164
1.0001,1.0002,1.0024,1,0.00032732,11.998,2.6271
1.0001,1.0002,1.0029,1,0.0003309,22.557,3.7315
1.0002,1.0003,1.0039,1,0.00045376,13.029,2.5236
1.0002,1.0005,1.0026,1,0.00053608,4.7689,1.4741
1.0002,1.0004,1.0035,1,0.00045444,11.462,2.1986
1,1,1.0003,1,2.6085e-05,37.037,5.1709
1,1,1.0006,1,7.3332e-05,17.053,3.1871
1.0001,1.0003,1.0036,1,0.00037647,24.486,4.0448
1.0001,1.0002,1.0031,1,0.00035464,28.385,4.45
1,1.0001,1.0034,1,0.00018098,139.18,9.1957
1,1.0001,1.0025,1,0.00017403,89.388,8.4877
1.0001,1.0001,1.0069,1,0.0005299,81.471,8.0909
1.0001,1.0002,1.0032,1,0.00035658,22.699,3.8086
1,1,1.0002,1,3.08e-05,11.682,2.8439
1.0001,1.0003,1.0079,1,0.00073494,44.532,5.9166
1.0001,1.0002,1.0011,1,0.00019794,4.2952,1.3557
1,1,1.0011,1,0.00010458,46.982,6.2831
1.0001,1.0002,1.0034,1,0.00033375,39.327,5.4958
1.0002,1.0004,1.0058,1,0.00070371,19.024,3.4708
1.0001,1.0001,1.0052,1,0.00033461,108.71,8.8762
1,1.0001,1.0015,1,0.00012131,36.756,4.7803
1,1,1.0003,1,3.5861e-05,7.2508,1.8277
1.0001,1.0002,1.0045,1,0.00052158,29.319,4.7411
1,1.0001,1.0012,1,0.00012293,22.017,3.3117
1,1.0001,1.0009,1,0.000101,21.276,3.7361
1.0001,1.0003,1.0047,1,0.00047269,27.102,4.2782
1.0001,1.0001,1.0039,1,0.00032146,55.373,6.1716
1,1.0001,1.0016,1,0.00017657,38.813,5.6188
1.0001,1.0002,1.0031,1,0.00042783,20.169,3.7605
1.0001,1.0001,1.0014,1,0.0001589,16.493,2.8488
1,1.0001,1.0015,1,0.00014822,34.055,5.0185
1,1.0001,1.0011,1,0.00011417,15.706,2.9073
1,1,1.0003,1,4.6223e-05,13.983,2.9924
1,1,1,1,1.2495e-06,15.098,3.2624
1,1,1.0003,1,1.2051e-05,274.02,15.817
1.0001,1.0002,1.0009,1,0.00015886,5.8696,1.5669
1,1,1.0002,1,1.3206e-05,119.87,10.11
1.0001,1.0002,1.0037,1,0.00029778,54.499,5.8448
1,1,1.0014,1,0.00011243,51.515,6.1064
1,1.0001,1.0029,1,0.00021386,83.45,7.7162
1.0002,1.0005,1.0086,1,0.00094104,25.907,4.3788
1,1,1.0021,1,0.00014755,112.89,9.7244
1.0001,1.0002,1.0038,1,0.00035152,28.996,4.4347
1.0001,1.0001,1.0014,1,0.00017818,14.018,2.8436
1,1,1.0017,1,0.00014123,62.017,7.0719
1.0001,1.0002,1.0058,1,0.00056618,37.344,5.4693
1,1,1.0009,1,7.9704e-05,40.396,5.201
1.0001,1.0003,1.002,1,0.00032991,7.1107,1.8979
1,1.0001,1.0008,1,0.00010307,8.8239,2.1024
1.0001,1.0002,1.0017,1,0.00021697,11.829,2.5774
1,1,1.0003,1,3.3342e-05,39.699,5.5505
1,1,1.0017,1,9.4432e-05,136.49,9.9471
1,1,1.0011,1,9.5487e-05,40.547,5.466
1.0002,1.0003,1.0043,1,0.0005501,18.987,3.5707
1,1,1.0001,1,7.5433e-06,9.3608,2.4337
1,1.0001,1.0031,1,0.0001836,131.5,9.6686
1.0001,1.0002,1.0032,1,0.0004396,18.043,3.5944
1.0001,1.0002,1.0046,1,0.00042966,35.149,4.7045
1,1,1.0019,1,0.000146,68.344,7.3215
1,1.0001,1.0008,1,0.00011904,8.1812,2.0373
1.0004,1.0008,1.0074,1,0.0012055,11.449,2.6474
1.0001,1.0001,1.0048,1,0.00028035,145.46,10.106
1,1,1.0008,1,4.7176e-05,123.37,9.4015
1.0002,1.0003,1.0072,1,0.00070963,29.671,4.7484
1.0001,1.0001,1.0026,1,0.00026295,33.032,5.0807
1,1,1.0003,1,4.8651e-05,9.7497,2.202
1.0003,1.0005,1.0054,1,0.00066297,15.493,2.9683
1,1,1.0009,1,8.6923e-05,25.595,3.7967
1.0002,1.0004,1.0071,1,0.00092705,18.578,3.7965
1.0001,1.0001,1.0009,1,0.00014462,5.2918,1.4879
1.0001,1.0002,1.0059,1,0.00056704,40.948,5.451
1,1,1.0014,1,8.5007e-05,61.736,5.3882
1,1,1.0007,1,5.5524e-05,35.413,4.4872
1.0008,1.0015,1.0224,1,0.0030626,19.23,3.9065
1.0002,1.0005,1.0043,1,0.00063759,12.441,2.9214
1,1,1.0014,1,0.00011232,73.728,7.74
1.0003,1.0005,1.0047,1,0.00059877,8.1052,1.935
1,1.0001,1.0018,1,0.00015791,34.593,4.5176
1,1,1.0001,1,1.0121e-05,16.392,3.5296
1,1,1.0004,1,6.3968e-05,10.504,2.4852
1,1,1.0005,1,5.7155e-05,12.219,2.6305
1.0001,1.0001,1.0026,1,0.00027796,34.317,5.0599
1.0001,1.0002,1.0013,1,0.00020302,6.3457,1.7213
1.0003,1.0005,1.005,1,0.00057667,11.483,2.3681
1,1,1.0008,1,5.5307e-05,65.297,6.8826
1,1,1.0021,1,0.00015045,85.727,8.411
1,1,1.0004,1,3.3017e-05,44.798,5.346
1,1,1.0004,1,5.7463e-05,7.0256,1.9076
1,1.0001,1.0011,1,0.00012914,20.46,3.5565
1.0001,1.0002,1.0029,1,0.00032323,25.022,4.084
1,1,1,1,2.7109e-06,252.47,15.367
1,1,1.0012,1,0.00010589,46.191,5.9979
1,1.0001,1.0007,1,8.4294e-05,9.5921,2.2576
1,1,1.0001,1,4.4916e-06,568.23,23.035
1.0002,1.0004,1.01,1,0.00081945,45.267,5.5028
1.0001,1.0003,1.0024,1,0.00035384,10.368,2.4327
1.0001,1.0002,1.0019,1,0.00024252,12.184,2.6369
1,1,1.001,1,7.8571e-05,88.156,8.3688
1.0001,1.0001,1.0013,1,0.00017423,13.998,2.9143
1.0001,1.0001,1.001,1,0.00014769,6.6634,1.8463
1,1.0001,1.0041,1,0.00029854,83.177,8.1297
1,1,1.0001,1,1.7286e-05,8.0426,2.128
1,1,1.0001,1,1.5027e-05,12.691,2.4158
1.0001,1.0002,1.0029,1,0.0002655,36.668,4.6548
1,1,1.0002,1,1.8136e-05,37.598,5.2668
1.0001,1.0001,1.0031,1,0.00023129,59.388,6.2518
1.0001,1.0003,1.0067,1,0.00064495,36.957,5.225
1,1,1.0004,1,3.2094e-05,46.067,6.1268
1,1.0001,1.0007,1,0.0001246,6.5541,2.0896
1.0001,1.0001,1.0021,1,0.0001835,23.244,3.2299
1,1,1.0028,1,0.00014581,242.25,14.752
1,1,1,1,4.1889e-06,23.444,4.4129
1,1,1.0007,1,3.9769e-05,161.69,11.633
1.0002,1.0004,1.0056,1,0.00065612,20.883,3.6071
1.0004,1.0007,1.0086,1,0.0011392,19.635,3.7788
1.0001,1.0001,1.0022,1,0.00024327,26.411,4.4393
1,1,1.0005,1,6.6147e-05,12.339,2.5797
1.0001,1.0002,1.003,1,0.00025759,23.495,3.5445
1,1.0001,1.003,1,0.00019358,89.61,7.8896
1.0001,1.0001,1.0016,1,0.00013731,18.605,2.6222
1,1,1.0007,1,5.4534e-05,52.263,5.405
1,1,1.0001,1,1.7605e-05,8.2263,2.1242
1.0003,1.0005,1.0038,1,0.00049294,10.671,2.1491
1,1,1.0048,1,0.00023953,226.29,13.149
1.0001,1.0001,1.0018,1,0.00020544,24.96,4.2551
1.0002,1.0004,1.0063,1,0.00058558,26.27,3.8835
1.0001,1.0001,1.0013,1,0.00017359,15.07,3.1416
1.0001,1.0002,1.0034,1,0.00037053,20.59,3.6507
1.0001,1.0002,1.0029,1,0.00026038,28.559,3.8349
1.0001,1.0001,1.0026,1,0.00025607,42.083,5.5605
1,1,1.0003,1,5.2148e-05,8.286,2.2906
1,1,1.0007,1,5.9741e-05,40.553,5.0814
1.0001,1.0001,1.0021,1,0.00020338,25.861,3.9787
1,1.0001,1.0005,1,9.9086e-05,3.8963,1.2019
1,1.0001,1.0013,1,0.00010759,43.118,4.6914
1.0001,1.0003,1.0024,1,0.00031885,9.1219,2.0686
1,1.0001,1.0014,1,0.00016614,23.423,3.9865
1,1,1.0006,1,6.4792e-05,15.134,2.8296
1.0001,1.0001,1.001,1,0.00017566,5.474,1.607
