0.16,0.56,0.96,1,1,1,0.16144,0.53596,0.96098,1,1,1
0,0.088889,0.2,0.88889,1,1,0,0.060635,0.12191,0.93199,1,1
0,0,0,0.038462,0.84615,0.96154,0,0,0,0.012072,0.88799,0.98122
0,0,0.081081,0.81081,1,1,0,0,0.081909,0.84402,1,1
0.066667,0.066667,0.066667,0.13333,0.66667,0.8,0.032787,0.032787,0.032787,0.14754,0.66667,0.81421
0,0.1,0.4,1,1,1,0,0.16051,0.43822,1,1,1
0.33333,0.33333,1,1,1,0.66667,0.2314,0.2314,1,1,1,0.7686
0.046512,0.069767,0.44186,0.95349,1,1,0.043127,0.057682,0.45067,0.94447,1,1
0.125,0.20833,0.54167,1,0.91667,0.91667,0.12124,0.16577,0.61113,1,0.92206,0.92206
0,0,0,0,0,0,0,0,0,0,0,0
0,0,0,0,0,0,0,0,0,0,0,0
0,0,0.2381,1,1,1,0,0,0.51549,1,1,1
0,0.068966,0.24138,0.86207,1,1,0,0.16391,0.35168,0.89602,1,1
0.16,0.18,0.36,0.96,1,0.98,0.20576,0.22349,0.35866,0.93954,1,0.97563
0,0,0,0.33333,0.77778,1,0,0,0,0.38889,0.76222,1
0,0.027778,0.5,1,1,1,0,0.040969,0.60132,1,1,1
0,0.13043,0.54348,1,1,1,0,0.18983,0.54501,1,1,1
0.047619,0.071429,0.21429,1,0.97619,0.97619,0.074798,0.089566,0.21343,1,0.93997,0.93997
0,0,0,0.54286,0.91429,1,0,0,0,0.55012,0.88679,1
0.2,0.2,0.26667,0.66667,0.93333,0.93333,0.19087,0.19087,0.38589,0.77075,0.97303,0.97303
0,0,0,0.68421,0.92105,1,0,0,0,0.64173,0.9019,1
0,0.043478,0.043478,0.34783,0.56522,0.91304,0,0.053004,0.053004,0.37456,0.54682,0.89399
0.18182,0.27273,0.54545,0.90909,0.81818,0.81818,0.14795,0.22371,0.47504,0.94118,0.85205,0.85205
0,0.074074,0.81481,1,1,1,0,0.077184,0.87447,1,1,1
0,0.12766,0.74468,1,1,1,0,0.069385,0.74873,1,1,1
0,0,0.023256,1,1,1,0,0,0.01098,1,1,1
0,0.22222,0.40741,0.77778,0.81481,0.96296,0,0.28227,0.47251,0.77949,0.84188,0.94997
0,0,0,1,1,1,0,0,0,1,1,1
0,0,0,0,0,0,0,0,0,0,0,0
0,0.035714,0.32143,0.89286,1,1,0,0.12114,0.36229,0.82705,1,1
0,0,0,0,0,0,0,0,0,0,0,0
0,0,0.17857,0.46429,0.85714,1,0,0,0.21352,0.50971,0.88354,1
0.26316,0.31579,0.31579,0.78947,0.89474,0.89474,0.25971,0.32282,0.32282,0.85437,0.91505,0.91505
0,0,0.16667,1,1,1,0,0,0.1037,1,1,1
0.054054,0.054054,0.13514,0.54054,0.83784,0.89189,0.027886,0.027886,0.09002,0.52935,0.90117,0.94325
0.23077,0.25641,0.5641,0.89744,0.79487,0.79487,0.163,0.204,0.5195,0.9045,0.8495,0.8495
0,0.125,0.25,0.95833,1,1,0,0.094232,0.2039,0.97888,1,1
0,0,0.7037,1,1,1,0,0,0.70702,1,1,1
0,0,0.25,0.3125,0.58333,0.66667,0,0,0.19449,0.28039,0.64546,0.70624
1,1,1,0.33333,0.33333,0.33333,1,1,1,0.44706,0.44706,0.44706
0,0,0,0,0,0,0,0,0,0,0,0
1,1,1,1,0.33333,0,1,1,1,1,0.20958,0
1,1,1,0,0,0,1,1,1,0,0,0
0.032258,0.032258,0.32258,0.93548,0.96774,0.96774,0.011414,0.011414,0.24978,0.92142,0.98859,0.98859
0.48276,0.48276,0.58621,0.89655,0.72414,0.68966,0.60323,0.60323,0.64077,0.93118,0.49426,0.48071
0,0,0.04,0.52,0.96,1,0,0,0.017324,0.63202,0.98984,1
0.33333,1,1,1,1,1,0.27027,1,1,1,1,1
0,0,0.42857,1,1,1,0,0,0.46247,1,1,1
0.045455,0.36364,0.88636,1,1,1,0.024409,0.26928,0.88842,1,1,1
0.66667,1,1,0.66667,0.66667,0.66667,0.78832,1,1,0.45985,0.45985,0.45985
0,0,0,0.4,0.68,0.8,0,0,0,0.49638,0.70788,0.81114
1,1,1,1,1,1,1,1,1,1,1,1
0.25,0.33333,0.41667,0.97222,1,0.94444,0.20238,0.30357,0.37235,0.97553,1,0.9537
0.21875,0.5,0.90625,0.96875,1,1,0.20922,0.57839,0.95604,0.98146,1,1
0,0.0625,0.5,0.9375,1,1,0,0.048208,0.43758,0.9487,1,1
0.057143,0.057143,0.2,0.57143,0.82857,0.88571,0.03961,0.03961,0.17049,0.53215,0.89208,0.9248
0,0,0.045455,0.59091,1,1,0,0,0.024768,0.5645,1,1
0.66667,0.72917,0.95833,0.9375,0.79167,0.79167,0.65553,0.69809,0.92681,0.9638,0.83811,0.83811
0.051282,0.15385,0.82051,1,0.97436,0.97436,0.077003,0.14984,0.69459,1,0.93809,0.93809
0,0,0.51351,1,1,1,0,0,0.65405,1,1,1
0,0,0.33333,0.66667,1,1,0,0,0.3374,0.80081,1,1
0.28571,0.42857,0.42857,0.85714,1,1,0.27642,0.39837,0.39837,0.79268,1,1
0.1,0.65,0.85,0.9,0.9,0.95,0.062338,0.66753,0.77576,0.90736,0.94545,0.9697
0.48936,0.61702,0.61702,0.76596,0.91489,0.89362,0.50603,0.6455,0.6455,0.78979,0.9172,0.89952
0.033333,0.066667,0.16667,0.76667,0.96667,0.96667,0.017611,0.098009,0.16845,0.82006,0.98239,0.98239
0,0.30556,0.47222,0.83333,0.91667,0.94444,0,0.31897,0.54399,0.85518,0.91023,0.94853
0,0,0,0.5,0.84375,0.90625,0,0,0,0.52524,0.88296,0.93636
0,0,0,0.15,0.65,0.95,0,0,0,0.1062,0.69821,0.94953
0,0.057143,0.17143,0.77143,1,1,0,0.026461,0.11466,0.85943,1,1
0,0,0.13514,0.83784,1,1,0,0,0.080255,0.86146,1,1
0,0.2549,0.56863,1,1,1,0,0.32225,0.66628,1,1,1
0.2,0.45,0.45,0.6,0.95,1,0.18577,0.47134,0.47134,0.54743,0.97431,1
0,0.054545,0.18182,0.41818,0.52727,0.83636,0,0.032118,0.22916,0.44857,0.56442,0.86034
0,0,0.066667,0.33333,0.6,0.93333,0,0,0.13494,0.46386,0.71627,0.9512
0.27778,0.5,0.83333,1,0.88889,0.88889,0.20982,0.4773,0.79632,1,0.90798,0.90798
1,1,1,1,1,1,1,1,1,1,1,1
0.75,0.75,0.5,0.5,0.75,0.75,0.8972,0.8972,0.76636,0.76636,0.86916,0.86916
0,0,0.1,0.9,1,1,0,0,0.10723,0.85723,1,1
0.15152,0.18182,0.18182,0.42424,0.54545,0.72727,0.12548,0.2194,0.19861,0.43264,0.54657,0.76828
0.076923,0.076923,0.42308,0.88462,1,1,0.094368,0.094368,0.49163,0.92009,1,1
0.032258,0.096774,0.35484,1,1,1,0.011159,0.05794,0.35279,1,1,1
0,0,0,0.27027,0.81081,1,0,0,0,0.36838,0.88523,1
0,0.33333,1,1,1,1,0,0.18644,1,1,1,1
0,0,0,1,1,1,0,0,0,1,1,1
0.055556,0.16667,0.38889,0.38889,0.55556,0.66667,0.03467,0.14752,0.66825,0.66825,0.75663,0.81713
0,0.027778,0.25,0.91667,1,1,0,0.0097604,0.33363,0.94587,1,1
0.052632,0.078947,0.13158,0.92105,1,1,0.023949,0.030958,0.04965,0.95794,1,1
0,0.060606,0.12121,0.93939,1,1,0,0.036561,0.1002,0.95125,1,1
0.032258,0.16129,0.6129,0.93548,0.96774,0.96774,0.043093,0.14699,0.51122,0.94569,0.95691,0.95691
0,0,0.027778,0.41667,0.91667,1,0,0,0.01717,0.33351,0.94017,1
0,0.030303,0.54545,1,1,1,0,0.019589,0.53177,1,1,1
0,0,0.30769,0.87179,1,1,0,0,0.27103,0.82071,1,1
0.037037,0.037037,0.037037,0.59259,0.92593,1,0.016757,0.016757,0.016757,0.70324,0.94757,1
0,0.038462,0.23077,0.92308,1,1,0,0.018443,0.17145,0.94194,1,1
0.086957,0.13043,0.43478,0.95652,1,1,0.097092,0.12946,0.42917,0.96341,1,1
0.37838,0.43243,0.43243,0.86486,0.94595,0.94595,0.42316,0.47439,0.47439,0.90662,0.93757,0.93757
0.10714,0.14286,0.78571,1,1,0.96429,0.15147,0.18238,0.76198,1,1,0.92272
0,0,0.05,0.8,1,1,0,0,0.044794,0.78571,1,1
0,0,0,0.13889,0.86111,1,0,0,0,0.22196,0.9213,1
0.086957,0.13043,0.26087,0.52174,0.95652,0.95652,0.075994,0.09375,0.16974,0.44531,0.97727,0.97727
0.5,0.5,0.75,1,0.75,0.75,0.52577,0.52577,0.76289,1,0.73196,0.73196
0,0,0.32653,0.97959,1,1,0,0,0.25419,0.98786,1,1
0,0.1,0.5,1,1,1,0,0.022989,0.29266,1,1,1
0.10345,0.48276,0.68966,0.93103,1,1,0.18004,0.51337,0.70841,0.93673,1,1
0.25,0.375,0.75,0.975,0.975,0.975,0.27793,0.37586,0.77034,0.98276,0.98414,0.98414
0,0.2766,0.57447,1,1,1,0,0.40803,0.67625,1,1,1
0,0.16129,0.58065,0.87097,1,1,0,0.2413,0.66346,0.90064,1,1
0,0.088235,0.58824,0.88235,1,1,0,0.080741,0.54407,0.86556,1,1
0,0,0.25,0.91667,1,1,0,0,0.27766,0.94363,1,1
0,0,0.078947,0.68421,0.97368,1,0,0,0.08247,0.71339,0.99001,1
0.041667,0.125,0.25,0.66667,0.95833,0.95833,0.021178,0.072799,0.47121,0.8094,0.97882,0.97882
0.34694,0.69388,0.93878,0.93878,0.93878,0.93878,0.39335,0.69013,0.94482,0.90272,0.90272,0.90272
0.625,0.625,0.875,1,1,0.75,0.63014,0.63014,0.85616,1,1,0.78425
0.80952,0.80952,0.80952,0.2381,0.28571,0.33333,0.90389,0.90389,0.90389,0.32974,0.35046,0.38111
0,0,0,1,1,1,0,0,0,1,1,1
0.020833,0.27083,0.72917,0.97917,0.97917,1,0.014259,0.27805,0.77786,0.97749,0.97749,1
0,0.03125,0.5,1,1,1,0,0.063735,0.57043,1,1,1
0.5,0.625,0.9,1,1,0.975,0.43309,0.5284,0.90173,1,1,0.98617
0,0.13793,0.13793,0.7931,1,1,0,0.15736,0.15736,0.82596,1,1
0,0.05,0.175,0.7,0.975,1,0,0.072685,0.11665,0.75909,0.98124,1
0,0,0,0.41667,0.83333,1,0,0,0,0.34093,0.86873,1
0,0,0.15789,0.97368,1,1,0,0,0.202,0.98397,1,1
0,0,0.051724,0.96552,0.98276,1,0,0,0.044822,0.96027,0.97691,1
0,0,0.35556,0.75556,0.97778,1,0,0,0.31713,0.68733,0.97993,1
1,1,1,1,1,1,1,1,1,1,1,1
0.085714,0.25714,0.4,0.97143,1,1,0.1132,0.28784,0.42367,0.98512,1,1
0.14286,0.32143,0.5,0.85714,0.92857,0.92857,0.22742,0.35341,0.58637,0.86133,0.89382,0.89382
0,0.02381,0.28571,0.97619,1,1,0,0.022703,0.43928,0.98099,1,1
0.66667,0.66667,0.66667,0.33333,0.33333,0.5,0.75877,0.75877,0.75877,0.4386,0.43421,0.57018
0,0,0.45946,0.89189,1,1,0,0,0.53789,0.89345,1,1
0,0,0.2766,0.74468,0.97872,0.97872,0,0,0.30012,0.76044,0.98325,0.98325
1,1,1,0,0,0,1,1,1,0,0,0
0.83333,0.83333,1,1,0.66667,0.33333,0.8595,0.8595,1,1,0.6405,0.31405
0.09375,0.40625,0.625,1,1,1,0.059649,0.41855,0.65013,1,1,1
0,0,0,0,0.11538,0.84615,0,0,0,0,0.10584,0.83531
0,0,0,0,0,0,0,0,0,0,0,0
0.13043,0.30435,0.43478,0.69565,0.78261,0.91304,0.1414,0.27256,0.41674,0.66977,0.77302,0.95256
0,0,0,0.11765,0.52941,0.64706,0,0,0,0.18668,0.49906,0.67355
0.43478,0.54348,0.71739,0.84783,0.65217,0.63043,0.35531,0.43924,0.58202,0.84414,0.71226,0.69973
0,0,0,0.3,1,1,0,0,0,0.29027,1,1
1,1,0.33333,0,0,0,1,1,0.36709,0,0,0
0,0,0.58333,1,1,1,0,0,0.82742,1,1,1
0.038462,0.11538,0.38462,1,1,1,0.015287,0.11465,0.26242,1,1,1
0.175,0.175,0.5,0.975,0.85,0.825,0.18494,0.18494,0.51811,0.98618,0.82602,0.81506
0.22222,0.61111,0.83333,0.94444,0.94444,0.94444,0.2124,0.52639,0.75858,0.93272,0.93272,0.93272
0.043478,0.086957,0.65217,0.97826,1,1,0.044161,0.07998,0.57458,0.94848,1,1
0,0,0.018868,0.11321,0.43396,0.77358,0,0,0.010083,0.066199,0.42131,0.74923
0,0,0,0,0,0,0,0,0,0,0,0
0,0.125,0.125,0.75,1,1,0,0.056204,0.056204,0.80488,1,1
0,0.33333,0.69231,0.94872,1,1,0,0.34492,0.71383,0.96283,1,1
0,0,0,0.875,1,1,0,0,0,0.88378,1,1
0.2069,0.2069,0.55172,0.89655,0.86207,0.86207,0.2492,0.2492,0.6362,0.91132,0.82947,0.82947
0,0,0,0.70588,1,1,0,0,0,0.68003,1,1
0.11765,0.11765,0.11765,0.14706,0.14706,0.35294,0.12761,0.12761,0.12761,0.17943,0.17943,0.35035
0.23333,0.26667,0.46667,0.66667,0.66667,0.96667,0.24336,0.28042,0.43357,0.61119,0.65035,0.96084
0.44444,0.44444,0.88889,0.88889,0.88889,0.66667,0.26443,0.26443,0.97933,0.97933,0.97933,0.76572
0,0.087719,0.10526,0.96491,0.98246,1,0,0.063963,0.077223,0.9415,0.97816,1
0,0.047619,0.095238,0.19048,0.42857,0.80952,0,0.0347,0.069401,0.14196,0.34069,0.79338
0,0.029412,0.23529,1,1,1,0,0.019854,0.2325,1,1,1
0.021277,0.021277,0.44681,1,1,1,0.031838,0.031838,0.42113,1,1,1
0.037037,0.14815,0.40741,0.92593,0.96296,0.96296,0.035456,0.13329,0.52594,0.93368,0.96454,0.96454
0,0,0,1,1,1,0,0,0,1,1,1
0.25,0.5,0.75,1,0.875,0.875,0.22034,0.42131,0.76513,1,0.87893,0.87893
0,0,0,0.625,1,1,0,0,0,0.71775,1,1
0.022727,0.068182,0.47727,0.97727,1,1,0.02005,0.18755,0.57059,0.98454,1,1
0.03125,0.21875,0.4375,0.96875,1,1,0.038519,0.24762,0.44172,0.97149,1,1
0,0.064516,0.64516,1,1,1,0,0.047421,0.69932,1,1,1
0,0,0.56757,0.94595,1,1,0,0,0.54601,0.92209,1,1
0,0,0.2,0.96667,1,1,0,0,0.30989,0.97711,1,1
0.066667,0.13333,0.28889,0.35556,0.86667,0.97778,0.061511,0.13005,0.28705,0.34036,0.86526,0.97891
0,0,0.030303,0.48485,0.90909,1,0,0,0.030438,0.54217,0.93722,1
0,0.24242,0.60606,1,1,1,0,0.19786,0.65389,1,1,1
0.027778,0.083333,0.11111,0.58333,1,0.97222,0.015474,0.085751,0.099936,0.54352,1,0.98453
0,0,0,0.76471,1,1,0,0,0,0.79959,1,1
0.033333,0.033333,0.26667,0.93333,1,1,0.028749,0.028749,0.21989,0.96037,1,1
0.041667,0.125,0.375,0.95833,1,1,0.038211,0.078285,0.40447,0.96365,1,1
0.11111,0.16667,0.38889,0.88889,0.94444,0.94444,0.076816,0.1257,0.36592,0.88268,0.96369,0.96369
1,1,1,0,0,0,1,1,1,0,0,0
0,0,0.17857,0.89286,0.92857,0.96429,0,0,0.26475,0.92183,0.96165,0.98156
0,0,0,0.8125,1,1,0,0,0,0.76471,1,1
0,0,0.03125,0.65625,0.9375,0.96875,0,0,0.038176,0.6649,0.94857,0.97031
0.038462,0.23077,0.80769,0.88462,1,1,0.035633,0.24564,0.73161,0.80136,1,1
0,0.30189,0.62264,0.83019,1,1,0,0.34335,0.63909,0.84057,1,1
1,1,1,1,0,0,1,1,1,1,0,0
0,0,0.28205,0.82051,1,1,0,0,0.20913,0.71665,1,1
0,0.15556,0.75556,1,1,1,0,0.16477,0.76359,1,1,1
0.33333,0.41667,0.66667,0.75,0.75,0.75,0.4551,0.53881,0.72755,0.60274,0.60274,0.60274
0,0.097561,0.46341,1,1,1,0,0.10687,0.4312,1,1,1
0,0,0.20833,0.91667,1,1,0,0,0.20555,0.91881,1,1
0,0.028571,0.028571,0.8,1,1,0,0.026251,0.026251,0.75226,1,1
0,0,0.13636,0.95455,1,1,0,0,0.11584,0.974,1,1
0.11111,0.11111,0.66667,1,1,0.91667,0.10991,0.10991,0.65554,1,1,0.90432
0,0.029412,0.55882,1,1,1,0,0.017223,0.46816,1,1,1
0,0,0.11364,0.70455,0.95455,1,0,0,0.19042,0.7504,0.94726,1
0,0,0,0.72222,1,1,0,0,0,0.7393,1,1
0,0,0.030303,0.90909,1,1,0,0,0.032344,0.94327,1,1
0,0,0,0,0,0,0,0,0,0,0,0
0.043478,0.13043,0.67391,1,1,1,0.023485,0.090183,0.73086,1,1,1
0.66667,0.83333,1,0.83333,0.83333,0.66667,0.76289,0.86598,1,0.91409,0.91409,0.83849
0,0,0.32143,0.94643,1,1,0,0,0.30741,0.95604,1,1
0.27273,0.27273,0.77273,0.86364,0.77273,0.77273,0.15032,0.15032,0.60127,0.9379,0.87015,0.87015
0.032258,0.12903,0.41935,0.77419,0.96774,1,0.039326,0.11798,0.38604,0.84671,0.97592,1
0,0.054054,0.18919,0.56757,0.72973,0.89189,0,0.10885,0.30731,0.62507,0.7713,0.92029
0.17241,0.37931,0.82759,1,0.93103,0.89655,0.13373,0.31798,0.77192,1,0.94502,0.92719
0,0,0,0.027027,0.27027,0.62162,0,0,0,0.020956,0.22213,0.68567
0,0,0.023256,0.5814,0.93023,0.95349,0,0,0.018972,0.59241,0.92044,0.95716
0.058824,0.058824,0.058824,0.23529,0.64706,0.82353,0.037351,0.037351,0.037351,0.19694,0.65535,0.77759
0.033333,0.066667,0.2,0.7,0.96667,1,0.025879,0.04645,0.16324,0.7505,0.98142,1
0,0.02439,0.097561,0.87805,1,1,0,0.022316,0.097684,0.85516,1,1
0.032258,0.032258,0.032258,0.25806,0.83871,0.93548,0.29664,0.29664,0.29664,0.45362,0.59174,0.66208
0,0,0.095238,0.95238,0.95238,0.95238,0,0,0.093474,0.97002,0.97002,0.97002
0,0,0,0,0,0,0,0,0,0,0,0
0.20513,0.28205,0.58974,0.89744,0.87179,0.87179,0.19688,0.25327,0.50806,0.86808,0.85498,0.85498
0.038462,0.038462,0.19231,0.73077,0.96154,1,0.03876,0.03876,0.23953,0.77442,0.96899,1
0.66667,0.75,0.75,0.66667,0.66667,0.75,0.69649,0.75088,0.75088,0.44386,0.50351,0.59298
0,0.093023,0.48837,0.93023,1,1,0,0.06079,0.53647,0.93566,1,1
0,0,0.5625,1,1,1,0,0,0.5796,1,1,1
0,0.046512,0.18605,1,1,1,0,0.13325,0.33375,1,1,1
0,0,0.22449,0.95918,1,1,0,0,0.20966,0.97012,1,1
0,0.13793,0.24138,0.51724,0.93103,0.93103,0,0.15638,0.24379,0.47073,0.94066,0.94066
0.23077,0.23077,0.61538,0.92308,0.92308,0.92308,0.26705,0.26705,0.67803,0.95455,0.95455,0.95455
0.073171,0.17073,0.21951,0.36585,1,1,0.086372,0.20573,0.26606,0.40104,1,1
0,0.036364,0.32727,0.85455,0.98182,1,0,0.037332,0.32476,0.88075,0.97209,1
0,0,0.14286,0.91429,1,1,0,0,0.18949,0.9509,1,1
0.027027,0.054054,0.27027,0.54054,0.64865,0.91892,0.019964,0.033273,0.23956,0.57653,0.68482,0.91349
0.058824,0.17647,0.35294,0.70588,0.91176,1,0.040186,0.15102,0.32995,0.73816,0.91371,1
0,0,0.23529,0.94118,1,1,0,0,0.11853,0.96228,1,1
0,0,0.20513,0.5641,0.97436,1,0,0,0.15247,0.48206,0.98879,1
0,0.10204,0.4898,0.95918,1,1,0,0.096569,0.5036,0.96527,1,1
0.041667,0.125,0.16667,0.33333,0.33333,0.5,0.034913,0.10599,0.1808,0.30798,0.30798,0.4813
0,0.095238,0.66667,1,1,1,0,0.20562,0.57982,1,1,1
0.19565,0.23913,0.43478,1,0.86957,0.86957,0.1791,0.24355,0.53039,1,0.86786,0.86786
0,0.071429,0.71429,1,1,1,0,0.025847,0.60294,1,1,1
0.33333,0.33333,0.33333,0.5,0.83333,0.83333,0.42169,0.42169,0.42169,0.43775,0.77912,0.77912
0,0.10811,0.56757,1,1,1,0,0.070593,0.54699,1,1,1
0,0.37931,0.55172,0.96552,1,1,0,0.51538,0.61077,0.95436,1,1
0,0.032258,0.41935,1,1,1,0,0.013184,0.50977,1,1,1
0,0,0.10526,0.81579,1,1,0,0,0.13134,0.83794,1,1
0,0,0.51724,1,1,1,0,0,0.48046,1,1,1
0.034483,0.48276,0.75862,1,1,1,0.017558,0.57143,0.80287,1,1,1
0,0.076923,1,1,1,1,0,0.052261,1,1,1,1
0,0.022727,0.022727,0.090909,0.93182,1,0,0.016362,0.016362,0.075519,0.9056,1
0,0.019231,0.17308,0.88462,1,1,0,0.015485,0.14792,0.9022,1,1
0,0.090909,0.29545,0.81818,0.97727,1,0,0.083994,0.31379,0.86656,0.98193,1
0,0.052632,0.15789,0.78947,1,1,0,0.035846,0.15165,0.82812,1,1
0,0,0,0,0,0,0,0,0,0,0,0
0.33333,0.66667,0.66667,1,1,1,0.14346,0.68579,0.68579,1,1,1
0.75,0.75,0.75,0.75,0.75,0.75,0.73759,0.73759,0.73759,0.6383,0.6383,0.6383
0.125,0.25,0.83333,1,1,1,0.2345,0.39629,0.90592,1,1,1
0.04,0.12,0.48,0.88,0.96,0.96,0.020036,0.10109,0.43989,0.91803,0.97996,0.97996
0.021277,0.19149,0.38298,0.97872,1,1,0.013476,0.15985,0.33039,0.99024,1,1
0,0,0.037037,0.44444,1,1,0,0,0.051028,0.50886,1,1
0,0.25,0.25,0.5,0.75,1,0,0.1457,0.1457,0.37086,0.5894,1
1,1,1,1,0.66667,0.66667,1,1,1,1,0.69231,0.69231
0.032258,0.032258,0.35484,0.67742,0.96774,1,0.014528,0.014528,0.42494,0.75061,0.95763,1
0,0,0,0.041667,0.35417,0.85417,0,0,0,0.02971,0.29928,0.90072
0.057143,0.057143,0.057143,0.6,0.94286,0.94286,0.047497,0.047497,0.047497,0.64249,0.9525,0.9525
0,0,0.75,1,1,1,0,0,0.85784,1,1,1
0,0,0,0,0,0,0,0,0,0,0,0
0,0,0,0.24242,0.81818,1,0,0,0,0.2762,0.84411,1
0,0,0.4,1,1,1,0,0,0.22032,1,1,1
0,0.025641,0.025641,0.41026,0.92308,0.97436,0,0.012195,0.012195,0.43743,0.94592,0.98462
0,0,0,0.74286,0.97143,1,0,0,0,0.73608,0.96792,1
0.21053,0.26316,0.47368,1,1,1,0.19614,0.23626,0.42422,1,1,1
0.91304,1,1,1,0.78261,0.43478,0.93943,1,1,1,0.79852,0.40297
0,0,0,0.875,1,1,0,0,0,0.86364,1,1
0.04878,0.04878,0.17073,1,1,1,0.050546,0.050546,0.15968,1,1,1
0.33333,0.33333,0.66667,1,1,1,0.51786,0.51786,0.80357,1,1,1
0.11111,0.41667,0.61111,0.88889,0.97222,0.97222,0.08865,0.43049,0.65077,0.92814,0.98388,0.98388
0,0,0,0,0,0,0,0,0,0,0,0
0,0.033333,0.3,0.93333,0.96667,1,0,0.024967,0.28844,0.96124,0.98095,1
0,0,0,0.71154,0.82692,1,0,0,0,0.72477,0.80724,1
0.021277,0.06383,0.21277,0.87234,0.97872,0.97872,0.024582,0.0659,0.20502,0.90952,0.97542,0.97542
0,0,0.34426,0.62295,0.70492,0.88525,0,0,0.35993,0.66966,0.72434,0.89775
0.25,0.30556,0.38889,0.88889,0.91667,0.86111,0.16601,0.1891,0.24165,0.89047,0.94401,0.88851
0.3,0.36667,0.43333,0.96667,0.73333,0.73333,0.34216,0.39652,0.42927,0.86481,0.67735,0.67735
0,0,0,0,0,0,0,0,0,0,0,0
0.025641,0.48718,0.84615,1,1,1,0.019985,0.47113,0.89933,1,1,1
0,0,0.054054,0.48649,0.75676,0.78378,0,0,0.085734,0.50316,0.76599,0.80042
0.029412,0.058824,0.11765,0.35294,0.73529,0.88235,0.015974,0.042599,0.12034,0.44196,0.80777,0.93344
0,0,0,0.83784,0.91892,1,0,0,0,0.84456,0.94399,1
0.25,0.66667,1,1,0.91667,0.91667,0.18197,0.7551,1,1,0.94218,0.94218
0.89474,0.89474,0.94737,0.73684,0.10526,0.10526,0.93383,0.93383,0.97118,0.746,0.066169,0.066169
0.022222,0.066667,0.22222,0.91111,1,1,0.0144,0.076,0.1812,0.906,1,1
0.75,0.75,1,1,1,1,0.69841,0.69841,1,1,1,1
0.30769,0.61538,0.79487,0.97436,0.94872,0.92308,0.3,0.61006,0.78994,0.97925,0.96226,0.92704
0.69231,0.89744,0.94872,0.84615,0.46154,0.46154,0.68418,0.92798,0.96281,0.88017,0.47285,0.47285
0,0,0,0,0,0,0,0,0,0,0,0
0,0,0.071429,1,1,1,0,0,0.035484,1,1,1
0.089286,0.17857,0.23214,0.78571,0.94643,0.94643,0.073934,0.16066,0.21327,0.78815,0.95355,0.95355
0,0,0.125,0.84375,1,1,0,0,0.089454,0.79708,1,1
0.25,0.25,1,1,1,0.75,0.15578,0.15578,1,1,1,0.84422
0,0,0.071429,0.92857,1,1,0,0,0.028278,0.97172,1,1
0.10638,0.12766,0.42553,0.95745,1,0.97872,0.12402,0.14567,0.41535,0.94242,1,0.98671
0,0.1,0.15,0.65,0.95,1,0,0.10432,0.13252,0.73778,0.96241,1
0.018519,0.018519,0.037037,0.77778,1,1,0.017413,0.017413,0.028607,0.75705,1,1
0.020833,0.16667,0.375,0.97917,1,1,0.011551,0.14109,0.37294,0.99134,1,1
0,0,0.039216,0.58824,0.94118,1,0,0,0.055311,0.56794,0.95671,1
0,0.15152,0.39394,1,1,1,0,0.13412,0.48784,1,1,1
0,0,0.09375,0.625,1,1,0,0,0.18308,0.62938,1,1
0,0.073171,0.17073,0.70732,0.97561,1,0,0.069206,0.15467,0.69066,0.98839,1
0.042553,0.06383,0.085106,0.55319,0.95745,1,0.020369,0.073068,0.08891,0.48788,0.90915,1
0,0.071429,0.25,0.92857,1,1,0,0.047692,0.22923,0.93846,1,1
0,0.076923,0.69231,1,1,1,0,0.04758,0.71862,1,1,1
0,0.04,0.08,0.6,1,1,0,0.076634,0.10744,0.65815,1,1
0.057143,0.11429,0.17143,0.34286,0.8,0.88571,0.056872,0.096818,0.13676,0.2979,0.75152,0.85985
0,0,0.058824,0.088235,0.5,0.94118,0,0,0.034266,0.049115,0.52884,0.93718
0,0,0,0.10811,0.72973,1,0,0,0,0.099764,0.69869,1
0.051282,0.46154,0.74359,1,1,1,0.059306,0.43155,0.7224,1,1,1
0,0.021739,0.23913,0.78261,0.97826,1,0,0.023538,0.38535,0.85194,0.98481,1
0.66667,0.66667,1,1,0.33333,0.33333,0.73171,0.73171,1,1,0.26829,0.26829
0.15,0.325,0.6,1,1,1,0.11998,0.28163,0.63604,1,1,1
0,0.017544,0.052632,0.33333,0.89474,1,0,0.010668,0.055709,0.40458,0.90241,1
0.44444,0.44444,0.5,1,0.91667,0.91667,0.27522,0.27522,0.34249,1,0.95235,0.95235
0.022222,0.022222,0.22222,0.93333,0.97778,0.97778,0.024435,0.024435,0.21258,0.93219,0.97557,0.97557
0.095238,0.11905,0.69048,1,1,1,0.11578,0.13001,0.75614,1,1,1
0.060606,0.24242,0.75758,0.84848,0.9697,0.9697,0.058766,0.1933,0.74454,0.86255,0.96843,0.96843
0,0,0.057143,0.8,1,1,0,0,0.046389,0.74457,1,1
0.27273,0.36364,1,1,0.90909,0.90909,0.20755,0.31289,1,1,0.9544,0.9544
0,0,0.090909,0.81818,1,1,0,0,0.067416,0.79775,1,1
0.034483,0.068966,0.31034,0.68966,1,1,0.029354,0.044357,0.41161,0.76778,1,1
0.12903,0.22581,0.25806,0.35484,0.77419,0.96774,0.083106,0.15123,0.17234,0.25341,0.78338,0.94142
0.027778,0.22222,0.97222,1,1,1,0.024976,0.24694,0.98162,1,1,1
0.18421,0.31579,0.31579,0.39474,0.94737,0.84211,0.16148,0.35927,0.35927,0.42931,0.96498,0.85668
0,0.053571,0.32143,0.98214,1,1,0,0.044877,0.2911,0.94043,1,1
0,0,0.17949,0.66667,0.94872,1,0,0,0.19223,0.75426,0.96828,1
0.27273,0.38636,0.47727,0.95455,0.95455,0.95455,0.22781,0.36036,0.47219,0.93136,0.9497,0.9497
0,0,0.21622,1,1,1,0,0,0.17184,1,1,1
0.047619,0.19048,0.7619,0.95238,1,1,0.03079,0.17403,0.77108,0.93173,1,1
0.097561,0.097561,0.14634,0.17073,0.19512,0.85366,0.17333,0.17333,0.22203,0.23826,0.26667,0.83362
0,0,0.055556,1,1,1,0,0,0.065969,1,1,1
0.75,0.75,0.75,1,0.875,0.75,0.54839,0.54839,0.54839,1,0.89964,0.81004
0.15385,0.15385,0.53846,1,0.92308,0.92308,0.12464,0.12464,0.46657,1,0.89971,0.89971
0,0.021277,0.14894,0.70213,1,1,0,0.0091687,0.13325,0.64273,1,1
0.12245,0.2449,0.65306,0.97959,1,1,0.16819,0.2627,0.71982,0.98834,1,1
0.15909,0.20455,0.22727,0.52273,0.79545,0.90909,0.11499,0.14251,0.15872,0.52629,0.84128,0.92138
0,0,0,0.875,1,1,0,0,0,0.86505,1,1
0.088235,0.088235,0.088235,0.088235,0.55882,0.88235,0.1055,0.1055,0.1055,0.1055,0.61713,0.88599
0.03125,0.0625,0.4375,1,1,1,0.0288,0.050133,0.5328,1,1,1
0.071429,0.35714,0.42857,0.57143,0.78571,0.78571,0.049759,0.34992,0.39807,0.59069,0.83467,0.82343
0,0.14286,0.25714,0.97143,1,1,0,0.14698,0.24372,0.97299,1,1
0.17391,0.41304,0.76087,1,0.97826,0.97826,0.11928,0.26857,0.66017,1,0.97487,0.97487
0.16667,0.25,0.58333,0.83333,0.91667,0.91667,0.087613,0.18278,0.56193,0.92598,0.96375,0.96375
0.41667,0.41667,0.41667,0.69444,0.72222,0.72222,0.3183,0.3183,0.3183,0.79139,0.79139,0.79088
0,0,0.39474,0.94737,1,1,0,0,0.36719,0.97695,1,1
0.021739,0.086957,0.19565,0.65217,0.91304,1,0.011283,0.064175,0.19111,0.64104,0.95769,1
0.55556,0.55556,0.61111,0.94444,1,1,0.56209,0.56209,0.59041,0.9114,1,1
0,0.27273,0.86364,0.97727,1,1,0,0.28945,0.83564,0.99091,1,1
0,0.15909,0.47727,0.97727,1,1,0,0.17302,0.49413,0.98143,1,1
0.5,0.5,1,0.5,0.5,0.5,0.55502,0.55502,1,0.44498,0.44498,0.44498
0,0,0,0,0.5,1,0,0,0,0,0.38596,1
0,0,0,0.090909,0.72727,1,0,0,0,0.089985,0.65711,1
0.071429,0.071429,0.78571,1,1,0.92857,0.05527,0.05527,0.84704,1,1,0.94473
0,0,0,0,0,0,0,0,0,0,0,0
1,1,1,1,1,0.5,1,1,1,1,1,0.46032
0,0.17073,0.68293,0.97561,1,1,0,0.29308,0.70856,0.98793,1,1
0.027027,0.027027,0.10811,0.56757,0.89189,0.94595,0.023482,0.023482,0.097166,0.59028,0.90688,0.95628
0,0,0.086957,0.78261,0.91304,1,0,0,0.1604,0.83709,0.9386,1
0,0,0,0,0,0,0,0,0,0,0,0
0,0.075,0.575,1,1,1,0,0.050348,0.50991,1,1,1
0,0,0.14815,0.92593,1,1,0,0,0.15749,0.84615,1,1
0.14583,0.20833,0.875,1,1,1,0.15691,0.20984,0.9096,1,1,1
0.57143,0.57143,1,1,1,0.71429,0.49821,0.49821,1,1,1,0.82143
0.28571,0.28571,0.35714,0.71429,0.85714,0.85714,0.25,0.25,0.29197,0.72445,0.87774,0.85401
0,0,0.21154,0.94231,1,1,0,0,0.34362,0.96251,1,1
0,0,0.023256,1,1,1,0,0,0.015639,1,1,1
0.09375,0.15625,0.15625,0.5625,0.90625,1,0.060219,0.1101,0.1101,0.61375,0.92762,1
0.090909,0.090909,0.27273,0.90909,1,1,0.054299,0.054299,0.23982,0.94344,1,1
0,0,0.038462,0.71154,1,1,0,0,0.042663,0.70945,1,1
0.058824,0.11765,0.58824,0.94118,1,0.94118,0.014652,0.029915,0.60562,0.98291,1,0.98535
0,0,0,0.48571,0.82857,0.97143,0,0,0,0.48197,0.85642,0.97913
0,0,0.033333,0.96667,1,1,0,0,0.01455,0.97817,1,1
0,0.03125,0.34375,1,1,1,0,0.0205,0.3145,1,1,1
0,0,0.14706,0.76471,1,1,0,0,0.15829,0.79083,1,1
0,0,0,0.32653,0.73469,0.91837,0,0,0,0.38148,0.81012,0.94171
0,0,0,0.51613,0.64516,1,0,0,0,0.42532,0.62386,1
0,0.1,0.2,0.7,1,1,0,0.069909,0.15805,0.6383,1,1
0.42222,0.44444,0.44444,0.68889,0.91111,0.86667,0.49041,0.50995,0.51137,0.66738,0.89481,0.85785
0.23529,0.29412,0.76471,0.76471,0.76471,0.76471,0.21114,0.24487,0.79179,0.79179,0.78886,0.78886
0,0,0,0.043478,0.65217,0.82609,0,0,0,0.1311,0.73272,0.85366
0.02381,0.02381,0.19048,0.5,0.90476,1,0.021537,0.021537,0.20069,0.61136,0.90553,1
0,0,0.17647,1,1,1,0,0,0.15584,1,1,1
0.12195,0.21951,0.65854,1,1,1,0.13713,0.20351,0.66813,1,1,1
0,0,0.04,0.8,1,1,0,0,0.054514,0.7615,1,1
0,0,0.076923,0.84615,1,1,0,0,0.11538,0.89615,1,1
0,0,0.125,0.6,0.825,1,0,0,0.13946,0.65746,0.87596,1
0,0,0,0.6,1,1,0,0,0,0.43591,1,1
0.6,0.8,0.8,0.4,0.4,0.4,0.66102,0.80791,0.80791,0.51412,0.33898,0.33898
0,0,0.30303,0.63636,1,1,0,0,0.31674,0.64799,1,1
0.88889,0.88889,0.88889,0.88889,0.66667,0.55556,0.91118,0.91118,0.92105,0.92105,0.70724,0.58882
0.25455,0.56364,0.78182,1,0.98182,0.98182,0.24612,0.53173,0.76869,1,0.98413,0.98413
0,0,0.071429,0.85714,1,1,0,0,0.031187,0.93461,1,1
0.026316,0.026316,0.28947,0.81579,0.94737,0.97368,0.034176,0.034176,0.31032,0.83322,0.946,0.96582
0.33333,0.33333,0.33333,1,1,1,0.2938,0.2938,0.2938,1,1,1
0.052632,0.052632,0.15789,0.42105,0.73684,0.89474,0.048649,0.048649,0.14054,0.41081,0.72793,0.90991
0,0.14286,0.81633,1,1,1,0,0.13499,0.83078,1,1,1
0,0,0,0.18182,0.86364,0.95455,0,0,0,0.20222,0.89474,0.96676
0,0,0,0.33333,0.87879,0.93939,0,0,0,0.30715,0.8729,0.94704
0.5,0.5,0.5,1,1,0.5,0.62712,0.62712,0.62712,1,1,0.37288
0,0,0.14286,0.46429,0.89286,0.89286,0,0,0.11495,0.41099,0.90336,0.90336
1,1,1,0.5,0.5,0,1,1,1,0.63077,0.63077,0
0.23529,0.26471,0.85294,1,0.85294,0.85294,0.27804,0.29813,0.80093,1,0.84673,0.84673
0,0,0,0.5,1,1,0,0,0,0.49399,1,1
0.14286,0.14286,0.28571,0.71429,0.85714,0.85714,0.13228,0.13228,0.2963,0.72487,0.86772,0.86772
0,0.11111,0.48148,0.92593,0.96296,1,0,0.16264,0.54214,0.94847,0.98604,1
0.91667,0.91667,1,0.66667,0.33333,0.33333,0.93394,0.93394,1,0.66059,0.35535,0.35535
0.45455,0.45455,0.45455,0.81818,0.81818,0.90909,0.41575,0.41575,0.41575,0.84464,0.84464,0.93873
0.17391,0.17391,0.26087,0.82609,0.91304,1,0.19965,0.19965,0.26087,0.86779,0.93168,1
0.56522,0.65217,0.73913,0.73913,0.69565,0.82609,0.66598,0.74974,0.81696,0.79111,0.7363,0.84281
0.46875,0.5,0.8125,0.90625,0.6875,0.53125,0.49766,0.5156,0.81903,0.87676,0.61856,0.50234
0.13793,0.13793,0.55172,0.96552,0.89655,0.86207,0.079474,0.079474,0.41302,0.98561,0.93992,0.92053
0.064516,0.48387,0.77419,0.96774,1,1,0.050688,0.42991,0.73154,0.96746,1,1
0.1,0.15,0.9,1,1,1,0.073698,0.10546,0.92122,1,1,1
0.22857,0.25714,0.25714,0.82857,0.88571,0.88571,0.30406,0.34387,0.34387,0.75503,0.94666,0.94666
0.63158,0.63158,0.94737,0.89474,0.42105,0.42105,0.69636,0.69636,0.96456,0.93391,0.34387,0.34387
0,0.5,0.5,1,1,1,0,0.37838,0.37838,1,1,1
0.53333,0.53333,0.53333,0.86667,0.6,0.6,0.59203,0.59203,0.59203,0.86717,0.56736,0.56736
0.375,0.375,0.875,0.875,0.8125,0.8125,0.30213,0.30213,0.90312,0.90312,0.84729,0.84729
0.5,0.64286,0.71429,0.78571,0.71429,0.71429,0.56763,0.69565,0.74879,0.83333,0.75362,0.67874
0,0,0,0.6087,1,1,0,0,0,0.56929,1,1
0.58333,0.58333,0.58333,0.5,0.25,0.41667,0.53757,0.53757,0.53757,0.46532,0.25145,0.46243
0.2,0.4,0.6,1,1,1,0.16667,0.43939,0.60606,1,1,1
0,0,0,0.71739,1,1,0,0,0,0.73194,1,1
0.2,0.2,0.6,1,1,1,0.18707,0.18707,0.56351,1,1,1
0,0,0,0.81818,1,1,0,0,0,0.83573,1,1
0.2,0.5,0.76667,0.86667,0.96667,0.96667,0.24083,0.46873,0.85406,0.91876,0.97915,0.97915
0.041667,0.041667,0.041667,0.41667,0.875,0.95833,0.025522,0.025522,0.025522,0.36736,0.87239,0.97448
0,0,0,0,0,0,0,0,0,0,0,0
0.7619,0.7619,0.80952,0.90476,0.57143,0.28571,0.80027,0.80027,0.81943,0.89193,0.53488,0.24077
0.88462,0.96154,1,1,0.15385,0.11538,0.8813,0.93424,1,1,0.15201,0.1187
0,0,0,0.48936,1,1,0,0,0,0.54688,1,1
0.33333,0.33333,0.33333,0.83333,1,0.83333,0.16583,0.16583,0.16583,0.72362,1,0.92714
0.66667,0.95238,1,1,0.95238,0.85714,0.57814,0.95355,1,1,0.98142,0.89891
0.21429,0.42857,0.92857,1,0.82143,0.78571,0.29845,0.49682,0.9545,1,0.75159,0.70155
0.23077,0.28205,0.41026,0.74359,0.92308,0.92308,0.19107,0.2378,0.42957,0.74407,0.93863,0.94909
1,1,1,1,1,1,1,1,1,1,1,1
0.22222,0.77778,0.94444,0.86111,0.83333,0.83333,0.29794,0.83411,0.96417,0.84406,0.82084,0.82084
0.8,0.8,0.8,0.6,0.4,0.26667,0.81737,0.81737,0.82851,0.68597,0.4922,0.29176
0.25,0.25,0.91667,0.83333,0.91667,0.83333,0.25564,0.25564,0.94737,0.8703,0.92293,0.86654
0.64286,0.64286,0.85714,0.78571,0.28571,0.42857,0.58692,0.58692,0.81583,0.76248,0.28227,0.46644
0,0.081081,0.13514,0.81081,0.97297,0.97297,0,0.052632,0.084488,0.88181,0.98892,0.98892
0.45161,0.6129,0.77419,0.93548,0.87097,0.87097,0.506,0.64932,0.78703,0.91753,0.89752,0.89752
0.71429,0.71429,0.57143,0.28571,0.28571,0.28571,0.74641,0.74641,0.59809,0.25359,0.25359,0.25359
0.54839,0.54839,0.96774,0.93548,0.64516,0.48387,0.591,0.591,0.97751,0.95194,0.58078,0.43661
0.68,0.72,0.72,0.6,0.24,0.28,0.67576,0.69502,0.69502,0.52408,0.23917,0.30337
0.19048,0.21429,0.5,1,0.97619,0.97619,0.21047,0.22581,0.49445,1,0.98361,0.98361
0.076923,0.15385,0.30769,0.92308,0.92308,1,0.060773,0.1326,0.27348,0.92541,0.92541,1
0.66667,0.66667,0.88889,1,1,1,0.72907,0.72907,0.90308,1,1,1
0.71429,0.71429,0.71429,0.66667,0.52381,0.47619,0.75553,0.75553,0.75553,0.70221,0.58249,0.50101
0.8,1,0.9,0.2,0.2,0.2,0.78887,1,0.91171,0.21113,0.21113,0.21113
0.45833,0.58333,0.83333,0.70833,0.625,0.625,0.47298,0.69513,0.82922,0.75784,0.61574,0.61574
0,0,0,0.22222,0.24074,0.62963,0,0,0,0.26377,0.26959,0.66547
0.086957,0.086957,0.56522,1,1,1,0.074678,0.074678,0.52361,1,1,1
0.14815,0.77778,0.92593,0.96296,0.92593,0.88889,0.070146,0.81706,0.93883,0.96745,0.96914,0.95511
0.87805,1,1,0.95122,0.90244,0.90244,0.89125,1,1,0.955,0.91875,0.91875
0.31818,0.59091,0.63636,1,1,1,0.38174,0.57344,0.60581,1,1,1
0.66667,0.88889,1,1,0.33333,0.33333,0.60902,0.89098,1,1,0.39098,0.39098
0.21429,0.21429,0.78571,0.71429,0.57143,0.78571,0.16315,0.16315,0.73321,0.68714,0.57006,0.83685
0.076923,0.076923,0.38462,1,0.92308,0.92308,0.056306,0.056306,0.32883,1,0.94369,0.94369
0.22222,0.62963,0.92593,1,0.96296,0.96296,0.43946,0.69351,0.95405,1,0.98486,0.98486
0.26087,0.26087,0.3913,0.95652,0.95652,0.91304,0.2331,0.2331,0.30483,0.97241,0.97241,0.9469
0.5,0.81818,0.90909,0.72727,0.72727,0.72727,0.52336,0.84229,0.93224,0.77103,0.75584,0.75584
0.10526,0.31579,0.52632,0.94737,1,0.94737,0.13548,0.33295,0.57979,0.93571,1,0.96326
0.42857,0.57143,0.71429,1,0.92857,0.78571,0.50958,0.68051,0.76358,1,0.9361,0.85304
0,0,0,0.80556,1,1,0,0,0,0.85938,1,1
0.6,0.6,0.7,0.7,0.7,0.7,0.58576,0.58576,0.71521,0.68285,0.68285,0.7055
0.53846,0.53846,0.84615,0.84615,0.84615,0.84615,0.48537,0.48537,0.83171,0.84878,0.84878,0.84878
0.33333,0.55556,0.66667,0.55556,0.66667,0.66667,0.37186,0.58543,0.74372,0.6407,0.72613,0.72613
0,0,0,0.19444,0.94444,1,0,0,0,0.19237,0.93532,1
0,0,0,0.53125,0.96875,1,0,0,0,0.55828,0.97551,1
0.81818,0.84848,0.84848,0.090909,0.12121,0.18182,0.84786,0.86838,0.86838,0.065812,0.10769,0.15214
0.28571,0.28571,0.35714,0.92857,1,1,0.29303,0.29303,0.34221,0.94467,1,1
0.1,0.1,0.1,0.85,0.85,0.9,0.066754,0.066754,0.066754,0.87827,0.90314,0.93325
0.28125,0.28125,0.59375,0.90625,0.90625,0.90625,0.49244,0.49244,0.6549,0.64538,0.61176,0.61176
0,0,0.33333,0.33333,0.66667,0.66667,0,0,0.35514,0.35514,0.56075,0.56075
0.6,0.6,0.73333,0.46667,0.53333,0.53333,0.6597,0.6597,0.74905,0.41635,0.47338,0.51901
0.42857,0.78571,0.71429,0.85714,0.78571,0.71429,0.39274,0.88959,0.847,0.92114,0.88644,0.79022
0.125,0.125,0.25,0.75,0.625,0.75,0.11551,0.11551,0.21452,0.77558,0.66007,0.76568
0.70588,0.70588,0.94118,0.94118,0.52941,0.47059,0.72877,0.72877,0.91274,0.95283,0.48467,0.42925
0.71429,0.78571,0.78571,0.71429,0.64286,0.64286,0.79658,0.84444,0.77094,0.68205,0.64444,0.64444
0.037037,0.055556,0.055556,0.57407,0.72222,0.88889,0.025332,0.04402,0.04402,0.5162,0.69518,0.86919
0.70455,0.97727,0.97727,0.84091,0.84091,0.84091,0.77693,0.98007,0.98007,0.89511,0.89511,0.89511
0.17647,0.5,0.67647,0.79412,0.91176,0.97059,0.14304,0.62091,0.7601,0.85119,0.92688,0.97563
0,0.071429,0.071429,0.28571,0.96429,0.96429,0,0.062393,0.062393,0.26496,0.96496,0.96496
0.28571,0.35714,0.35714,0.42857,0.42857,0.71429,0.31381,0.35135,0.35135,0.39189,0.39189,0.83483
0,0,0,1,1,1,0,0,0,1,1,1
0.10526,0.10526,0.15789,1,1,0.94737,0.049356,0.049356,0.086552,1,1,0.97282
1,1,1,0.88889,0.66667,0.33333,1,1,1,0.9164,0.71061,0.33762
0.45455,0.45455,0.45455,0.63636,0.81818,0.81818,0.38375,0.38375,0.38375,0.58824,0.84314,0.84314
0.14706,0.17647,0.38235,0.91176,0.94118,0.94118,0.21165,0.22579,0.48072,0.91688,0.90103,0.90103
0.25,0.375,0.875,0.875,0.875,1,0.2278,0.39768,0.86873,0.86873,0.86873,1
0,1,1,1,1,1,0,1,1,1,1,1
0.14286,0.19048,0.28571,0.80952,0.90476,0.90476,0.14818,0.23327,0.30497,0.81931,0.88337,0.89962
0,0,0,0.71739,1,1,0,0,0,0.71783,1,1
0.1,0.2,0.6,0.9,0.9,0.9,0.078704,0.23148,0.71528,0.94676,0.9213,0.9213
0.53846,0.61538,0.61538,0.96154,0.57692,0.57692,0.64544,0.67202,0.67202,0.98546,0.41174,0.41174
0,0,0,0.58824,1,1,0,0,0,0.53122,1,1
0.7,0.8,0.8,0.8,0.8,0.8,0.76943,0.86528,0.85233,0.83938,0.83938,0.83938
0.70588,0.76471,0.88235,0.88235,0.82353,0.88235,0.71195,0.73322,0.82979,0.82979,0.73813,0.83797
0.090909,0.18182,0.090909,0.90909,0.90909,0.90909,0.053763,0.13333,0.07957,0.94624,0.94624,0.94624
0,0.18519,0.2963,0.77778,0.96296,1,0,0.2556,0.38423,0.80664,0.97427,1
0.043478,0.043478,0.043478,0.21739,0.73913,0.95652,0.12422,0.12422,0.12422,0.2672,0.74173,0.89544
0.25,0.25,0.25,1,1,0.75,0.2767,0.2767,0.2767,1,1,0.7233
0.18182,0.18182,0.31818,0.63636,0.81818,0.81818,0.14657,0.14657,0.23938,0.56982,0.86904,0.85343
0.94444,0.97222,1,0.94444,0.88889,0.88889,0.95601,0.98025,1,0.93986,0.89318,0.89318
0.86207,0.86207,0.93103,1,0.72414,0.65517,0.9097,0.9097,0.96766,1,0.79012,0.72056
0.8125,0.8125,0.875,0.625,0.5,0.5,0.7641,0.7641,0.90427,0.64615,0.52308,0.52308
0,0,0,0,0,0,0,0,0,0,0,0
0.09375,0.09375,0.40625,0.625,0.8125,0.90625,0.073857,0.073857,0.32884,0.55451,0.78429,0.92614
0.1087,0.1087,0.84783,0.95652,0.93478,0.86957,0.10043,0.10043,0.86754,0.95603,0.93485,0.88328
0.44828,0.44828,0.68966,0.96552,0.62069,0.62069,0.4194,0.4194,0.66257,0.95219,0.64709,0.64709
0,0,0,0.042553,0.38298,1,0,0,0,0.04009,0.38153,1
0.59091,0.63636,1,0.90909,0.72727,0.45455,0.61571,0.64937,1,0.89621,0.73773,0.41655
0.66667,0.66667,1,0.66667,0.33333,0.33333,0.60119,0.60119,1,0.67857,0.39881,0.39881
0,0,0.0625,0.3125,0.78125,0.96875,0,0,0.044877,0.31329,0.78069,0.97798
0.36111,0.52778,0.72222,0.77778,0.75,0.83333,0.33286,0.58034,0.76542,0.81205,0.77331,0.85151
0.13793,0.34483,0.62069,0.93103,1,1,0.139,0.37838,0.62645,0.94305,1,1
0.47059,0.52941,0.70588,0.52941,0.76471,0.76471,0.51583,0.55409,0.76385,0.57652,0.77045,0.77045
0.63043,0.63043,0.65217,1,0.93478,0.76087,0.62078,0.62078,0.6487,1,0.94545,0.78247
0.33333,0.33333,0.61905,0.90476,0.7619,0.71429,0.32573,0.32573,0.61597,0.92522,0.77947,0.75285
0,0,0.052632,0.60526,0.94737,1,0,0,0.021802,0.51748,0.95599,1
0.19048,0.52381,0.80952,0.95238,0.95238,0.85714,0.19684,0.43378,0.78858,0.95261,0.95261,0.81531
0.42857,0.42857,0.85714,0.85714,1,0.85714,0.43256,0.43256,0.88837,0.88837,1,0.86977
0.79167,1,1,0.54167,0.54167,0.54167,0.79103,1,1,0.50357,0.50357,0.50357
0.69231,0.69231,0.92308,0.96154,0.34615,0.34615,0.64643,0.64643,0.94809,0.97356,0.39569,0.39569
1,1,0.94444,0.88889,0.88889,0.88889,1,1,0.92715,0.83974,0.83974,0.83974
0.61905,0.66667,0.7619,0.95238,0.95238,0.66667,0.68108,0.71216,0.82838,0.96486,0.96486,0.59459
0,0.074074,0.62963,0.96296,1,1,0,0.054702,0.63436,0.94434,1,1
0.25,0.25,0.3125,0.5,0.5,0.5,0.26087,0.26087,0.33655,0.4686,0.40258,0.42351
0.77778,0.88889,0.88889,0.55556,0.22222,0.22222,0.90959,0.96849,0.96849,0.68904,0.090411,0.090411
0,1,1,1,1,1,0,1,1,1,1,1
0.8,0.8,1,0.8,0.2,0.2,0.76923,0.76923,1,0.81538,0.23077,0.23077
0.75,0.75,0.75,0.8125,0.5,0.5,0.77348,0.77348,0.77348,0.85635,0.49171,0.49171
0.53846,0.69231,0.76923,0.76923,0.76923,0.76923,0.57258,0.78024,0.82661,0.85081,0.84879,0.84879
0.31579,0.31579,0.42105,0.57895,0.78947,0.78947,0.27356,0.27356,0.37958,0.65445,0.81283,0.81283
0.068966,0.068966,0.44828,1,0.96552,0.96552,0.050465,0.050465,0.3174,1,0.98473,0.98473
0,0,0,0.26087,0.91304,1,0,0,0,0.21829,0.86743,1
0,0,0.2449,0.77551,1,1,0,0,0.29652,0.79134,1,1
0.33333,0.33333,0.75,0.75,0.91667,0.91667,0.31718,0.31718,0.81938,0.84141,0.95154,0.95154
0.78261,0.82609,1,0.86957,0.30435,0.30435,0.78354,0.82525,1,0.86359,0.29651,0.29651
0,0,0,0.83333,1,1,0,0,0,0.85404,1,1
1,1,1,0.70588,0.41176,0.35294,1,1,1,0.65447,0.30893,0.26501
0.7619,0.88095,0.90476,0.85714,0.38095,0.35714,0.78811,0.88108,0.91647,0.88768,0.39264,0.37612
0.85714,0.85714,1,1,0.57143,0.14286,0.76453,0.76453,1,1,0.53779,0.23547
0.25,0.5,1,1,1,1,0.28641,0.40291,1,1,1,1
0.086957,0.30435,0.56522,0.91304,1,1,0.046279,0.19147,0.4637,0.8902,1,1
0.041667,0.041667,0.64583,1,0.97917,0.97917,0.036251,0.036251,0.71706,1,0.98276,0.98276
0.12,0.16,0.2,0.72,0.96,1,0.11789,0.16366,0.21359,0.73509,0.9681,1
0.41176,0.44118,0.94118,1,1,0.97059,0.44219,0.4616,0.94093,1,1,0.97131
0.76923,0.92308,0.92308,0.61538,0.61538,0.61538,0.81127,0.93137,0.93137,0.57353,0.57353,0.57353
0.36842,0.36842,0.63158,0.84211,0.73684,0.73684,0.29901,0.29901,0.63168,0.90594,0.81584,0.81584
0.69231,0.69231,0.92308,0.84615,0.84615,0.84615,0.74082,0.74082,0.91633,0.86531,0.85918,0.85918
0.3,0.3,0.5,0.7,0.7,0.7,0.27813,0.27813,0.51875,0.74062,0.74062,0.74062
0.058824,0.058824,0.17647,0.88235,0.94118,0.97059,0.029917,0.029917,0.15341,0.89115,0.95417,0.98536
0,0,0,0.41935,0.96774,1,0,0,0,0.43327,0.96228,1
0.16,0.68,0.84,0.96,1,1,0.14037,0.67573,0.89445,0.97171,1,1
0.047619,0.095238,0.61905,0.95238,0.95238,0.95238,0.037079,0.066292,0.57865,0.96292,0.96292,0.96292
0.21739,0.30435,0.21739,0.56522,0.78261,0.78261,0.17894,0.20662,0.16312,0.66238,0.82155,0.82155
0,0,0,0.19048,0.95238,1,0,0,0,0.22426,0.94781,1
0.2,0.4,1,0.95,0.8,0.8,0.16348,0.35199,1,0.9676,0.83652,0.83652
0.33333,0.33333,0.33333,0.33333,0.46667,0.53333,0.3675,0.3675,0.3675,0.32495,0.46809,0.51451
0.5625,0.625,0.625,0.6875,0.75,0.6875,0.73384,0.77108,0.77108,0.73384,0.81599,0.77656
0.051282,0.076923,0.076923,0.64103,0.97436,0.94872,0.039693,0.052924,0.052924,0.67563,0.97653,0.96031
0.36667,0.46667,0.96667,0.96667,0.96667,1,0.4259,0.48792,0.98678,0.98678,0.98678,1
0.4375,0.5,0.9375,0.75,0.625,0.5625,0.44918,0.50328,0.94426,0.75738,0.60164,0.55082
0.4,0.4,0.7,0.96667,0.9,0.9,0.41914,0.41914,0.68868,0.94385,0.79021,0.79021
0.17021,0.29787,0.42553,0.97872,0.97872,0.97872,0.1672,0.27499,0.43068,0.98434,0.98434,0.98434
0.12903,0.32258,0.54839,0.80645,0.87097,0.87097,0.12344,0.21888,0.42427,0.88226,0.8833,0.8833
0.14286,0.14286,0.14286,0.85714,1,1,0.11386,0.11386,0.11386,0.83168,1,1
0,0,0,0.093023,0.95349,1,0,0,0,0.1542,0.9298,1
0,0,0.21053,0.84211,1,1,0,0,0.20135,0.94451,1,1
0.83333,0.95833,1,0.625,0.58333,0.58333,0.85073,0.96808,1,0.6799,0.65487,0.65487
0.75,0.75,0.75,0.75,0.5,0.5,0.71134,0.71134,0.71134,0.75258,0.51546,0.51546
0.6,0.8,0.8,0.8,1,0.8,0.66423,0.82482,0.82482,0.82482,1,0.79562
0,0,0,0.11111,0.22222,0.77778,0,0,0,0.081911,0.157,0.7372
0.34375,0.46875,0.96875,0.78125,0.71875,0.6875,0.29412,0.40068,0.98124,0.79369,0.74936,0.72805
0.54545,0.63636,0.81818,0.90909,0.72727,0.72727,0.51862,0.59043,0.83777,0.94149,0.79255,0.79255
0.56522,0.6087,0.6087,1,1,1,0.55982,0.62883,0.62883,1,1,1
0,0.57576,1,1,1,1,0,0.55609,1,1,1,1
0.19048,0.2381,0.42857,0.85714,0.90476,0.85714,0.12802,0.15323,0.38508,0.89919,0.92137,0.89415
0.66667,0.75,1,1,0.41667,0.41667,0.7526,0.79834,1,1,0.4158,0.4158
0.47619,0.61905,0.80952,0.7619,0.57143,0.57143,0.46914,0.633,0.86308,0.79798,0.57015,0.57015
0.22222,0.22222,0.33333,0.72222,1,1,0.20181,0.20181,0.33133,0.68373,1,1
0,0.1,0.66667,0.96667,1,1,0,0.13316,0.72672,0.97824,1,1
0,0,0.34483,0.86207,0.96552,1,0,0,0.3273,0.85473,0.94632,1
0.32,0.48,0.88,0.92,0.64,0.64,0.2971,0.4648,0.86957,0.91822,0.6677,0.6677
0.63636,0.63636,0.72727,0.90909,0.63636,0.63636,0.70309,0.70309,0.7732,0.90515,0.5299,0.5299
0.0625,0.0625,0.625,0.96875,0.96875,0.9375,0.15091,0.15091,0.71496,0.96982,0.86419,0.84909
0.75,1,1,0.5,0.4,0.4,0.65274,1,1,0.57061,0.50288,0.50288
0.66667,0.70833,0.875,1,0.625,0.58333,0.736,0.772,0.9,1,0.611,0.589
0.28571,0.28571,0.71429,0.71429,0.85714,0.71429,0.29455,0.29455,0.66545,0.76364,0.88364,0.70545
0.66667,0.75,0.91667,0.91667,0.83333,0.66667,0.64224,0.71767,0.95043,0.95043,0.84914,0.70259
0.029412,0.029412,0.14706,0.17647,0.44118,0.82353,0.028529,0.028529,0.13889,0.17267,0.46547,0.81231
0,0.12121,0.36364,1,1,1,0,0.10047,0.39676,1,1,1
0,0,0.10256,0.87179,1,1,0,0,0.07429,0.88638,1,1
0.027027,0.027027,0.027027,0.83784,1,1,0.018493,0.018493,0.018493,0.86438,1,1
0.48,0.76,1,0.84,0.72,0.68,0.70939,0.86465,1,0.73089,0.67277,0.65048
0,0.2,0.4,1,1,1,0,0.11013,0.26155,1,1,1
0,0,0,0.025641,0.69231,1,0,0,0,0.032462,0.69359,1
0.13158,0.28947,0.42105,0.57895,0.68421,0.89474,0.10508,0.2559,0.35096,0.56755,0.64689,0.89421
0,0,0.66667,1,1,1,0,0,0.51768,1,1,1
0.46667,0.73333,0.8,0.73333,0.73333,0.73333,0.44084,0.65458,0.77863,0.71183,0.71183,0.71183
0,0,0.27027,1,1,1,0,0,0.21573,1,1,1
0.59259,0.59259,0.66667,0.92593,0.88889,0.92593,0.74181,0.74181,0.77138,0.95444,0.93125,0.94724
0.13793,0.13793,0.13793,0.75862,1,1,0.097038,0.097038,0.097038,0.80403,1,1
0.8,0.8,0.8,0.6,0.6,0.6,0.9127,0.9127,0.9127,0.56349,0.56349,0.56349
0,0,0,0.095238,0.85714,0.95238,0,0,0,0.10275,0.90148,0.9661
0.15385,0.15385,0.23077,0.92308,1,1,0.17857,0.17857,0.27041,0.96173,1,1
0.78125,0.8125,0.90625,1,0.96875,0.75,0.82061,0.87481,0.94351,1,0.98321,0.72214
0.11765,0.11765,0.52941,0.94118,0.88235,0.88235,0.040248,0.040248,0.52167,0.97755,0.95975,0.95975
0.35714,0.35714,0.64286,0.85714,0.85714,0.85714,0.3014,0.3014,0.52295,0.86627,0.86627,0.86627
0.071429,0.071429,0.14286,0.14286,0.28571,0.64286,0.242,0.242,0.32778,0.32778,0.45198,0.75416
0.75,0.95,1,0.5,0.45,0.45,0.76726,0.93606,1,0.51066,0.33419,0.33419
0.55172,0.75862,0.93103,0.89655,0.7931,0.65517,0.57454,0.80196,0.93906,0.91077,0.80522,0.66376
0.052632,0.052632,0.26316,0.36842,0.42105,0.78947,0.019435,0.019435,0.26678,0.36837,0.44965,0.78534
0.73684,0.94737,1,0.89474,0.84211,0.84211,0.69664,0.91727,1,0.90408,0.85612,0.85612
1,1,1,0.33333,0.33333,0,1,1,1,0.41053,0.41053,0
0,0,0,0.82609,1,1,0,0,0,0.83584,1,1
0.425,0.5,0.7,0.9,0.95,0.825,0.52872,0.58722,0.71176,0.93451,0.96672,0.82233
0.66667,0.66667,0.66667,1,1,0.66667,0.65934,0.65934,0.65934,1,1,0.69231
0.6,0.7,0.8,0.2,0.4,0.4,0.68376,0.76923,0.83191,0.14815,0.31624,0.31624
0.33333,0.5,0.66667,0.83333,0.66667,0.66667,0.31818,0.40909,0.73554,0.78512,0.68182,0.68182
0,0.16667,0.16667,1,1,1,0,0.10638,0.10638,1,1,1
0.92308,0.92308,0.84615,0.61538,0.61538,0.61538,0.92396,0.92396,0.86406,0.6659,0.6659,0.6659
0.6875,0.75,1,1,0.4375,0.34375,0.7267,0.79962,1,1,0.38301,0.29233
0,0,0,0.38776,0.95918,1,0,0,0,0.36946,0.95396,1
0.27273,0.36364,0.36364,0.36364,0.72727,0.72727,0.20874,0.28155,0.28155,0.27913,0.79126,0.79126
0.05,0.6,1,1,1,1,0.032213,0.63165,1,1,1,1
0.8,0.8,0.8,0.9,0.5,0.5,0.8597,0.8597,0.8597,0.88955,0.50448,0.50448
0.86667,0.93333,0.86667,0.8,0.6,0.53333,0.86652,0.93665,0.85747,0.78733,0.59729,0.52036
0.91667,0.83333,0.83333,0.75,0.5,0.5,0.92978,0.82324,0.82324,0.77482,0.38983,0.38983
0.35714,0.35714,0.57143,0.78571,0.85714,0.85714,0.32407,0.32407,0.59028,0.81713,0.88657,0.88657
0.11111,0.11111,0.38889,0.94444,1,1,0.06383,0.06383,0.48811,0.94994,1,1
0.5,0.5,0.5,0.75,0.75,0.75,0.09601,0.09601,0.09601,0.9601,0.9601,0.9601
0.24242,0.24242,0.36364,0.54545,0.75758,0.87879,0.19873,0.19873,0.35941,0.55321,0.77026,0.89429
1,1,1,0,0,0,1,1,1,0,0,0
0.48,0.64,0.94,0.96,0.9,0.78,0.42612,0.62912,0.95161,0.97773,0.93704,0.82655
0.48571,0.6,0.74286,0.8,0.8,0.8,0.41374,0.49719,0.76227,0.79593,0.80996,0.80996
0.33333,0.33333,0.625,0.70833,0.66667,0.75,0.33293,0.33293,0.61178,0.68269,0.65385,0.74279
0,0,0,0.4,0.9,1,0,0,0,0.39818,0.91793,1
0.88889,0.88889,1,0.77778,0.77778,0.77778,0.91892,0.91892,1,0.77365,0.77365,0.77365
0.096774,0.16129,0.25806,0.29032,0.51613,0.90323,0.11797,0.21688,0.31579,0.34211,0.53811,0.92377
0.25,0.28571,0.5,1,0.85714,0.78571,0.23336,0.28184,0.45357,1,0.89236,0.82416
1,0.66667,0.66667,0.33333,0.33333,0.33333,1,0.77778,0.77778,0.32323,0.32323,0.32323
0,0,1,1,1,1,0,0,1,1,1,1
0,0,0.029412,0.70588,0.97059,1,0,0,0.047408,0.7067,0.94501,1
0.84211,0.89474,0.97368,0.94737,0.60526,0.44737,0.87127,0.91808,0.98479,0.96021,0.56173,0.41603
0.21429,0.21429,0.7381,0.90476,0.90476,0.90476,0.12518,0.12518,0.62207,0.9398,0.9398,0.9398
0.31429,0.31429,0.31429,0.6,0.71429,0.74286,0.31548,0.31548,0.31548,0.56746,0.70437,0.72024
0.375,0.75,0.875,0.75,0.625,0.625,0.32922,0.65844,0.85185,0.74486,0.67078,0.67078
0,0,0.66667,1,1,1,0,0,0.67657,1,1,1
0.63636,0.63636,0.90909,0.81818,0.63636,0.63636,0.56901,0.56901,0.92494,0.84988,0.71913,0.71913
0,0.051282,0.12821,0.84615,1,1,0,0.066294,0.13978,0.87141,1,1
0.57143,0.57143,0.57143,0.28571,0.35714,0.42857,0.53693,0.53693,0.53693,0.23353,0.31337,0.46307
0.22222,0.33333,0.88889,1,0.88889,0.88889,0.13941,0.25301,0.92255,1,0.9105,0.9105
0.625,0.75,1,0.75,0.625,0.625,0.5905,0.80415,1,0.79525,0.67359,0.67359
0,0,0,0.033333,0.53333,0.9,0,0,0,0.039039,0.5045,0.88989
0,0,0.17857,0.82143,1,1,0,0,0.18413,0.79858,1,1
0.66667,0.66667,0.58333,0.33333,0.5,0.5,0.60238,0.60238,0.50952,0.3619,0.59048,0.59048
0,0,0,0.88889,1,1,0,0,0,0.8086,1,1
0,0,0,1,1,1,0,0,0,1,1,1
0.18182,0.36364,0.63636,0.81818,0.90909,0.90909,0.21037,0.3689,0.65244,0.79573,0.87195,0.87195
0.1875,0.25,0.5625,0.95833,1,1,0.15406,0.20824,0.51242,0.96953,1,1
0.33333,0.33333,0.77778,0.55556,0.55556,0.55556,0.32296,0.32296,0.72763,0.51362,0.51362,0.54086
0,0,0.043478,0.43478,1,1,0,0,0.026077,0.4932,1,1
0.41667,0.41667,0.41667,1,1,1,0.60221,0.60221,0.60221,1,1,1
0.55556,0.66667,0.66667,0.55556,0.5,0.5,0.51917,0.61504,0.57965,0.61209,0.5295,0.5295
0.033333,0.1,0.33333,0.93333,0.96667,0.96667,0.018894,0.078376,0.37649,0.86144,0.98111,0.98111
0,0,0.15625,0.8125,0.9375,1,0,0,0.14002,0.82785,0.95715,1
0.42857,0.57143,1,1,0.61905,0.61905,0.37992,0.56522,1,1,0.66977,0.66977
0.33333,0.33333,0.38889,0.83333,0.88889,0.88889,0.21866,0.21866,0.25905,0.86212,0.91504,0.92897
0.052632,0.052632,0.94737,1,0.94737,0.94737,0.02843,0.02843,0.95056,1,0.97157,0.97157
0.6,0.8,0.8,0.6,0.6,0.6,0.61929,0.7868,0.7868,0.49239,0.49239,0.49239
0.2,0.2,0.3,1,0.9,0.9,0.18147,0.18147,0.29679,1,0.93951,0.93951
0.7,0.8,0.9,0.7,0.7,0.7,0.70927,0.80831,0.89137,0.67732,0.65815,0.65815
0.2381,0.2381,0.66667,1,0.90476,0.90476,0.25229,0.25229,0.68889,1,0.92418,0.92418
0.42857,0.57143,0.57143,0.85714,0.71429,0.57143,0.42276,0.55285,0.55285,0.91057,0.78049,0.5935
0,0,0.04878,0.97561,1,1,0,0,0.054335,0.98092,1,1
0,0.17143,0.45714,0.8,0.91429,0.97143,0,0.12772,0.45085,0.81519,0.9123,0.98529
0.14286,0.42857,0.71429,0.85714,0.85714,0.85714,0.085603,0.40856,0.73152,0.9144,0.9144,0.9144
0.5,0.75,0.75,1,1,0.75,0.6,0.7561,0.7561,1,1,0.87805
0.75,1,1,0.75,0.75,0.75,0.7193,1,1,0.79825,0.79825,0.79825
0.45833,0.5,0.70833,0.95833,0.95833,0.875,0.44868,0.52042,0.617,0.96523,0.98234,0.93598
0,0,0,0,0,0,0,0,0,0,0,0
0.33333,0.66667,0.66667,1,1,1,0.3,0.78,0.78,1,1,1
0.16279,0.16279,0.27907,1,1,0.97674,0.15531,0.15531,0.29459,1,1,0.98297
0,0.035714,0.35714,0.89286,1,1,0,0.019608,0.31907,0.82977,1,1
0.4,0.425,0.7,0.925,0.675,0.65,0.46013,0.47791,0.71508,0.84561,0.60081,0.58812
0.075,0.1,0.1,0.6,0.975,0.975,0.05,0.081068,0.081068,0.48689,0.97718,0.97718
0.73333,0.86667,1,0.86667,0.53333,0.33333,0.80133,0.88133,1,0.88267,0.41467,0.256
0.047619,0.095238,0.33333,0.95238,0.95238,0.95238,0.03006,0.051102,0.27555,0.96393,0.96994,0.96994
0.69231,0.80769,1,1,0.30769,0.30769,0.7382,0.83333,1,1,0.2618,0.2618
0.19355,0.22581,0.58065,0.90323,0.80645,0.83871,0.16508,0.19158,0.62704,0.9212,0.82948,0.8553
0.75862,0.89655,1,0.89655,0.89655,0.89655,0.64399,0.86397,1,0.93777,0.93777,0.93777
0,0,0.38095,0.95238,0.95238,1,0,0,0.39331,0.9783,0.9783,1
0,0,0,0.025,0.85,1,0,0,0,0.012644,0.87521,1
0.72727,0.72727,0.72727,0.45455,0.18182,0.18182,0.81446,0.81446,0.81446,0.33494,0.12048,0.12048
0.35714,0.35714,0.82143,1,0.82143,0.82143,0.27023,0.27023,0.78712,1,0.86174,0.86174
0.83333,0.83333,0.83333,0.83333,0.66667,0.66667,0.85641,0.85641,0.85641,0.84615,0.70256,0.70256
0.33333,0.33333,0.4,0.93333,0.86667,0.86667,0.24555,0.24555,0.29004,0.95374,0.91103,0.91103
0.48,0.64,0.84,0.52,0.56,0.56,0.46146,0.6557,0.88592,0.58068,0.57554,0.57554
0.36842,0.42105,0.65789,0.92105,0.92105,0.68421,0.35237,0.40169,0.6645,0.92343,0.92343,0.6989
0.2,0.2,0.8,0.8,0.8,0.8,0.18519,0.18519,0.57143,0.81481,0.81481,0.81481
0.37209,0.37209,0.48837,0.95349,0.86047,0.86047,0.42651,0.42651,0.49781,0.97025,0.88408,0.88408
0.2,0.26667,0.8,1,0.93333,0.8,0.19416,0.23008,0.78339,1,0.89562,0.80584
0.8,0.95,1,0.7,0.6,0.6,0.85794,0.96004,1,0.76471,0.6071,0.6071
0.66667,0.66667,0.66667,1,0.66667,0.66667,0.63265,0.63265,0.63265,1,0.66327,0.66327
0,0,0.26667,1,1,1,0,0,0.29799,1,1,1
0.5,0.75,0.91667,0.91667,0.91667,0.91667,0.50285,0.80266,0.91461,0.95636,0.95636,0.95636
0.86207,0.89655,0.89655,0.68966,0.41379,0.2069,0.94455,0.95743,0.95743,0.48465,0.27822,0.086139
0.23077,0.23077,0.69231,1,0.76923,0.76923,0.21643,0.21643,0.71743,1,0.78357,0.78357
0,0,0,0.87097,1,1,0,0,0,0.90404,1,1
0,0,0,1,1,1,0,0,0,1,1,1
0.39286,0.57143,0.96429,0.96429,0.75,0.60714,0.39984,0.59856,0.97686,0.96568,0.71668,0.60016
1,1,1,0.85714,0.71429,0.57143,1,1,1,0.60305,0.5,0.39313
0.11111,0.11111,0.55556,1,0.96296,0.92593,0.071048,0.071048,0.54796,1,0.97247,0.94849
0,0.11111,0.13333,0.26667,0.82222,0.97778,0,0.092054,0.1011,0.24862,0.84933,0.98269
0.62857,0.8,0.97143,0.97143,0.4,0.4,0.68592,0.8008,0.96082,0.96082,0.33267,0.33267
0.525,0.875,1,0.925,0.525,0.525,0.47649,0.84752,1,0.95044,0.58513,0.58513
0.26923,0.5,0.84615,0.84615,0.76923,0.80769,0.18985,0.35939,0.86091,0.89036,0.83249,0.87005
0.090909,0.81818,0.81818,0.90909,1,1,0.070755,0.6934,0.6934,0.76415,1,1
0.42857,0.42857,0.57143,0.71429,0.92857,0.78571,0.43155,0.43155,0.62202,0.7619,0.83185,0.72768
0.38889,0.44444,1,0.88889,0.88889,0.88889,0.54177,0.5702,1,0.9509,0.9509,0.9509
0.068966,0.068966,0.068966,0.96552,1,1,0.043175,0.043175,0.043175,0.97423,1,1
0.48,0.68,0.84,0.72,0.64,0.64,0.38144,0.68041,0.89118,0.7583,0.71134,0.71134
0.10714,0.46429,0.89286,1,0.92857,0.92857,0.13427,0.44955,0.86276,1,0.89169,0.89169
0.11905,0.78571,1,1,0.90476,0.90476,0.23201,0.85414,1,1,0.78365,0.78365
0.034483,0.086207,0.12069,0.13793,0.60345,0.98276,0.060304,0.10446,0.14387,0.16714,0.64815,0.97626
0.8,0.8,1,0.8,0.8,0.8,0.85185,0.85185,1,0.8642,0.8642,0.8642
0.57895,0.57895,0.89474,0.84211,0.73684,0.57895,0.65271,0.65271,0.88916,0.9101,0.76601,0.4803
0,0,0.11111,0.77778,0.88889,1,0,0,0.060192,0.7606,0.85978,1
0.6,0.4,0.2,0.2,0.4,0.4,0.76142,0.64467,0.32995,0.11675,0.23858,0.23858
0.875,1,1,0.125,0.125,0.125,0.91667,1,1,0.083333,0.083333,0.083333
1,1,1,0,0,0,1,1,1,0,0,0
0.57143,0.85714,1,0.57143,0.42857,0.42857,0.33333,0.90249,1,0.73243,0.66667,0.66667
0,0,0.46875,1,1,1,0,0,0.50093,1,1,1
0,0,0,0,0,0,0,0,0,0,0,0
0.027778,0.22222,0.38889,0.80556,1,0.97222,0.031134,0.21942,0.42254,0.80504,1,0.96887
0.71429,0.71429,0.92857,0.78571,0.71429,0.78571,0.72222,0.72222,0.9359,0.83333,0.77778,0.84188
0.047619,0.047619,0.85714,0.95238,0.95238,0.95238,0.022356,0.022356,0.865,0.97764,0.97764,0.97764
0.18519,0.18519,0.55556,1,0.88889,0.88889,0.15244,0.15244,0.53691,1,0.90604,0.90604
0.30303,0.93939,1,0.9697,0.69697,0.69697,0.23636,0.96229,1,0.97441,0.76364,0.76364
0.055556,0.055556,0.22222,0.33333,0.55556,0.5,0.077307,0.077307,0.20574,0.4015,0.56484,0.48753
0,0,0,0.7907,1,1,0,0,0,0.81876,1,1
0.1875,0.375,0.5625,0.8125,0.875,0.875,0.14332,0.30274,0.42351,0.87601,0.91626,0.91626
1,1,1,0,0,0,1,1,1,0,0,0
0,0,0,0,0,0,0,0,0,0,0,0
0,0.11765,0.52941,0.94118,1,1,0,0.10499,0.49781,0.95626,1,1
0,0,0.34375,0.96875,1,1,0,0,0.22189,0.99005,1,1
0.45833,0.75,0.95833,0.91667,0.54167,0.54167,0.44831,0.80485,0.97363,0.92194,0.55169,0.55169
0.4,0.4,0.8,1,1,1,0.32653,0.32653,0.78912,1,1,1
0,0.2,0.4,0.6,0.8,0.8,0,0.19186,0.34302,0.57558,0.77326,0.77326
0.18182,0.18182,0.63636,1,1,0.81818,0.31491,0.31491,0.69682,1,1,0.68509
0.1,0.2,0.75,0.85,0.95,0.95,0.0953,0.18016,0.72715,0.85248,0.94648,0.94648
0.75,0.75,0.75,0.625,0.375,0.375,0.7094,0.7094,0.7094,0.61538,0.39316,0.39316
0.75,0.75,0.8125,0.5,0.25,0.25,0.81141,0.81141,0.8536,0.59181,0.18859,0.18859
0,0,0.033333,0.066667,1,1,0,0,0.041058,0.063869,1,1
0.037037,0.14815,0.48148,0.92593,1,1,0.054036,0.13802,0.37891,0.91862,1,1
0,0,0,1,1,1,0,0,0,1,1,1
0.10714,0.28571,0.32143,0.5,0.5,0.5,0.096703,0.24176,0.28132,0.44286,0.44286,0.44286
0,0,0.46154,0.96154,1,1,0,0,0.4761,0.96558,1,1
0.66667,0.77778,0.88889,1,0.66667,0.66667,0.61905,0.71032,0.90476,1,0.70238,0.70238
0.14286,0.21429,0.28571,0.42857,0.71429,0.85714,0.099783,0.18438,0.2885,0.43167,0.76139,0.90022
0.34783,0.3913,0.91304,0.91304,0.65217,0.65217,0.30872,0.3396,0.93154,0.93154,0.69128,0.69128
0,0,0.047619,0.095238,0.95238,1,0,0,0.030422,0.047105,0.95584,1
0,0.36364,0.5,1,1,1,0,0.30138,0.48562,1,1,1
0,0,0.4,0.8,1,1,0,0,0.5122,0.7561,1,1
0.28571,0.2381,0.33333,0.85714,0.85714,0.85714,0.2533,0.22137,0.30286,0.88987,0.89317,0.89317
1,1,1,1,0,0,1,1,1,1,0,0
0.68421,0.68421,0.78947,0.84211,0.89474,0.84211,0.6335,0.6335,0.74055,0.84005,0.86776,0.84005
0,0,0,0.6,1,1,0,0,0,0.53253,1,1
0.69444,0.77778,0.91667,0.80556,0.55556,0.52778,0.71302,0.80709,0.91479,0.81595,0.54806,0.52556
0.10526,0.31579,0.84211,0.89474,0.89474,0.94737,0.075245,0.28026,0.83097,0.8964,0.8964,0.97383
0,0,0,0.575,0.925,0.975,0,0,0,0.51042,0.8969,0.94197
0.81818,0.81818,1,1,0.36364,0.36364,0.89029,0.89029,1,1,0.30755,0.30755
0,0.027778,0.083333,0.083333,0.66667,0.97222,0,0.018805,0.065144,0.065144,0.65615,0.95702
0,0,0.15625,0.9375,1,1,0,0,0.13176,0.93967,1,1
0.125,0.33333,0.70833,0.83333,0.875,0.875,0.058108,0.66622,0.84234,0.9482,0.9464,0.9464
0.034483,0.27586,0.7931,0.96552,0.96552,0.96552,0.01644,0.24232,0.81058,0.95926,0.98356,0.98356
0.0625,0.75,0.9375,1,0.9375,0.9375,0.091589,0.68972,0.94393,1,0.90841,0.90841
0,0,0,0.4,1,1,0,0,0,0.43434,1,1
0.058824,0.11765,0.17647,0.94118,0.94118,1,0.13545,0.18728,0.21319,0.96466,0.96466,1
0.21739,0.26087,0.26087,0.65217,0.91304,0.86957,0.21007,0.25653,0.25653,0.64569,0.88287,0.84802
0.58333,0.58333,0.83333,1,1,0.66667,0.57143,0.57143,0.80087,1,1,0.69481
0.78571,0.85714,0.96429,0.71429,0.57143,0.5,0.79863,0.87746,0.95801,0.73693,0.63582,0.57069
0,0,0.28,1,1,1,0,0,0.3042,1,1,1
0.14583,0.45833,0.89583,0.83333,0.875,0.875,0.12107,0.44969,0.90409,0.86006,0.91405,0.91405
0,0,0.041667,0.70833,0.91667,1,0,0,0.032235,0.66046,0.85029,1
0.30556,0.36111,0.33333,0.86111,0.88889,0.88889,0.38535,0.43549,0.43324,0.86141,0.89972,0.89972
0,0,0,0,1,1,0,0,0,0,1,1
0.035714,0.035714,0.10714,0.46429,0.82143,0.96429,0.021155,0.021155,0.072417,0.57282,0.88365,0.97884
0,0,0,0.35714,0.96429,1,0,0,0,0.35574,0.97311,1
0.9,0.95,1,1,1,1,0.9007,0.92874,1,1,1,1
0,0,0,0.57143,0.91429,1,0,0,0,0.70979,0.93395,1
0.058824,0.11765,0.70588,1,1,1,0.10016,0.1561,0.71497,1,1,1
0.11364,0.20455,0.25,0.59091,0.88636,0.90909,0.11728,0.22021,0.26762,0.62633,0.87211,0.88833
0.27778,0.22222,0.33333,0.72222,0.77778,0.77778,0.29661,0.24576,0.38701,0.69774,0.74859,0.74859
0,0,0,0.05,0.9,1,0,0,0,0.051491,0.90786,1
0.625,0.625,0.625,0.625,0.375,0.5,0.6457,0.6457,0.6457,0.59934,0.34768,0.45695
0.90909,1,0.90909,0.81818,0.54545,0.36364,0.90169,1,0.92978,0.85393,0.54494,0.34831
0,0,0.04,0.68,1,1,0,0,0.071661,0.71987,1,1
0.17857,0.17857,0.28571,0.67857,0.96429,0.82143,0.11725,0.11725,0.19259,0.55529,0.97448,0.88275
0,0,0,0,0.29167,0.9375,0,0,0,0,0.31426,0.9564
0.5,0.71875,0.875,0.625,0.5,0.5,0.5653,0.75045,0.88014,0.65742,0.4347,0.4347
0.17647,0.17647,1,0.88235,0.88235,0.88235,0.15489,0.15489,1,0.91278,0.91278,0.91278
0.15,0.25,0.35,0.55,0.8,0.8,0.1344,0.216,0.3008,0.5536,0.8448,0.8272
0,0,0.090909,0.68182,0.72727,1,0,0,0.084251,0.68722,0.72577,1
0.65517,0.72414,0.7931,0.86207,0.7931,0.65517,0.62834,0.7269,0.80493,0.8614,0.82649,0.65092
0,0.02381,0.35714,0.61905,0.90476,0.92857,0,0.016552,0.37448,0.62138,0.92552,0.94414
0.68421,0.84211,0.94737,0.57895,0.52632,0.47368,0.60643,0.88487,0.96118,0.64123,0.60509,0.56627
0.068966,0.13793,0.13793,0.2069,0.27586,0.65517,0.070084,0.15063,0.15063,0.21444,0.26778,0.63494
0,0,0.069767,0.5814,0.95349,1,0,0,0.058246,0.54035,0.9586,1
0.17241,0.2069,0.62069,1,1,1,0.16316,0.20721,0.66466,1,1,1
0,0,0,0.97619,1,1,0,0,0,0.98146,1,1
0,0,0,1,1,1,0,0,0,1,1,1
0,0,1,1,1,1,0,0,1,1,1,1
0.5,0.54545,1,0.81818,0.68182,0.68182,0.46973,0.54722,1,0.84262,0.68523,0.68523
0.72222,0.77778,0.88889,0.66667,0.27778,0.27778,0.70256,0.74188,0.91795,0.67692,0.29744,0.29744
0,0.020833,0.020833,0.10417,1,1,0,0.012189,0.012189,0.13359,1,1
0.19444,0.19444,0.22222,0.19444,0.30556,0.83333,0.34371,0.34371,0.37665,0.35389,0.38922,0.81617
0.66667,0.66667,0.66667,1,1,0.66667,0.84768,0.84768,0.84768,1,1,0.80132
0.051282,0.076923,0.12821,0.89744,0.92308,0.92308,0.056701,0.094993,0.13918,0.86745,0.91384,0.91384
0,0,0,0.69048,0.7619,0.95238,0,0,0,0.6908,0.75399,0.97239
0.12121,0.12121,0.18182,0.21212,0.33333,0.9697,0.20288,0.20288,0.2446,0.26187,0.3223,0.98417
0.16,0.44,0.76,0.98,1,1,0.18369,0.52921,0.79277,0.98949,1,1
0.095238,0.14286,0.47619,0.95238,0.95238,0.95238,0.075991,0.12885,0.47247,0.96145,0.96145,0.96145
0.11538,0.26923,0.69231,0.88462,0.92308,0.92308,0.092793,0.24054,0.66757,0.89189,0.92162,0.94234
0,0,0.016393,0.85246,0.95082,1,0,0,0.011877,0.86437,0.94981,1
0.31579,0.57895,0.92105,0.81579,0.81579,0.76316,0.29458,0.58692,0.91392,0.80883,0.80883,0.77921
0.30769,0.41026,0.82051,0.97436,0.97436,0.97436,0.28907,0.40871,0.80775,0.97718,0.97718,0.97718
0.18182,0.68182,0.86364,0.86364,0.90909,0.95455,0.20613,0.69359,0.89694,0.89694,0.91086,0.94429
0,0,0,0,0,0,0,0,0,0,0,0
0,0.42308,1,1,1,1,0,0.36026,1,1,1,1
0,0,0.027027,0.59459,0.94595,1,0,0,0.018611,0.61203,0.93414,1
0,0,0.6,0.92,1,1,0,0,0.67653,0.94592,1,1
0,0,0,0,0,0,0,0,0,0,0,0
0.16667,0.2,0.53333,0.9,0.96667,0.93333,0.15096,0.16931,0.4804,0.8824,0.9633,0.93912
0.625,0.625,0.75,0.75,0.25,0.375,0.73986,0.73986,0.82095,0.82095,0.1723,0.25338
0.8125,0.8125,0.8125,0.8125,0.75,0.6875,0.83841,0.83841,0.83841,0.82317,0.78506,0.74848
0.16667,0.16667,0.16667,0.5,0.83333,1,0.16803,0.16803,0.16803,0.61066,0.88115,1
0.35714,0.35714,0.85714,0.95238,0.92857,0.90476,0.44394,0.44394,0.91184,0.94665,0.90552,0.87568
0.093023,0.11628,0.11628,0.13953,0.5814,0.83721,0.11022,0.12558,0.12558,0.14696,0.59319,0.87976
0.19231,0.92308,1,0.92308,0.92308,0.88462,0.22939,0.94367,1,0.85714,0.85714,0.80898
0.27778,0.38889,0.66667,1,1,1,0.3972,0.48131,0.71184,1,1,1
0.03125,0.03125,0.09375,0.6875,0.8125,0.96875,0.012888,0.012888,0.073228,0.71529,0.89279,0.98711
0,0,0.5,1,1,1,0,0,0.47706,1,1,1
0,0.2093,0.86047,1,1,1,0,0.26347,0.86663,1,1,1
0.054054,0.27027,0.54054,0.94595,0.94595,0.94595,0.070886,0.25696,0.51456,0.94557,0.92911,0.92911
0.70968,0.90323,0.93548,0.74194,0.29032,0.32258,0.68281,0.91368,0.95368,0.7607,0.32772,0.35439
0,0,0,0,0,0,0,0,0,0,0,0
0.30769,0.42308,0.5,0.88462,0.80769,0.76923,0.34177,0.44726,0.50422,0.85127,0.8038,0.72785
0.46154,0.57692,0.73077,0.80769,0.61538,0.73077,0.41588,0.55486,0.69697,0.80042,0.60502,0.7419
0.5,0.5,1,1,0.5,0.5,0.41071,0.41071,1,1,0.58929,0.58929
0,0,0,0,0,0,0,0,0,0,0,0
0.26087,0.26087,0.26087,0.78261,1,1,0.29617,0.29617,0.29617,0.81532,1,1
0,0.028571,0.028571,0.34286,0.8,0.91429,0,0.019128,0.019128,0.38944,0.83397,0.92655
0.18421,0.39474,0.5,0.76316,0.78947,0.81579,0.17244,0.40211,0.54066,0.75527,0.7741,0.79292
0.4,0.4,0.4,1,1,0.8,0.32298,0.32298,0.32298,1,1,0.83851
0.68,0.84,1,0.92,0.36,0.32,0.64932,0.81289,1,0.93804,0.38166,0.35068
0.096774,0.19355,0.22581,0.35484,0.80645,0.90323,0.084337,0.18214,0.21191,0.35507,0.84196,0.91991
0.69231,0.76923,0.84615,0.69231,0.38462,0.38462,0.77056,0.82468,0.88312,0.65584,0.30087,0.30087
0.1875,0.375,0.5625,0.875,0.9375,0.9375,0.14258,0.35547,0.48828,0.83203,0.88672,0.95313
0,0.052632,0.052632,0.39474,0.94737,0.97368,0,0.044053,0.044053,0.32746,0.96109,0.98311
0.028571,0.028571,0.085714,0.91429,1,1,0.01585,0.01585,0.065562,0.92075,1,1
0.5,0.66667,1,1,1,0.83333,0.43077,0.55,1,1,1,0.84615
0.5,1,1,1,0.5,0.5,0.56452,1,1,1,0.43548,0.43548
1,1,1,0,0,0,1,1,1,0,0,0
0,0,0.18519,0.85185,1,1,0,0,0.15197,0.87007,1,1
0.33333,0.33333,0.66667,0.88889,0.88889,0.88889,0.34424,0.34424,0.68172,0.92438,0.84876,0.84876
0,0,0.42857,0.46429,0.64286,1,0,0,0.44,0.46,0.63636,1
0.73077,0.80769,1,0.88462,0.76923,0.76923,0.74956,0.79262,1,0.89631,0.76098,0.76098
0.57143,0.57143,0.71429,0.85714,0.71429,0.71429,0.59667,0.59667,0.74667,0.86,0.59333,0.59333
0.15,0.4,0.5,0.65,0.6,0.6,0.104,0.408,0.48,0.62267,0.59067,0.59067
0.8,0.8,0.8,1,1,1,0.675,0.675,0.675,1,1,1
0,0,0,0,0.28205,0.89744,0,0,0,0,0.29832,0.92507
0,0,0.15385,0.61538,1,1,0,0,0.2571,0.65909,1,1
0,0,0.045455,0.84091,0.95455,1,0,0,0.057111,0.85173,0.93465,1
0,0,0,0.25806,0.83871,0.96774,0,0,0,0.24636,0.81364,0.94727
0.047619,0.047619,0.095238,0.38095,0.66667,1,0.065982,0.065982,0.1129,0.34457,0.6173,1
0.85714,1,1,0.71429,0.71429,0.71429,0.92197,1,1,0.69942,0.69942,0.69942
0.40476,0.52381,0.7619,0.83333,0.85714,0.83333,0.35991,0.48922,0.70582,0.83297,0.88416,0.86315
0,0.2,0.8,1,1,1,0,0.14539,0.83685,1,1,1
0.13043,0.13043,0.3913,0.95652,1,1,0.23724,0.23724,0.51607,0.9707,1,1
0.57143,0.57143,0.78571,0.92857,0.5,0.42857,0.4886,0.4886,0.72792,0.95726,0.64103,0.5114
0,0,0,0.31579,1,1,0,0,0,0.31472,1,1
0.038462,0.038462,0.30769,0.96154,0.96154,0.96154,0.021352,0.021352,0.31673,0.97865,0.97865,0.97865
0.033333,0.066667,0.5,0.96667,0.96667,0.96667,0.025225,0.063063,0.48288,0.97838,0.97477,0.97477
0.1,0.15,0.275,0.9,0.95,0.95,0.09348,0.19677,0.31448,0.91344,0.95499,0.95499
0.093023,0.46512,0.5814,1,1,1,0.09433,0.55149,0.63743,1,1,1
0.4,0.6,0.8,1,0.8,0.8,0.42231,0.71315,0.91235,1,0.81275,0.81275
0,0.022222,0.17778,0.86667,0.97778,1,0,0.018377,0.11057,0.88025,0.98315,1
0.037037,0.074074,0.25926,0.59259,0.81481,0.85185,0.066309,0.083724,0.30743,0.53182,0.76624,0.78768
0.6,0.6,0.8,0.6,0.4,0.4,0.27365,0.27365,0.76014,0.80405,0.72635,0.72635
0.047619,0.047619,0.95238,1,1,0.95238,0.022121,0.022121,0.98093,1,1,0.97788
0,0.027778,0.25,0.75,0.91667,1,0,0.04014,0.28578,0.82417,0.9507,1
0,0,0.13333,0.66667,1,1,0,0,0.16158,0.75574,1,1
0,0,0.17857,0.64286,0.96429,1,0,0,0.1539,0.57728,0.97446,1
0,0.35484,0.35484,0.41935,0.6129,0.90323,0,0.35164,0.35164,0.37803,0.59818,0.94637
0,0.025,0.025,0.475,0.85,0.95,0,0.023695,0.023695,0.4253,0.81245,0.90884
0,0,0.068966,0.75862,1,1,0,0,0.076197,0.77504,1,1
0,0,0,0.033333,0.7,0.93333,0,0,0,0.019501,0.67395,0.91498
0.030303,0.060606,0.66667,0.9697,1,1,0.02994,0.08982,0.75021,0.99059,1,1
0.29167,0.29167,0.25,0.25,0.125,0.29167,0.19645,0.19645,0.16218,0.12913,0.081395,0.46328
0,0.064516,0.3871,0.83871,0.96774,1,0,0.037463,0.37762,0.84416,0.97852,1
0,0,0.32432,0.78378,1,1,0,0,0.24165,0.70905,1,1
0,0,0,0.66667,1,1,0,0,0,0.47649,1,1
0.04878,0.097561,0.14634,0.80488,0.97561,1,0.058726,0.087259,0.14433,0.86264,0.98905,1
0,0,0.36364,1,1,1,0,0,0.21656,1,1,1
0,0,0,0.36,0.76,0.96,0,0,0,0.47831,0.83007,0.94118
0,0,0.037037,0.7037,1,1,0,0,0.040598,0.63942,1,1
0,0.030303,0.15152,0.45455,0.93939,1,0,0.11737,0.2768,0.51696,0.93216,1
0,0.025,0.3,0.95,1,1,0,0.010642,0.25024,0.9068,1,1
0,0,0,0.4,0.86667,0.96667,0,0,0,0.42078,0.86608,0.98427
0,0,0,0.095238,0.66667,1,0,0,0,0.16126,0.80084,1
0,0,0,0.33333,0.8,1,0,0,0,0.31039,0.67452,1
0,0,0,0,0,0,0,0,0,0,0,0
0,0.16667,0.16667,0.16667,0.16667,0.16667,0,0.10497,0.10497,0.10497,0.10497,0.10497
0.15385,0.15385,0.69231,0.84615,1,1,0.14303,0.14303,0.7938,0.87723,1,1
0,0,0.22222,0.88889,1,1,0,0,0.17873,0.90081,1,1
0.08,0.12,0.12,0.12,0.36,0.6,0.068843,0.12704,0.12704,0.12704,0.3939,0.66714
0,0,0.25926,0.62963,0.88889,0.96296,0,0,0.28782,0.55904,0.91636,0.95818
0,0,0.03125,0.09375,0.40625,0.90625,0,0,0.014391,0.055351,0.33875,0.93911
0,0,0,0.31818,0.86364,0.90909,0,0,0,0.34568,0.81807,0.85669
0.15385,0.15385,0.34615,1,1,0.96154,0.20407,0.20407,0.34646,1,1,0.97375
0,0.033333,0.13333,0.3,0.73333,0.96667,0,0.085211,0.23604,0.4334,0.81391,0.95642
0,0.064516,0.29032,0.48387,0.77419,0.96774,0,0.028722,0.28136,0.68464,0.84877,0.97362
0,0.041667,0.20833,0.91667,0.97917,1,0,0.028571,0.20476,0.93853,0.98788,1
0.046512,0.11628,0.11628,0.18605,0.23256,0.55814,0.027767,0.074044,0.074044,0.13682,0.19598,0.52596
0,0,0,0,0.5,0.72222,0,0,0,0,0.54732,0.7224
0,0.068966,0.34483,1,1,1,0,0.064254,0.49225,1,1,1
0,0,0,0,0,0,0,0,0,0,0,0
0.055556,0.055556,0.22222,0.38889,0.44444,0.55556,0.050896,0.050896,0.1362,0.26523,0.29462,0.45161
0.2,0.2,0.2,0.75,0.85,0.85,0.16154,0.16154,0.16154,0.7011,0.88352,0.88352
0.076923,0.19231,0.34615,0.5,0.57692,0.61538,0.066667,0.20323,0.32258,0.44516,0.52473,0.54839
0,0.023256,0.5814,1,1,1,0,0.012097,0.5875,1,1,1
0.054054,0.24324,0.67568,0.97297,1,1,0.067278,0.23598,0.68196,0.97452,1,1
0,0.032258,0.064516,0.51613,0.67742,0.93548,0,0.068499,0.098367,0.56272,0.68977,0.92792
0,0.0625,0.0625,0.5,0.5625,0.75,0,0.056954,0.056954,0.50464,0.58675,0.83046
0.060606,0.060606,0.060606,0.45455,0.72727,0.84848,0.035419,0.035419,0.035419,0.48819,0.70366,0.86718
0,0,0.030303,0.090909,0.24242,0.33333,0,0,0.016222,0.090382,0.27346,0.40093
0,0.030303,0.18182,0.81818,0.9697,1,0,0.035412,0.25476,0.79968,0.98097,1
0,0,0.19231,0.84615,1,1,0,0,0.23303,0.87376,1,1
0.67857,0.82143,0.89286,0.96429,0.71429,0.67857,0.73816,0.89846,0.94581,0.98688,0.66458,0.61552
0,0,0,0,0,0,0,0,0,0,0,0
0.4,0.45,0.45,0.75,0.9,0.9,0.45646,0.47751,0.47751,0.72153,0.92153,0.92153
0,0.026316,0.28947,0.81579,0.97368,1,0,0.025309,0.37148,0.86192,0.99297,1
0.038462,0.038462,0.038462,0.34615,0.88462,0.96154,0.033768,0.033768,0.033768,0.27398,0.92709,0.96623
0.6,0.6,0.6,0.8,0.8,0.8,0.60146,0.60146,0.60146,0.90657,0.90657,0.90657
0,0,0.034483,0.62069,0.93103,0.96552,0,0,0.028465,0.63243,0.88614,0.95854
0.06,0.1,0.48,0.94,1,1,0.051943,0.096284,0.47297,0.95946,1,1
0,0.025,0.65,0.975,1,1,0,0.02651,0.75611,0.98763,1,1
0,0,0.033333,0.13333,0.76667,1,0,0,0.012247,0.11022,0.75506,1
0.033333,0.1,0.36667,1,1,1,0.018427,0.15415,0.40184,1,1,1
0,0,0.057692,0.53846,0.78846,0.94231,0,0,0.094555,0.51214,0.78293,0.94444
0,0.25,0.25,0.25,0.75,0.75,0,0.38947,0.38947,0.38947,0.77895,0.77895
0.15152,0.54545,0.87879,1,0.93939,0.93939,0.075259,0.51555,0.92519,1,0.97612,0.97612
0.28571,0.57143,0.57143,0.85714,0.71429,0.71429,0.053914,0.22821,0.22821,0.9675,0.94609,0.94609
0,0.095238,0.38095,0.83333,0.92857,0.97619,0,0.071121,0.30634,0.84267,0.95382,0.97999
0,0,0,0,0.25,0.39286,0,0,0,0,0.22396,0.41487
0,0,0,0.54054,0.83784,0.91892,0,0,0,0.52224,0.81913,0.96738
0,0.047619,0.71429,0.80952,0.90476,0.95238,0,0.10545,0.78647,0.84007,0.94552,0.96573
0,0,0,0.57143,1,1,0,0,0,0.71173,1,1
0.055556,0.11111,0.11111,0.22222,0.77778,0.88889,0.058011,0.10221,0.10221,0.21409,0.78729,0.8605
0.026316,0.026316,0.026316,0.026316,0.13158,0.39474,0.029251,0.029251,0.029251,0.029251,0.11899,0.44026
0,0,0.12121,0.57576,0.87879,1,0,0,0.17102,0.57655,0.90553,1
0,0,0,0.076923,0.61538,0.87179,0,0,0,0.065492,0.53839,0.91192
0,0,0.22222,0.75,0.97222,1,0,0,0.3084,0.66848,0.97552,1
0.11429,0.17143,0.37143,0.74286,0.91429,0.94286,0.12819,0.17558,0.39733,0.76428,0.92041,0.95018
0.23529,0.29412,0.32353,0.38235,0.85294,0.91176,0.22662,0.304,0.31548,0.34906,0.81037,0.89371
0,0,0.25,0.58333,0.875,1,0,0,0.27106,0.54579,0.82875,1
0,0,0,0.3,0.8,0.88,0,0,0,0.37684,0.86977,0.92693
0.13333,0.2,0.66667,0.8,0.86667,0.86667,0.32254,0.36879,0.82543,0.64277,0.67746,0.67746
0,0,0,0.66667,1,1,0,0,0,0.74949,1,1
0,0,0,0.45455,0.90909,0.95455,0,0,0,0.471,0.92962,0.95746
0,0,0.052632,0.078947,0.28947,0.5,0,0,0.062722,0.084964,0.2976,0.50578
0,0.02439,0.36585,0.95122,1,1,0,0.010749,0.30467,0.91132,1,1
0,0.097561,0.46341,0.90244,1,1,0,0.10773,0.50938,0.93318,1,1
0.33333,0.33333,0.33333,0.66667,1,1,0.2973,0.2973,0.2973,0.62162,1,1
0,0,0,0.625,0.9375,0.9375,0,0,0,0.65915,0.94793,0.94793
0.086957,0.086957,0.30435,0.95652,1,1,0.048513,0.048513,0.33255,0.97496,1,1
0,0,0.035714,0.64286,1,1,0,0,0.09881,0.46369,1,1
0,0,0.125,0.65625,0.90625,0.9375,0,0,0.077503,0.7683,0.95506,0.97363
0,0,0,0.5625,0.875,0.9375,0,0,0,0.59648,0.88114,0.94057
1,1,1,1,1,1,1,1,1,1,1,1
0,0.029412,0.088235,0.14706,0.47059,0.70588,0,0.013636,0.039161,0.081469,0.51503,0.82238
0,0,0.12121,0.48485,0.9697,1,0,0,0.11924,0.55989,0.98374,1
0,0,0.10811,0.75676,0.94595,1,0,0,0.076438,0.77992,0.97606,1
0,0,0,0.78049,0.95122,1,0,0,0,0.76297,0.89013,1
0,0,0.08,0.36,0.76,0.84,0,0,0.033125,0.52,0.84906,0.90344
0,0,0,0.44118,0.85294,1,0,0,0,0.36952,0.78862,1
0.076923,0.26923,0.73077,0.96154,0.96154,0.96154,0.028783,0.23454,0.75613,0.96811,0.98133,0.98133
0.02381,0.11905,0.30952,0.54762,0.88095,0.92857,0.024786,0.14013,0.33699,0.56196,0.88942,0.91754
0,0,0,0.21212,0.63636,0.81818,0,0,0,0.31325,0.71371,0.87378
0,0,0,0.26316,0.89474,1,0,0,0,0.37069,0.95636,1
0.029412,0.058824,0.058824,0.14706,0.23529,0.52941,0.02356,0.061518,0.061518,0.14398,0.23037,0.46161
0,0,0.56,0.72,0.84,1,0,0,0.47,0.655,0.7525,1
0,0,0,0.8,1,1,0,0,0,0.81507,1,1
0.19231,0.19231,0.34615,0.96154,0.92308,0.92308,0.22378,0.22378,0.44939,0.98415,0.87256,0.87256
0.75,0.75,0.75,0.5,0.5,0.5,0.85448,0.85448,0.85448,0.56716,0.56716,0.56716
0,0.071429,0.5,1,1,1,0,0.025559,0.46006,1,1,1
0,0,0,0.095238,0.7619,0.95238,0,0,0,0.081395,0.67263,0.93292
0.069767,0.093023,0.093023,0.5814,0.81395,0.93023,0.05694,0.068163,0.068163,0.59759,0.84615,0.94306
0.17647,0.17647,0.23529,0.23529,0.35294,0.76471,0.12662,0.12662,0.16234,0.16234,0.25649,0.82305
0,0,0,0.88889,1,1,0,0,0,0.82701,1,1
0,0,0,0.7931,0.96552,1,0,0,0,0.6677,0.9837,1
0,0,0,0.13636,0.86364,1,0,0,0,0.125,0.9222,1
0,0,0,0.79167,1,1,0,0,0,0.82285,1,1
0,0.03125,0.25,0.8125,1,1,0,0.057881,0.28269,0.76021,1,1
0,0.041667,0.041667,0.041667,0.29167,0.5,0,0.016999,0.016999,0.016999,0.26681,0.49002
0.05,0.05,0.05,0.15,0.4,0.7,0.036145,0.036145,0.036145,0.15772,0.44688,0.75575
0,0,0.045455,0.68182,0.90909,1,0,0,0.030303,0.66667,0.88745,1
0.083333,0.083333,0.25,0.75,0.95833,1,0.045898,0.045898,0.16797,0.66797,0.96973,1
0,0.05,0.5,0.95,1,1,0,0.0093857,0.52432,0.94795,1,1
0,0,0.05,0.25,0.9,0.975,0,0,0.053176,0.22871,0.87765,0.98918
0,0,0,0.5,1,1,0,0,0,0.5985,1,1
0,0,0.33333,0.9697,1,1,0,0,0.3564,0.95804,1,1
0,0,0.44,0.84,0.96,1,0,0,0.33398,0.87445,0.97722,1
0,0,0.052632,0.68421,0.84211,1,0,0,0.03806,0.64925,0.88433,1
0.8,0.8,1,0.8,0.8,0.8,0.88649,0.88649,1,0.79189,0.79189,0.79189
0,0.12,0.2,0.32,0.72,1,0,0.22966,0.26313,0.40565,0.7311,1
0,0.029412,0.17647,0.79412,1,1,0,0.030113,0.15652,0.82561,1,1
0.16667,0.2619,0.30952,0.35714,0.95238,1,0.21344,0.33195,0.3666,0.40748,0.96396,1
0,0,0.043478,0.43478,0.91304,1,0,0,0.046308,0.50146,0.96704,1
0.069767,0.23256,0.5814,0.90698,1,1,0.058016,0.2129,0.63274,0.92981,1,1
0.125,0.25,0.3125,0.75,0.9375,1,0.16203,0.27833,0.32704,0.85089,0.97217,1
0,0.13514,0.16216,0.21622,0.32432,0.48649,0,0.14484,0.17353,0.2013,0.32254,0.49977
0.13158,0.23684,0.52632,0.71053,0.73684,0.76316,0.072555,0.17575,0.3817,0.62055,0.65119,0.66156
0.15385,0.30769,0.53846,0.69231,0.76923,0.88462,0.0825,0.25,0.51562,0.65125,0.88875,0.94
0.22222,0.22222,0.22222,0.33333,0.22222,0.77778,0.27315,0.27315,0.27315,0.38657,0.23148,0.74306
0,0.083333,0.083333,0.70833,0.95833,1,0,0.078285,0.078285,0.72973,0.97111,1
0,0,0,0.064516,0.51613,0.87097,0,0,0,0.086538,0.60238,0.90781
0.25,0.5,0.75,1,1,1,0.056122,0.34913,0.93732,1,1,1
0,0.035714,0.035714,0.035714,0.46429,0.96429,0,0.018195,0.018195,0.018195,0.52904,0.97271
0,0.060606,0.12121,0.81818,0.9697,1,0,0.025048,0.080925,0.71435,0.97495,1
0,0,0.21053,0.63158,0.89474,1,0,0,0.30221,0.79613,0.96298,1
0.28571,0.28571,0.35714,0.64286,0.85714,0.85714,0.20954,0.20954,0.24566,0.69942,0.86127,0.86127
0,0,0.043478,0.30435,0.52174,0.91304,0,0,0.027962,0.35982,0.58205,0.92642
0,0,0,0.66667,0.91667,1,0,0,0,0.69645,0.93057,1
0,0.025641,0.025641,0.48718,0.97436,1,0,0.017765,0.017765,0.47002,0.97335,1
0.22727,0.22727,0.22727,0,0,0.40909,0.51573,0.51573,0.51573,0,0,0.26439
0,0.33333,0.33333,0.33333,0.66667,0.66667,0,0.23711,0.23711,0.23711,0.75258,0.75258
0,0.028571,0.028571,0.97143,1,1,0,0.018007,0.018007,0.96399,1,1
0,0.078947,0.15789,0.71053,1,1,0,0.03387,0.1588,0.75652,1,1
0,0,0.36,0.76,0.92,1,0,0,0.44592,0.75202,0.91317,1
0,0,0.083333,0.45833,0.83333,1,0,0,0.10807,0.42122,0.80469,1
0,0,0,0.69388,1,1,0,0,0,0.75956,1,1
0,0,0,0,0.68571,0.8,0,0,0,0,0.68626,0.79242
0,0.052632,0.68421,0.84211,0.94737,1,0,0.10916,0.76688,0.85939,0.96855,1
1,1,1,0,0,0,1,1,1,0,0,0
0.037037,0.11111,0.2963,0.40741,0.59259,0.92593,0.029263,0.089808,0.2886,0.37437,0.60444,0.94753
0,0,0.074074,0.7037,0.88889,1,0,0,0.098405,0.76824,0.93688,1
0,0,0.041667,0.4375,0.875,0.97917,0,0,0.038105,0.47316,0.84924,0.9884
0,0,0,0.078947,0.73684,0.86842,0,0,0,0.041732,0.78937,0.89173
0,0,0,0,0,0,0,0,0,0,0,0
0,0,0,0.32353,0.64706,0.88235,0,0,0,0.31574,0.61894,0.85035
0,0,0.029412,0.35294,0.88235,1,0,0,0.048187,0.32217,0.90684,1
0,0,0.20588,0.85294,0.94118,0.97059,0,0,0.18624,0.85334,0.96236,0.97729
0,0,0,0.25,0.6875,0.875,0,0,0,0.33542,0.72414,0.87774
0,0,0,0.625,0.875,1,0,0,0,0.74461,0.91263,1
0,0,0.033333,0.3,0.9,0.96667,0,0,0.016949,0.31356,0.91102,0.96469
0,0,0,0.57143,0.75,0.96429,0,0,0,0.56443,0.73987,0.97096
0,0.032258,0.16129,0.58065,0.90323,1,0,0.041738,0.10349,0.64353,0.88884,1
0.038462,0.076923,0.26923,0.5,0.61538,0.65385,0.027478,0.052802,0.35776,0.46767,0.5431,0.76347
0.56667,0.56667,0.66667,0.8,0.76667,0.53333,0.45956,0.45956,0.53515,0.83144,0.79365,0.60166
0,0,0,0,0.19048,0.47619,0,0,0,0,0.22172,0.56018
1,1,1,1,0.5,0.5,1,1,1,1,0.78846,0.78846
0,0,0.037037,0.48148,0.85185,0.88889,0,0,0.013571,0.45821,0.86893,0.89607
0.047619,0.047619,0.047619,0.85714,0.95238,0.95238,0.053061,0.053061,0.053061,0.77245,0.94184,0.94184
0.081081,0.081081,0.16216,0.2973,0.75676,0.83784,0.051417,0.051417,0.19545,0.2617,0.71358,0.8563
0,0,0.074074,0.37037,0.7037,0.85185,0,0,0.081955,0.39248,0.68947,0.84962
0,0,0.052632,0.86842,0.92105,1,0,0,0.04372,0.90215,0.9424,1
0,0.066667,0.2,0.88889,1,1,0,0.061828,0.26263,0.84274,1,1
0,0,0,0,0,0.4375,0,0,0,0,0,0.38071
0.052632,0.052632,0.36842,1,1,0.94737,0.010771,0.010771,0.45236,1,1,0.98923
0,0,0.1,0.66667,0.96667,1,0,0,0.11071,0.74286,0.98107,1
0.10345,0.17241,0.62069,0.96552,0.93103,0.93103,0.13363,0.17965,0.65886,0.98103,0.88656,0.88656
0,0,0.30435,0.73913,0.78261,0.91304,0,0,0.3796,0.77337,0.79037,0.8711
0,0,0.051282,0.28205,0.76923,0.92308,0,0,0.033977,0.28183,0.81366,0.90987
0,0.026316,0.052632,0.10526,0.15789,0.18421,0,0.013837,0.027142,0.079297,0.1091,0.12187
0,0,0,0.51724,0.96552,1,0,0,0,0.5516,0.97311,1
0.13043,0.17391,0.21739,0.30435,0.52174,0.86957,0.060891,0.074702,0.099812,0.14752,0.70559,0.95229
0,0.31579,0.84211,0.89474,1,1,0,0.32711,0.74694,0.95414,1,1
0,0,0.13043,0.78261,1,1,0,0,0.18419,0.81515,1,1
0,0,0.13636,0.81818,1,1,0,0,0.18626,0.84329,1,1
0,0,0,0.16667,0.7619,0.92857,0,0,0,0.20522,0.75189,0.91421
0,0,0,0,0,0,0,0,0,0,0,0
0,0,0.02381,0.2381,0.7381,0.92857,0,0,0.0094499,0.25785,0.80999,0.9622
0,0,0,0,0,0,0,0,0,0,0,0
0,0,0,0.22222,0.48889,0.93333,0,0,0,0.25591,0.49101,0.95553
0.052632,0.052632,0.052632,0.36842,0.78947,0.94737,0.034163,0.034163,0.034163,0.4529,0.82138,0.97218
0,0,0,0.47619,0.85714,1,0,0,0,0.27339,0.93275,1
0,0,0.085714,0.82857,1,1,0,0,0.061849,0.83282,1,1
0,0,0.28571,0.85714,1,1,0,0,0.17934,0.81806,1,1
0,0,0,1,1,1,0,0,0,1,1,1
0.2,0.26667,0.4,0.8,0.8,0.8,0.18653,0.2064,0.31457,0.81347,0.81347,0.81347
0.64286,0.71429,1,0.78571,0.64286,0.64286,0.44803,0.5106,1,0.86176,0.77094,0.77094
0.22222,0.22222,0.22222,1,1,0.88889,0.37844,0.37844,0.37844,1,1,0.66347
0.02381,0.35714,0.78571,1,1,1,0.012327,0.41333,0.8282,1,1,1
0,0,0,0.46154,0.89744,0.97436,0,0,0,0.53629,0.89996,0.96783
0,0.1,0.1,0.1,0.1,0.1,0,0.075529,0.075529,0.075529,0.075529,0.075529
0,0,0,0,0,0,0,0,0,0,0,0
0,0,0,0.4,0.6,1,0,0,0,0.26427,0.45349,1
0,0,0.022222,0.37778,0.88889,0.97778,0,0,0.01095,0.43765,0.85765,0.97598
0.090909,0.13636,0.27273,0.40909,0.5,0.5,0.058889,0.11889,0.19444,0.3,0.52778,0.52778
0,0,0,0,0.15,0.9,0,0,0,0,0.087352,0.88899
0,0,0.16667,0.66667,0.91667,1,0,0,0.040497,0.59595,0.97837,1
0,0.047619,0.28571,0.85714,1,1,0,0.024551,0.27195,0.80359,1,1
0,0,0,0.032258,0.29032,0.77419,0,0,0,0.011646,0.21599,0.83748
0,0,0,0.55556,0.77778,1,0,0,0,0.64531,0.92105,1
0,0,0,0.052632,0.68421,0.94737,0,0,0,0.035765,0.67096,0.95422
0.2,0.8,1,1,1,1,0.23299,0.80412,1,1,1,1
0,0,0.14286,0.78571,1,1,0,0,0.1548,0.67521,1,1
0,0.058824,0.35294,0.41176,0.94118,1,0,0.21733,0.51119,0.59567,0.98339,1
0.27273,0.27273,0.63636,0.81818,0.81818,0.81818,0.13608,0.13608,0.72627,0.89873,0.89873,0.89873
0,0,0,0.28205,0.5641,0.74359,0,0,0,0.24179,0.55981,0.75611
0,0,0.034483,0.41379,0.62069,0.96552,0,0,0.035606,0.44545,0.62652,0.97955
0,0,0.30556,0.94444,1,1,0,0,0.2288,0.88396,1,1
0,0,0.25714,0.94286,1,1,0,0,0.31225,0.91767,1,1
0.25,0.25,0.25,0.5,0.75,0.75,0.17333,0.17333,0.17333,0.38,0.82667,0.82667
0,0.088889,0.55556,0.84444,1,1,0,0.13587,0.65248,0.89175,1,1
0,0.11628,0.39535,1,1,1,0,0.081703,0.37818,1,1,1
0.027778,0.055556,0.083333,0.47222,0.83333,1,0.012239,0.051504,0.09026,0.51861,0.84396,1
0.052632,0.10526,0.10526,0.15789,0.26316,0.63158,0.032596,0.096624,0.096624,0.15017,0.32945,0.65541
0,0,0.33333,0.33333,0.33333,1,0,0,0.2169,0.2169,0.2169,1
0,0,0,0.2963,0.92593,1,0,0,0,0.28209,0.92999,1
0,0.02381,0.19048,0.80952,0.92857,1,0,0.018182,0.14286,0.66234,0.85603,1
0.15385,0.30769,0.73077,0.88462,0.96154,1,0.13468,0.29545,0.74663,0.92256,0.97306,1
0,0,0,0.25,0.625,0.83333,0,0,0,0.26813,0.61628,0.84473
0.11111,0.30556,0.72222,1,1,1,0.081899,0.27715,0.7632,1,1,1
0,0,0,0.24138,0.7931,0.93103,0,0,0,0.17023,0.78538,0.95509
0,0,0,0.15,0.5,0.8,0,0,0,0.098492,0.54836,0.79148
0.18182,0.63636,0.90909,1,1,1,0.25987,0.51316,0.86623,1,1,1
0,0.14286,0.39286,1,1,1,0,0.1771,0.49059,1,1,1
0.095238,0.16667,0.42857,0.97619,0.95238,0.92857,0.13342,0.19232,0.46899,0.9817,0.89647,0.88487
0,0,0.17647,0.88235,0.94118,1,0,0,0.21402,0.94766,0.97383,1
0,0,0,0.18182,0.86364,0.95455,0,0,0,0.11206,0.69397,0.83421
0.4,0.4,0.4,0.4,0.4,0.8,0.25806,0.25806,0.25806,0.25806,0.25806,0.90726
0,0,0,0.46939,0.91837,1,0,0,0,0.39234,0.88443,1
0.0625,0.16667,0.33333,0.6875,0.6875,0.79167,0.045894,0.1401,0.33152,0.67331,0.67331,0.80676
0,0,0,0.6,1,1,0,0,0,0.43102,1,1
0.12766,0.23404,0.55319,0.91489,1,0.97872,0.13967,0.2223,0.56636,0.92102,1,0.9872
0.071429,0.14286,0.28571,0.28571,0.5,0.5,0.070681,0.13351,0.27487,0.27487,0.48168,0.48168
0.11765,0.17647,0.23529,0.23529,0.41176,0.58824,0.12323,0.2202,0.28687,0.28687,0.43636,0.59394
0.1,0.1,0.2,0.2,0.2,0.3,0.088825,0.088825,0.16046,0.16046,0.16046,0.22923
0,0,0,0,0.63636,0.93182,0,0,0,0,0.55811,0.9589
0,0,0,0.26667,0.57778,0.71111,0,0,0,0.32062,0.71629,0.86089
0,0,0.045455,0.61364,0.63636,0.63636,0,0,0.06016,0.63904,0.655,0.655
0,0.039216,0.078431,0.15686,0.15686,0.15686,0,0.02594,0.056644,0.13287,0.13287,0.13287
0,0,0,0,0,0,0,0,0,0,0,0
0,0,0,0,0,0.34783,0,0,0,0,0,0.37058
0.16667,0.22222,0.27778,0.33333,0.80556,0.91667,0.17755,0.23485,0.27243,0.31564,0.82668,0.938
0,0,0,0.28571,0.62857,0.88571,0,0,0,0.32248,0.63669,0.83204
0,0,0.11905,0.5,1,1,0,0,0.092531,0.46464,1,1
0.05,0.125,0.125,0.875,0.95,0.95,0.049844,0.093458,0.093458,0.91083,0.95016,0.95016
0,0,0.40541,0.86486,1,1,0,0,0.37517,0.88688,1,1
0,0,0,0.027778,0.97222,1,0,0,0,0.044294,0.97673,1
0,0,0,0,0,0,0,0,0,0,0,0
0,0,0.037037,0.37037,0.66667,0.88889,0,0,0.088704,0.37561,0.65696,0.91615
0.05,0.2,0.2,0.35,0.65,1,0.020395,0.10516,0.10516,0.297,0.54748,1
0,0,0.21951,0.97561,1,1,0,0,0.27954,0.97905,1,1
0,0.10811,0.37838,0.94595,1,1,0,0.1507,0.45874,0.94266,1,1
0,0,0,0.47059,0.94118,1,0,0,0,0.61409,0.95677,1
0,0,0.21429,0.78571,1,1,0,0,0.18173,0.79404,1,1
0,0,1,1,1,1,0,0,1,1,1,1
0,0,0,0,0,0,0,0,0,0,0,0
0,0,0,0,0,0.33333,0,0,0,0,0,0.26709
0,0,0,0,0,0,0,0,0,0,0,0
0,0,0,0,0,0,0,0,0,0,0,0
0,0,0,0.34211,0.68421,1,0,0,0,0.45918,0.70552,1
0,0.030303,0.21212,0.9697,1,1,0,0.080692,0.22355,0.98559,1,1
0,0,0,0,0,0.85185,0,0,0,0,0,0.88491
1,1,1,1,0,0,1,1,1,1,0,0
0.1,0.13333,0.33333,0.63333,0.9,1,0.24869,0.26205,0.46396,0.68115,0.92506,1
0,0,0,0.15,0.9,1,0,0,0,0.14072,0.84731,1
0.029412,0.088235,0.23529,0.58824,0.85294,1,0.015633,0.1062,0.24097,0.53747,0.85337,1
0,0,0,0,1,1,0,0,0,0,1,1
0,0.16667,0.66667,0.96667,1,1,0,0.15606,0.74403,0.96463,1,1
0,0,0,0.21053,0.78947,0.89474,0,0,0,0.2631,0.80781,0.92395
0.5,0.5,0.78571,1,0.85714,0.85714,0.18712,0.18712,0.52797,1,0.91725,0.91725
0,0,0.42857,1,1,1,0,0,0.46605,1,1,1
0.1,0.1,0.2,0.6,0.7,0.7,0.11004,0.11004,0.19691,0.70077,0.74903,0.74903
0,0,0.085714,0.65714,1,1,0,0,0.085147,0.67014,1,1
0,0,0,0.16667,0.63333,0.83333,0,0,0,0.14134,0.62585,0.83349
0,0.090909,0.090909,0.68182,0.95455,1,0,0.029581,0.029581,0.52892,0.92627,1
0.029412,0.088235,0.088235,0.20588,0.55882,0.76471,0.022924,0.062716,0.062716,0.16393,0.62327,0.76557
0,0.2439,0.78049,0.97561,1,1,0,0.22807,0.76125,0.97483,1,1
0,0.052632,0.15789,0.94737,1,1,0,0.01944,0.17263,0.97667,1,1
0,0.068966,0.68966,1,1,1,0,0.061679,0.65905,1,1,1
0,0,0.10526,0.76316,0.92105,1,0,0,0.082348,0.73461,0.9364,1
0,0,0.10714,0.67857,0.89286,1,0,0,0.16788,0.72719,0.86861,1
0,0,0,0.66667,1,1,0,0,0,0.60377,1,1
0,0,0,0.32143,0.64286,0.75,0,0,0,0.25336,0.69427,0.77141
0,0,0.19608,0.80392,0.92157,1,0,0,0.18318,0.7985,0.93612,1
0,0.11111,0.16667,0.33333,0.83333,0.88889,0,0.083333,0.13263,0.31455,0.82042,0.90728
1,1,1,1,1,0,1,1,1,1,1,0
0,0,0,0.035714,0.28571,0.71429,0,0,0,0.016892,0.24944,0.817
0,0,0,1,1,1,0,0,0,1,1,1
0.41935,0.54839,0.93548,1,1,0.96774,0.43706,0.52428,0.94767,1,1,0.96605
0,0,0,0.64286,0.71429,0.75,0,0,0,0.68504,0.74776,0.79187
0.5,0.5,1,1,0.5,0.5,0.25562,0.25562,1,1,0.74438,0.74438
0,0,0,0.052632,0.45614,0.98246,0,0,0,0.052146,0.5038,0.98886
0.038462,0.076923,0.30769,0.76923,1,1,0.024331,0.065693,0.36091,0.81103,1,1
0,0,0.035714,0.85714,0.92857,1,0,0,0.058858,0.92949,0.96037,1
0,0,0.045455,0.86364,1,1,0,0,0.033559,0.91085,1,1
0,0,0.13636,0.59091,0.86364,1,0,0,0.1559,0.49562,0.80575,1
0.18182,0.21212,0.33333,0.90909,0.87879,0.87879,0.3329,0.34862,0.46134,0.95588,0.89122,0.84666
0,0,0.028571,0.37143,0.74286,0.91429,0,0,0.013819,0.34045,0.71943,0.88442
0,0,0,0.11765,0.52941,0.82353,0,0,0,0.05036,0.63702,0.90451
0,0.021277,0.021277,0.042553,0.51064,0.76596,0,0.011331,0.011331,0.034466,0.52644,0.74551
0,0,0,0.62069,0.96552,1,0,0,0,0.55927,0.97768,1
0,0.05,0.175,0.95,1,1,0,0.069061,0.17403,0.9512,1,1
0,0,0.086957,0.15217,0.43478,0.63043,0,0,0.095068,0.18099,0.47096,0.58831
0,0,0.041667,0.083333,0.70833,0.875,0,0,0.056571,0.13,0.67114,0.87257
0,0,0,0.035714,0.17857,0.5,0,0,0,0.024136,0.25375,0.55903
0,0.02,0.22,0.7,1,1,0,0.01925,0.23948,0.71387,1,1
0,0,0.030303,0.36364,0.93939,1,0,0,0.040673,0.34846,0.90301,1
0,0,0,0.2,0.74286,1,0,0,0,0.38253,0.73975,1
0,0,0,0.58696,0.93478,1,0,0,0,0.59072,0.93002,1
0,0,0,1,1,1,0,0,0,1,1,1
0,0,0,0,0,0,0,0,0,0,0,0
0,0,0,0.24242,0.48485,0.84848,0,0,0,0.15546,0.54254,0.8729
0,0,0,0.68571,0.91429,1,0,0,0,0.65095,0.91571,1
0,0.0625,0.25,0.75,1,1,0,0.1099,0.32971,0.80849,1,1
0,0,0.15152,0.81818,1,1,0,0,0.24196,0.71343,1,1
0,0,0,0,0,0,0,0,0,0,0,0
0,0,0,1,1,1,0,0,0,1,1,1
0.625,0.625,0.6875,0.5625,0.5,0.5,0.58007,0.58007,0.68137,0.60784,0.56046,0.56046
0.08,0.08,0.28,0.8,0.96,0.96,0.035198,0.035198,0.24301,0.88669,0.97975,0.97975
0,0,0,0.3125,0.6875,0.78125,0,0,0,0.31278,0.65187,0.70695
0,0.037037,0.48148,0.96296,1,1,0,0.059717,0.47957,0.99345,1,1
0.4,0.6,0.6,1,0.6,0.6,0.3,0.55,0.55,1,0.7,0.7
0,0,0.03125,0.65625,0.96875,1,0,0,0.028477,0.70464,0.97616,1
0,0,0,0.34783,0.6087,0.82609,0,0,0,0.33102,0.53817,0.7795
0,0,0,0,0,0.125,0,0,0,0,0,0.082718
0.045455,0.068182,0.18182,0.22727,0.52273,0.72727,0.036344,0.048091,0.13032,0.15712,0.5022,0.63583
1,1,1,1,1,1,1,1,1,1,1,1
0,0,0,0.78947,1,1,0,0,0,0.83744,1,1
1,1,1,0.44444,0.11111,0.11111,1,1,1,0.4734,0.32979,0.32979
0,0,0,0.5,1,1,0,0,0,0.70833,1,1
0,0,0.028571,0.4,0.85714,0.97143,0,0,0.048286,0.44717,0.85304,0.97201
0.30769,0.30769,0.46154,0.76923,0.69231,0.69231,0.09243,0.09243,0.16335,0.65339,0.90757,0.90757
0.15789,0.63158,0.94737,1,1,1,0.122,0.43538,0.90126,1,1,1
0.026316,0.078947,0.26316,0.97368,1,1,0.013032,0.033449,0.18983,0.98132,1,1
0,0.016129,0.35484,0.98387,1,1,0,0.0070423,0.31549,0.99099,1,1
0,0,0,0.72727,1,1,0,0,0,0.75188,1,1
0.29412,0.47059,0.58824,1,1,1,0.20111,0.5738,0.69649,1,1,1
1,1,1,0,0,0,1,1,1,0,0,0
0,0.034483,0.17241,1,1,1,0,0.051264,0.1444,1,1,1
0,0.066667,0.066667,0.6,1,1,0,0.27824,0.27824,0.66224,1,1
0.30769,0.38462,0.38462,0.46154,0.61538,0.69231,0.38406,0.42899,0.42899,0.47971,0.63188,0.71739
0.33333,0.5,0.83333,0.66667,0.66667,0.66667,0.16707,0.29584,0.92258,0.83293,0.83293,0.83293
0,0,0,0.52632,1,1,0,0,0,0.43769,1,1
0,0,0,0.051282,0.20513,0.41026,0,0,0,0.1061,0.24383,0.48674
0,0,0,0.4375,0.9375,1,0,0,0,0.40748,0.99703,1
0,0,0.19355,0.87097,0.96774,1,0,0,0.27186,0.94927,0.97583,1
0,0,0,0.71795,0.97436,1,0,0,0,0.75552,0.96481,1
0,0.028571,0.057143,0.42857,0.62857,0.88571,0,0.02517,0.084698,0.53935,0.68877,0.93288
0,0,0,0.74074,0.96296,1,0,0,0,0.73744,0.97064,1
0.33333,0.5,0.625,0.95833,0.75,0.75,0.31283,0.53806,0.65172,0.97602,0.77477,0.77477
0,1,1,1,1,1,0,1,1,1,1,1
0.57143,0.57143,0.57143,0.71429,0.71429,0.71429,0.20965,0.20965,0.20965,0.90799,0.90799,0.90799
0.125,0.25,0.625,0.625,0.875,0.875,0.060958,0.24964,0.69231,0.82438,0.93904,0.93904
0,0,0.04878,0.58537,0.95122,1,0,0,0.069851,0.60538,0.96588,1
0,0,1,1,1,1,0,0,1,1,1,1
1,1,1,0.5,0,0,1,1,1,0.58772,0,0
0,0,0.11765,0.88235,1,1,0,0,0.050179,0.92155,1,1
0,0.034483,0.034483,0.62069,0.93103,0.93103,0,0.013661,0.013661,0.65301,0.96393,0.96393
0.1,0.15,0.25,0.55,0.75,0.95,0.10303,0.13617,0.2572,0.52594,0.83934,0.97406
0,0,0.020408,0.32653,0.71429,1,0,0,0.011814,0.30994,0.62578,1
0,0,0.058824,0.64706,1,1,0,0,0.058096,0.6712,1,1
1,1,1,1,1,1,1,1,1,1,1,1
0,0,0.17949,0.61538,1,1,0,0,0.21582,0.71122,1,1
0.090909,0.090909,0.090909,0.54545,0.90909,0.81818,0.057692,0.057692,0.057692,0.42995,0.87363,0.81593
0,0.045455,0.25,0.81818,1,1,0,0.026601,0.20722,0.86437,1,1
0,0,0.095238,0.095238,0.19048,0.66667,0,0,0.040958,0.040958,0.11747,0.63447
0,0,0.19444,0.83333,1,1,0,0,0.40277,0.88284,1,1
0.041667,0.041667,0.041667,0.75,0.95833,0.95833,0.16715,0.16715,0.16715,0.73913,0.83285,0.83285
0,0,0,0.5,1,1,0,0,0,0.43697,1,1
0.5,0.5,1,0.5,0.5,0.5,0.66667,0.66667,1,0.33333,0.33333,0.33333
0,0,0,0.46875,0.9375,0.9375,0,0,0,0.61281,0.93594,0.93594
1,1,1,0.16667,0.16667,0.16667,1,1,1,0.42011,0.42011,0.42011
0,0,0.175,0.625,0.925,1,0,0,0.15089,0.62807,0.93903,1
0,0,0,0,0,0,0,0,0,0,0,0
0.043478,0.043478,0.21739,0.91304,0.95652,0.95652,0.092362,0.092362,0.31912,0.92126,0.90764,0.90764
0,0,0,0.46429,0.85714,1,0,0,0,0.45965,0.81805,1
0,0,0,0.2,0.9,0.975,0,0,0,0.1523,0.92476,0.98085
0,0,0.041667,0.79167,0.95833,1,0,0,0.057571,0.81635,0.96834,1
0.0625,0.125,0.75,0.9375,0.9375,0.9375,0.053426,0.10559,0.7247,0.92835,0.94657,0.94657
0,0,0,0.27273,0.81818,0.87879,0,0,0,0.27017,0.78169,0.84315
0.10714,0.10714,0.53571,0.92857,1,1,0.038985,0.038985,0.50901,0.89812,1,1
0,0,0,0,0,0,0,0,0,0,0,0
0,0,0.20588,1,1,1,0,0,0.23856,1,1,1
0,0,0,0.72,1,1,0,0,0,0.69101,1,1
0,0,0,0.071429,0.39286,0.5,0,0,0,0.039133,0.4458,0.50449
0,0,0.046512,0.46512,0.93023,1,0,0,0.044276,0.4748,0.96508,1
0,0,0.038462,0.76923,0.84615,0.96154,0,0,0.023022,0.79712,0.88561,0.9705
0.11905,0.21429,0.28571,0.66667,0.95238,0.97619,0.11869,0.28843,0.41365,0.74125,0.9549,0.96855
0,0,0,0,0,0,0,0,0,0,0,0
0,0,0.20513,0.87179,1,1,0,0,0.2409,0.89836,1,1
0.5,0.5,1,0.5,0.5,0.5,0.69531,0.69531,1,0.30469,0.30469,0.30469
0,0,0.041667,0.33333,0.54167,0.75,0,0,0.037037,0.32804,0.5172,0.74603
0,0,0,0,0,0,0,0,0,0,0,0
0.4375,0.5,0.5,0.6875,0.6875,0.6875,0.50298,0.52381,0.52381,0.78497,0.81696,0.81696
0,0,0.25,1,1,1,0,0,0.25688,1,1,1
0,0.22222,0.37037,0.88889,1,1,0,0.22425,0.34057,0.83812,1,1
0,0.14286,0.28571,0.82857,0.97143,1,0,0.14264,0.25243,0.85661,0.98544,1
0.42857,0.46429,0.67857,0.82143,0.89286,0.96429,0.33261,0.34509,0.55128,0.74986,0.9083,0.98318
0,0,0,0.17647,0.52941,0.82353,0,0,0,0.2254,0.54581,0.70868
0.23529,0.23529,0.23529,0.29412,0.35294,0.70588,0.2017,0.2017,0.2017,0.22875,0.29907,0.52782
0,0,0.041667,0.125,0.5,0.79167,0,0,0.039604,0.11457,0.4901,0.76025
0.028571,0.14286,0.22857,0.97143,1,1,0.042247,0.19643,0.26524,0.9743,1,1
0,0,0.029412,0.23529,0.41176,0.5,0,0,0.0136,0.1644,0.4084,0.4696
0,0,0,0.21212,0.90909,1,0,0,0,0.30562,0.91345,1
0,0,0,0,0,0,0,0,0,0,0,0
0,0,0,0.44737,0.92105,1,0,0,0,0.46154,0.94078,1
0,0,0,0.31818,0.68182,0.90909,0,0,0,0.26138,0.67555,0.90117
0,0,0,0.38235,0.94118,0.97059,0,0,0,0.38593,0.96926,0.98222
0.23529,0.35294,0.67647,0.94118,0.88235,0.82353,0.18149,0.26999,0.68014,0.97394,0.89443,0.86208
0.21053,0.26316,0.47368,0.94737,0.94737,0.84211,0.16514,0.1896,0.32339,0.97018,0.97018,0.90138
0,0,0,0,0,0,0,0,0,0,0,0
0,0.065217,0.19565,0.8913,0.97826,1,0,0.078747,0.18345,0.91544,0.98747,1
0,0,0,0.33333,0.74074,1,0,0,0,0.34489,0.85097,1
0,0.027778,0.30556,0.86111,0.97222,1,0,0.0082117,0.31569,0.92427,0.98723,1
0,0,0.17949,0.30769,0.51282,0.76923,0,0,0.25574,0.42654,0.58264,0.80624
0.085714,0.14286,0.22857,0.85714,1,1,0.046602,0.079612,0.14029,0.83398,1,1
0,0,0.12,1,1,1,0,0,0.22548,1,1,1
0,0.027027,0.18919,0.89189,0.97297,1,0,0.012781,0.13178,0.80917,0.9859,1
0,0.028571,0.028571,0.2,0.6,0.85714,0,0.013713,0.013713,0.15876,0.55749,0.86814
1,1,1,1,0,0,1,1,1,1,0,0
0,0,0.17857,0.96429,1,1,0,0,0.19742,0.91136,1,1
0,0,0,0.18182,0.39394,0.90909,0,0,0,0.23609,0.36758,0.90092
0,0,0,0.027027,0.24324,0.54054,0,0,0,0.019813,0.28927,0.54539
0,0,0,0.23077,0.57692,0.96154,0,0,0,0.28279,0.59449,0.98799
0,0,0,0.030303,0.42424,0.54545,0,0,0,0.0079717,0.5155,0.71125
0,0,0,0,0.92683,0.97561,0,0,0,0,0.89077,0.96963
0,0,0,0.068966,0.2069,0.34483,0,0,0,0.095238,0.20592,0.27799
1,1,1,1,0,0,1,1,1,1,0,0
0,0,0,0.045455,0.36364,0.63636,0,0,0,0.017822,0.22904,0.58086
0.64706,0.82353,0.94118,0.76471,0.64706,0.58824,0.72976,0.84413,0.96862,0.80972,0.47571,0.40789
0.14286,0.14286,0.28571,0.28571,0.57143,1,0.20058,0.20058,0.26453,0.26453,0.59302,1
0,0.125,0.58333,0.95833,0.95833,1,0,0.11497,0.61497,0.98071,0.98071,1
0,0,0,0.04,0.12,0.48,0,0,0,0.012297,0.064437,0.46385
0,0,1,1,1,1,0,0,1,1,1,1
0,0.64286,0.78571,0.92857,1,1,0,0.60066,0.77212,0.90597,1,1
0,0,0.02439,0.63415,0.85366,1,0,0,0.015412,0.65654,0.86041,1
0.025,0.025,0.3,0.625,0.95,0.975,0.022342,0.022342,0.24369,0.58626,0.97228,0.98386
0,0,0,0.047619,0.80952,1,0,0,0,0.058862,0.83201,1
0.029412,0.058824,0.14706,0.85294,1,1,0.092808,0.14544,0.2266,0.86822,1,1
0,0.034483,0.13793,0.17241,0.27586,0.41379,0,0.16979,0.22326,0.24198,0.2959,0.46524
0.66667,0.66667,0.66667,0.66667,0.44444,0.44444,0.71948,0.71948,0.71948,0.90044,0.38299,0.38299
0.48889,0.71111,0.97778,1,1,1,0.52579,0.67757,0.94842,1,1,1
0,0,0,0.625,1,1,0,0,0,0.67782,1,1
0,0,0.24138,0.93103,1,1,0,0,0.20555,0.97451,1,1
0,0.04,0.56,1,1,1,0,0.01811,0.52037,1,1,1
0,0.066667,0.13333,0.2,0.73333,0.83333,0,0.055784,0.075975,0.098563,0.76728,0.88125
0.16981,0.37736,0.4717,0.64151,0.69811,0.77358,0.16886,0.34624,0.39582,0.58559,0.69094,0.79318
0,0,0.27778,0.83333,1,1,0,0,0.31843,0.83469,1,1
0.23077,0.23077,0.76923,0.76923,0.76923,0.76923,0.11524,0.11524,0.89007,0.88476,0.88476,0.88476
0,0,0.027027,0.54054,0.91892,1,0,0,0.035491,0.39332,0.93779,1
0,0,0,0,0.22222,0.94444,0,0,0,0,0.18868,0.95519
0,0,0.15385,0.30769,0.46154,1,0,0,0.21325,0.29458,0.33494,1
0,0,0.13953,0.69767,0.93023,1,0,0,0.13189,0.64842,0.93698,1
0.066667,0.13333,0.66667,1,1,1,0.027732,0.061175,0.53752,1,1,1
0,0.085714,0.22857,0.68571,0.97143,1,0,0.051793,0.36653,0.74611,0.98732,1
0.043478,0.043478,0.086957,0.17391,0.3913,0.65217,0.033123,0.033123,0.080442,0.12776,0.4377,0.72792
0,0,0,0.34211,0.97368,1,0,0,0,0.39055,0.99017,1
0.26667,0.26667,0.46667,0.4,0.8,0.73333,0.21798,0.21798,0.41221,0.37998,0.89822,0.78202
0,0.05,0.05,0.2,0.65,0.9,0,0.031205,0.031205,0.25254,0.72206,0.88244
0.21622,0.24324,0.48649,0.83784,0.97297,0.97297,0.13705,0.21314,0.44099,0.83096,0.9853,0.9853
0.02439,0.097561,0.17073,0.92683,1,1,0.017937,0.094918,0.14649,0.92862,1,1
0,0.33333,0.5,0.83333,0.83333,1,0,0.24601,0.46811,0.71526,0.71526,1
0,0,0,0.53846,0.92308,1,0,0,0,0.39562,0.9504,1
1,1,1,1,1,1,1,1,1,1,1,1
0,0.1,0.2,0.4,0.9,1,0,0.044884,0.079208,0.24818,0.68449,1
0,0,0,0,0,0,0,0,0,0,0,0
0,0,0,0,0.44,0.64,0,0,0,0,0.47243,0.6714
0,0,0,0.037037,0.25926,0.55556,0,0,0,0.014163,0.40961,0.78478
0,0,0,0,0,0,0,0,0,0,0,0
0,0,0.041667,0.58333,0.91667,1,0,0,0.034923,0.55281,0.9063,1
1,1,1,1,0.5,0.5,1,1,1,1,0.77381,0.77381
0.90909,0.90909,1,0.81818,0.27273,0.18182,0.92951,0.92951,1,0.78689,0.18689,0.1
0.5,0.75,1,1,0.75,0.75,0.57143,0.93506,1,1,0.72208,0.72208
0,0,0,0,0,0,0,0,0,0,0,0
0.1,0.4,0.7,1,1,1,0.082418,0.51923,0.75549,1,1,1
0,0,0,0,0.44,0.64,0,0,0,0,0.32496,0.64799
0,0.18605,0.72093,1,1,1,0,0.1643,0.70711,1,1,1
0,0,0.23256,0.76744,0.97674,1,0,0,0.19413,0.82077,0.98467,1
0.625,0.9375,0.9375,0.75,0.6875,0.6875,0.6381,0.95429,0.95429,0.74476,0.69143,0.69143
0,0,0,1,1,1,0,0,0,1,1,1
0.78125,0.8125,1,0.59375,0.3125,0.3125,0.6996,0.74061,1,0.63951,0.40901,0.40901
0,0,1,1,1,1,0,0,1,1,1,1
0,0,0,0.028571,0.34286,0.71429,0,0,0,0.066327,0.31122,0.76203
0,0.052632,0.13158,0.36842,0.78947,0.89474,0,0.062558,0.13948,0.41242,0.85867,0.94393
0.7,0.85,0.95,0.9,0.65,0.6,0.53008,0.61203,0.82676,0.9388,0.69502,0.67012
0,0,0,0.037037,0.11111,0.37037,0,0,0,0.012076,0.054343,0.2615
0.090909,0.21212,0.42424,0.66667,0.87879,0.90909,0.067152,0.15501,0.41858,0.70062,0.90935,0.93285
0,0,0,0.36364,0.78788,0.87879,0,0,0,0.40607,0.72789,0.79444
0,0,0.0625,0.52083,0.83333,0.97917,0,0,0.043953,0.46455,0.75265,0.94257
0,0,0.22857,0.65714,0.91429,0.97143,0,0,0.37649,0.6454,0.92339,0.94778
0,0,0.15,0.85,1,1,0,0,0.39546,0.87627,1,1
0,0,0.75,1,1,1,0,0,0.87045,1,1,1
0,0,0.11538,0.69231,1,1,0,0,0.096603,0.65637,1,1
0,0,0,0.62963,1,1,0,0,0,0.63855,1,1
0.78947,0.84211,0.84211,0.42105,0.31579,0.26316,0.56643,0.58725,0.58725,0.58503,0.46103,0.44996
0,0,0.038462,0.076923,0.38462,0.65385,0,0,0.020661,0.053719,0.34793,0.65124
0,0,0.125,0.625,1,1,0,0,0.23338,0.54274,1,1
0.71429,0.78571,0.85714,0.85714,0.78571,0.78571,0.41973,0.43833,0.44885,0.44885,0.94298,0.94298
0,0.041667,0.25,0.79167,1,1,0,0.05379,0.37408,0.81785,1,1
0,0,0,0.071429,0.45238,0.66667,0,0,0,0.046669,0.43131,0.65563
0,0.055556,0.55556,0.88889,1,1,0,0.062159,0.52456,0.96275,1,1
0.11111,0.11111,0.61111,0.83333,0.88889,1,0.073239,0.073239,0.67418,0.88169,0.92207,1
0,0,0.5,1,1,1,0,0,0.38024,1,1,1
0,0.060606,0.060606,0.36364,0.60606,0.78788,0,0.040693,0.040693,0.38508,0.72909,0.82743
0,0,0,0.083333,0.75,0.86111,0,0,0,0.05806,0.72814,0.83675
0,0,0,0.28571,0.85714,1,0,0,0,0.21811,0.93221,1
0,0,0.05,0.85,1,1,0,0,0.010586,0.84718,1,1
0,0,0,0.14706,0.58824,0.85294,0,0,0,0.16163,0.59297,0.86235
0,0,0,0,0,0,0,0,0,0,0,0
0.02439,0.2439,0.46341,0.82927,1,1,0.033654,0.30658,0.5037,0.84357,1,1
0,0,1,1,1,1,0,0,1,1,1,1
0,0,0,0.1875,0.375,0.5625,0,0,0,0.13941,0.34758,0.61338
0,0.047619,0.14286,0.19048,0.7619,0.7619,0,0.035613,0.10541,0.17094,0.81054,0.81054
0,0,0,0.071429,0.35714,0.42857,0,0,0,0.08371,0.30769,0.35747
0,0,0.058824,0.35294,0.35294,0.64706,0,0,0.037702,0.29264,0.29264,0.57899
0,0,0,0.18,0.66,0.9,0,0,0,0.18318,0.63992,0.88451
0.37838,0.67568,0.83784,1,1,0.97297,0.41394,0.70265,0.8575,1,1,0.98088
1,1,0.85714,0.42857,0.42857,0.42857,1,1,0.95522,0.76306,0.76306,0.76306
0.875,0.875,0.875,0,0.125,0.125,0.60142,0.60142,0.60142,0,0.39858,0.39858
0,0,0.48649,0.91892,1,1,0,0,0.45872,0.93616,1,1
0,0,0.1,0.95,1,1,0,0,0.16302,0.9662,1,1
0,0.055556,0.055556,0.16667,0.61111,0.77778,0,0.052813,0.052813,0.13203,0.55109,0.74971
0,0,0,0.022222,0.42222,0.84444,0,0,0,0.0091371,0.36988,0.83926
0.14286,0.19048,0.19048,0.33333,0.52381,0.71429,0.048646,0.071214,0.071214,0.14293,0.2653,0.6324
0,0,0.076923,0.98077,1,1,0,0,0.06702,0.96971,1,1
0.064516,0.3871,0.3871,0.58065,0.58065,0.64516,0.076446,0.35262,0.35262,0.49656,0.46901,0.55716
0.052632,0.052632,0.15789,0.84211,0.94737,0.94737,0.022438,0.022438,0.10172,0.9267,0.97756,0.97756
0.052632,0.10526,0.10526,0.13158,0.13158,0.73684,0.037663,0.093005,0.093005,0.11914,0.11914,0.73559
0,0.052632,0.052632,0.78947,1,1,0,0.040847,0.040847,0.80484,1,1
0,0.045455,0.090909,0.68182,1,1,0,0.037184,0.17798,0.71949,1,1
0,0,0.058824,0.61765,0.88235,1,0,0,0.038203,0.69395,0.92905,1
0,0.069767,0.27907,0.83721,0.97674,1,0,0.14696,0.32512,0.84031,0.97537,1
0,0.0625,0.28125,1,1,1,0,0.027819,0.27869,1,1,1
0,0,0,0.087719,0.4386,0.89474,0,0,0,0.10811,0.4772,0.89316
0.30769,0.30769,0.30769,0.61538,0.46154,0.69231,0.30638,0.30638,0.30638,0.60964,0.479,0.69362
0,0,0,0.24324,0.56757,0.7027,0,0,0,0.3863,0.61939,0.69509
0,0.029412,0.26471,0.55882,0.97059,1,0,0.026102,0.34513,0.61311,0.97564,1
0.25,0.25,0.25,0.75,0.75,0.75,0.20623,0.20623,0.20623,0.79377,0.79377,0.79377
0.8,1,1,1,0.5,0.4,0.90655,1,1,1,0.34345,0.23908
0,0,0,0.32143,0.78571,0.92857,0,0,0,0.33446,0.78567,0.96785
0,0,0,0.8,0.8,1,0,0,0,0.92031,0.92031,1
0.1875,0.1875,0.4375,0.5,0.75,0.8125,0.063274,0.063274,0.22008,0.4608,0.89546,0.93673
0,0,0.027778,0.19444,0.77778,0.97222,0,0,0.02148,0.23926,0.79057,0.96778
0.66667,0.66667,0.66667,0.66667,0.66667,0.66667,0.77143,0.77143,0.77143,0.8,0.8,0.8
0,0.02381,0.28571,0.78571,1,1,0,0.020796,0.23593,0.72822,1,1
0,0,0.27273,0.63636,0.81818,1,0,0,0.25449,0.65253,0.85644,1
0,0,0,0.2381,0.90476,1,0,0,0,0.334,0.95557,1
0.052632,0.052632,0.23684,0.86842,0.94737,0.97368,0.042576,0.042576,0.17904,0.87172,0.95852,0.97162
1,1,1,0.8,0.2,0,1,1,1,0.7268,0.22165,0
0,0,0,0.3125,0.75,0.875,0,0,0,0.23573,0.76179,0.8933
0,0,0.5,0.875,1,1,0,0,0.4816,0.92638,1,1
0.027027,0.027027,0.054054,0.18919,0.62162,0.78378,0.028646,0.028646,0.041146,0.16406,0.58854,0.75625
0,0,0,0,0,0,0,0,0,0,0,0
0,0,0.095238,0.33333,0.85714,1,0,0,0.054223,0.28023,0.90067,1
0,0.16667,0.60417,0.97917,1,1,0,0.1755,0.55452,0.97013,1,1
0,0.088235,0.29412,0.88235,1,1,0,0.11098,0.28811,0.93159,1,1
0,0,0,0.25,0.25,0.5,0,0,0,0.41451,0.41451,0.58031
0,1,1,1,1,1,0,1,1,1,1,1
0,0,0,0,0.6,1,0,0,0,0,0.7076,1
0.2,0.35,0.6,1,1,1,0.30467,0.53177,0.76907,1,1,1
0,0.02381,0.047619,0.35714,0.71429,0.83333,0,0.023825,0.038385,0.37591,0.7366,0.88154
0.125,0.25,0.6875,1,1,1,0.33956,0.41978,0.8033,1,1,1
0,0,0,0,0,0,0,0,0,0,0,0
0,0,0,0,0,0,0,0,0,0,0,0
0.45455,0.77273,0.86364,0.86364,0.72727,0.72727,0.49901,0.73562,0.78057,0.79445,0.66226,0.66226
0.026316,0.36842,0.71053,1,1,1,0.014534,0.37586,0.75252,1,1,1
0,0,0,0.1129,0.77419,1,0,0,0,0.1034,0.79457,1
0,0,0,0,0,0,0,0,0,0,0,0
0,0,0,0.16667,0.66667,0.95833,0,0,0,0.14918,0.60865,0.9816
0,0,0,0.25,0.84375,0.90625,0,0,0,0.2234,0.89511,0.94049
0,0,0,0.65217,0.91304,1,0,0,0,0.55447,0.88067,1
0,0,0.030303,0.75758,1,1,0,0,0.043894,0.75914,1,1
0.027778,0.055556,0.13889,0.27778,0.47222,0.66667,0.013717,0.032301,0.10929,0.19248,0.43142,0.60929
0,0,0,0.57143,0.85714,1,0,0,0,0.48762,0.78471,1
0,0.020408,0.20408,0.91837,1,1,0,0.016267,0.17934,0.93209,1,1
0.7,0.8,0.9,0.7,0.5,0.5,0.73628,0.80177,0.94336,0.62478,0.3823,0.3823
0.5,0.5,0.75,0.5,0.5,0.5,0.36574,0.36574,0.58796,0.63426,0.63426,0.63426
0.375,0.375,0.75,1,0.625,0.625,0.25694,0.25694,0.61438,1,0.74306,0.74306
0,0,0,0.068966,0.068966,0.27586,0,0,0,0.084687,0.084687,0.32841
0,0,0.13514,0.94595,1,1,0,0,0.10608,0.96866,1,1
0.5,0.625,0.875,0.375,0.5,0.5,0.45317,0.58402,0.74242,0.28926,0.54683,0.54683
0.33333,0.33333,0.33333,0.66667,0.66667,0.66667,0.15497,0.15497,0.15497,0.70175,0.70175,0.70175
0.066667,0.066667,0.2,0.53333,1,1,0.030278,0.030278,0.15712,0.66694,1,1
0,0,0.14286,0.66667,1,1,0,0,0.095385,0.65785,1,1
0,0,0,0,0,0,0,0,0,0,0,0
0,0,0.5,0.5,0.91667,1,0,0,0.41839,0.41839,0.94841,1
0,0,0,0.41176,0.97059,0.97059,0,0,0,0.3632,0.98563,0.98563
0,0,1,1,1,1,0,0,1,1,1,1
0.38462,0.38462,0.92308,0.61538,0.61538,0.61538,0.38431,0.38431,0.9065,0.61569,0.61569,0.61569
0,0,0,0,0,0,0,0,0,0,0,0
0,0,0,0,1,1,0,0,0,0,1,1
0.77778,0.77778,0.88889,0.55556,0.33333,0.33333,0.92239,0.92239,0.94608,0.59232,0.20507,0.20507
0,0,0.16667,0.58333,0.91667,1,0,0,0.12203,0.47881,0.87542,1
0,0,0,0.75,1,1,0,0,0,0.73547,1,1
